{"type": "FeatureCollection", "features": [{"type": "Feature", "properties": {"sgg": "28125", "name": "제물포구", "sidonm": "인천광역시"}, "geometry": {"type": "Polygon", "coordinates": [[[126.63943830689072, 37.46369614942418], [126.63757991372344, 37.459933673952925], [126.63401086850746, 37.45556572054968], [126.62917308872923, 37.45225713924061], [126.63151797018439, 37.4422650251574], [126.6326198750204, 37.44153161850129], [126.6349651155137, 37.4300263755181], [126.61020274749306, 37.43013858380908], [126.6117613897166, 37.433275257013065], [126.61321451912654, 37.43457729472217], [126.612706649128, 37.43504445024482], [126.61419491949964, 37.43773299194233], [126.60813798082538, 37.44062839557974], [126.61060032999373, 37.444308526715], [126.61659572140067, 37.441786078762625], [126.61817781839137, 37.44436866412506], [126.60982950774535, 37.44766014816201], [126.61290567813512, 37.452683931165886], [126.61064119622702, 37.45348853759307], [126.60098784097232, 37.43837340890168], [126.5971153550925, 37.43839305619905], [126.59641777472754, 37.44134243760005], [126.59293509597005, 37.44131828196631], [126.59288459914197, 37.4506039023345], [126.59625595826635, 37.45075615779219], [126.59633829906441, 37.45118071058711], [126.59330424255485, 37.45493393547182], [126.59431995773842, 37.45560829700612], [126.5968500290383, 37.45491082895164], [126.60180147227085, 37.4572579501817], [126.59997409843213, 37.45915836003808], [126.59701570753413, 37.45706513359995], [126.5947140703766, 37.456492310144704], [126.59257992707012, 37.457720709549065], [126.59359377108103, 37.45874812442016], [126.59316780411487, 37.463724961686445], [126.59967023793898, 37.465499064176164], [126.60483171618, 37.464554045239645], [126.60271100027727, 37.46089668267479], [126.60336123235359, 37.46015671010815], [126.61213197121678, 37.46243149435726], [126.62394307220958, 37.45786170667778], [126.62499892406643, 37.459069898106996], [126.61950107119394, 37.461209939716205], [126.61983762685982, 37.46191372919944], [126.61419948429504, 37.46409359003799], [126.61418663720876, 37.46777772305542], [126.61625425532335, 37.46991668739128], [126.61550480037701, 37.47023685551975], [126.61234447079873, 37.47701319216434], [126.60997933222184, 37.47636364775749], [126.61111527237941, 37.47391720778891], [126.60950592313486, 37.47350350892899], [126.60836974561153, 37.47598882174235], [126.6070531575524, 37.475614970917555], [126.60993255239332, 37.46915608206985], [126.6079976604742, 37.46719433786704], [126.60557467972733, 37.46623530795423], [126.603271172698, 37.46552239250153], [126.5999954032197, 37.466101480446454], [126.59746728069993, 37.46988398107081], [126.59582356195679, 37.47059755125973], [126.59557676049808, 37.471848088243725], [126.597669493736, 37.47733923298461], [126.60054048016944, 37.481530811514915], [126.60624481827791, 37.48630422346441], [126.60807918644205, 37.48681537421753], [126.60984900737473, 37.48293780539693], [126.60456545072745, 37.48130061757765], [126.6050962592342, 37.48017043909651], [126.61199626752607, 37.48214382492447], [126.61365320117619, 37.47889272839066], [126.61415524175078, 37.47906854358207], [126.61273859579616, 37.482372664380776], [126.61677144335242, 37.4835899525805], [126.61885376037854, 37.485474730847365], [126.61164899130446, 37.48347586210087], [126.60982327288986, 37.48739842738111], [126.61617035947936, 37.48978986975806], [126.62627658529645, 37.49253972811873], [126.62736555683482, 37.491459778180705], [126.62689159942073, 37.490614434808634], [126.63205126135979, 37.48770446927526], [126.62744765914306, 37.49324937875424], [126.63206713101566, 37.493554410867304], [126.64076302099006, 37.49587372507507], [126.65336587233527, 37.48929048411797], [126.66358953161519, 37.483265923099246], [126.67100077934606, 37.47778426793265], [126.67047992053033, 37.47684733120229], [126.65890849566794, 37.48268008979752], [126.65495505669722, 37.48405892673163], [126.6529462005097, 37.4816945786769], [126.65282911498339, 37.47986763466722], [126.65434234405971, 37.47846960897779], [126.65130423224458, 37.47448738660033], [126.65262017230957, 37.47323428024863], [126.65241998745306, 37.47051199810634], [126.65029161922291, 37.469511907845956], [126.64554603763777, 37.46994522398816], [126.64450279321886, 37.4695992255254], [126.64208823720253, 37.46758144854193], [126.64214797870675, 37.46503811370465], [126.63943830689072, 37.46369614942418]]]}}, {"type": "Feature", "properties": {"sgg": "28155", "name": "영종구", "sidonm": "인천광역시"}, "geometry": {"type": "MultiPolygon", "coordinates": [[[[126.44004928556528, 37.36025911149777], [126.43933017331028, 37.36176699407025], [126.44145947679819, 37.36202231638196], [126.44222392485219, 37.361543654286315], [126.44137955166087, 37.36023126096234], [126.44004928556528, 37.36025911149777]]], [[[126.4405787298044, 37.370782773142025], [126.43981051387992, 37.371777059888664], [126.44127993096723, 37.374191327276016], [126.44351532026117, 37.37489988427591], [126.44633617706836, 37.37501552320931], [126.44658895786309, 37.371539057226606], [126.44583473756532, 37.37073044526678], [126.44311378862247, 37.37008353460816], [126.4405787298044, 37.370782773142025]]], [[[126.41432822826616, 37.40685284529422], [126.41362412808822, 37.405128350879444], [126.41460847932399, 37.403487097294516], [126.42247899302599, 37.40154285672764], [126.42313711067098, 37.39807616275977], [126.42770862005712, 37.39428950913632], [126.42988470577721, 37.39124365588171], [126.43166068458612, 37.38990012741952], [126.43527446335081, 37.38941615200769], [126.44104019799677, 37.38564475128506], [126.44174566423773, 37.384370241792666], [126.44168693813336, 37.38213705356865], [126.44122998151693, 37.38127217414299], [126.43780348238441, 37.381003763151554], [126.43519325988898, 37.381707200503264], [126.43514980419707, 37.38079630712964], [126.43629197257049, 37.37955119351167], [126.43990212945617, 37.37885966935716], [126.4404855639398, 37.378232548401236], [126.44026474032275, 37.37672302871056], [126.43947211670958, 37.37574085023877], [126.43592612067444, 37.37463958179781], [126.43458246828246, 37.37490238957324], [126.43351880808738, 37.37418998494193], [126.43344743229905, 37.37158655454839], [126.43496899442054, 37.370325540039694], [126.43352043909293, 37.368500649723], [126.42587559345624, 37.36796202285259], [126.41771575440393, 37.365274462006894], [126.41536210237672, 37.3653550167914], [126.41321868658758, 37.36625111718643], [126.40705598480838, 37.372718922581754], [126.40850645883009, 37.374317949039074], [126.40911993465701, 37.37650845541433], [126.4080835824468, 37.3799402777618], [126.40822602109296, 37.38501006711649], [126.40734562649035, 37.38811790982515], [126.40427312981386, 37.391458139398395], [126.40295725819915, 37.39175677992461], [126.39781052242432, 37.39084817121355], [126.39644278546207, 37.39121978148172], [126.39591471858964, 37.39258610620463], [126.39670382730465, 37.39405285945866], [126.40058889107864, 37.39656900199042], [126.40163095891505, 37.398621156340894], [126.40045552816163, 37.40045601865694], [126.40111421631325, 37.40259522276429], [126.40309844662899, 37.40445638908813], [126.40459660846795, 37.407084739052465], [126.40451099064619, 37.40802422069651], [126.40301077476022, 37.40850927234614], [126.40237710799688, 37.40968760212863], [126.407249252123, 37.413211751858405], [126.40799557190563, 37.413336350325004], [126.41097251555, 37.41211186086895], [126.41400241216724, 37.40927497897223], [126.41432822826616, 37.40685284529422]]], [[[126.38921672519037, 37.3963298308996], [126.38877406560921, 37.3985897904102], [126.38949323412382, 37.40266577968682], [126.39329446633802, 37.40499393847029], [126.39661721883157, 37.40507836132436], [126.39725414757444, 37.40241210071412], [126.39689800435964, 37.40195794731308], [126.39455996077838, 37.40074941293028], [126.39074513742881, 37.395863461776486], [126.38921672519037, 37.3963298308996]]], [[[126.44135904634076, 37.405456031707814], [126.44194328663805, 37.40482187618379], [126.44060125084478, 37.40347453537598], [126.43769419884401, 37.40381792655049], [126.43537275821181, 37.40493258435093], [126.43248261579517, 37.40451957030372], [126.4363224255294, 37.40619526598303], [126.43820822165259, 37.4054739816505], [126.44135904634076, 37.405456031707814]]], [[[126.4163251510668, 37.419714320541026], [126.41690314198318, 37.41710471065453], [126.4165364780869, 37.41665681842643], [126.41325943062192, 37.415899944189974], [126.41212364833254, 37.41682350719685], [126.41223131901435, 37.42022028223496], [126.4130632183797, 37.42031698399536], [126.41450483120146, 37.41958197347514], [126.4163251510668, 37.419714320541026]]], [[[126.42252286379166, 37.42116841962227], [126.41960665166819, 37.42150011334916], [126.41956970739149, 37.423537042463984], [126.41866822158538, 37.42684449231996], [126.4155837262326, 37.432465166116145], [126.41313619883276, 37.43522522637985], [126.4093146626596, 37.43795975350066], [126.40790949698525, 37.438320979464166], [126.40620955593576, 37.43802435054289], [126.40479708083274, 37.43531462863467], [126.40160639415807, 37.43310254733169], [126.3996778497408, 37.43407766254696], [126.3998179518079, 37.43531452106145], [126.40210394431635, 37.43775916392757], [126.4041447651119, 37.438970242277655], [126.40399851410854, 37.43974009682649], [126.39999960368289, 37.44370810997527], [126.39528821889992, 37.44608546632017], [126.3906047460956, 37.44352783656614], [126.38968725365632, 37.44075564215493], [126.38713568900727, 37.44013189373448], [126.383918631622, 37.44021309107624], [126.38054783475016, 37.439069227125465], [126.38216197902109, 37.43578020420001], [126.38186919355017, 37.43501781243836], [126.38095688396189, 37.43461973434796], [126.38013755197612, 37.43504524923172], [126.37833449340805, 37.439725632742416], [126.37645858578084, 37.441198932962436], [126.37299844420441, 37.440356428968265], [126.36753102147682, 37.44075400014206], [126.36408579418737, 37.44165377585744], [126.3639661894674, 37.44220644953849], [126.36524923395717, 37.44314784967976], [126.36777400025198, 37.44433986854087], [126.37058232437779, 37.44370817382429], [126.37186208686678, 37.44435842669652], [126.3722772606935, 37.445147338774326], [126.37221465201107, 37.44687659709217], [126.37050216149892, 37.4485632823867], [126.36974786309236, 37.45396011490774], [126.3684903597853, 37.45627725355079], [126.36635203322977, 37.4573938588067], [126.36528646563582, 37.45746564461682], [126.36574870362611, 37.45623704217313], [126.36479543526323, 37.45595795866167], [126.36106256378726, 37.45725572304512], [126.35658015429905, 37.46260238813307], [126.35565820766367, 37.4673487633414], [126.35625240947226, 37.4695713295232], [126.35895762717139, 37.47065456485755], [126.3592894036774, 37.47320542062171], [126.36472102917169, 37.47469232214677], [126.36889774676965, 37.473866371716426], [126.37341921543496, 37.47213277072041], [126.42747235558744, 37.5018495675091], [126.43217335665307, 37.50391953636947], [126.45761142812222, 37.49974877368161], [126.46454241949816, 37.49947399938031], [126.47010004826087, 37.50287033304487], [126.48298708311133, 37.50419930870836], [126.49045511096267, 37.50990162584326], [126.49406995865155, 37.516199894417014], [126.49534818308936, 37.52647219108536], [126.4983927427595, 37.53184846683009], [126.51377682010217, 37.53497770515296], [126.52090838389182, 37.53393430191805], [126.52634175814755, 37.52736712792503], [126.54388628608682, 37.52360552156658], [126.55527934185403, 37.51797935021267], [126.56433204030864, 37.514460892826236], [126.5691104790435, 37.507801112625955], [126.57183468347709, 37.50617754030315], [126.57387843771423, 37.50589983057523], [126.57667808189674, 37.503725437773625], [126.57640870355641, 37.50272818878109], [126.57884330155716, 37.49793733593456], [126.5804168410157, 37.4934421749663], [126.57948870785567, 37.49224467352489], [126.58043346710234, 37.492086174671016], [126.5807946638949, 37.49258655832026], [126.58285181284452, 37.491578132294904], [126.58225548235175, 37.49128081142237], [126.58233543698441, 37.4897496881683], [126.58137691528711, 37.49003492812498], [126.57802488802689, 37.4888087862631], [126.57743279835603, 37.48817000237851], [126.57647560033834, 37.48834789339086], [126.56936673394472, 37.48401883242988], [126.56729655596531, 37.48115365654839], [126.56483609796068, 37.479621115461775], [126.55037003137926, 37.47638763200997], [126.53730719561096, 37.47582612360683], [126.52114635669643, 37.46913941961973], [126.50734573508326, 37.46580948593884], [126.49616382660763, 37.44820679308625], [126.47790691117842, 37.440835754666054], [126.44262261640418, 37.421135410016554], [126.44092393679331, 37.42086417856631], [126.42769739615417, 37.422946352490136], [126.42252286379166, 37.42116841962227]]], [[[126.48632377386993, 37.516436395411084], [126.48651564454117, 37.517153851906805], [126.4887716393094, 37.517472191922096], [126.48971828191144, 37.51716165995303], [126.4894746656936, 37.51644072826286], [126.48778124199866, 37.51547362435592], [126.48683012221882, 37.51566537789128], [126.48632377386993, 37.516436395411084]]], [[[126.51309872229054, 37.35946226388913], [126.5126652748572, 37.35716219889947], [126.50982996976917, 37.357337687027346], [126.50955919499678, 37.35840004346341], [126.50993291109684, 37.3595092732528], [126.51309872229054, 37.35946226388913]]], [[[126.58644714661374, 37.49622257373288], [126.58530871914633, 37.49809125004919], [126.58891300913528, 37.49894192535726], [126.59200629565284, 37.49679324616103], [126.59177434333401, 37.496180450755126], [126.59080070405138, 37.49586196514351], [126.58644714661374, 37.49622257373288]]], [[[126.5783239538227, 37.525360621674714], [126.57593941043146, 37.52738119442713], [126.57230066620313, 37.52852051290272], [126.57183630531648, 37.529304649388955], [126.57349186363398, 37.530253955874905], [126.57483455059406, 37.530237982667835], [126.57932291248015, 37.52702969465533], [126.58041828255385, 37.52562845889848], [126.57975077633752, 37.52491499758237], [126.5783239538227, 37.525360621674714]]], [[[126.57350961637022, 37.53472457895946], [126.5735699010843, 37.53576754985604], [126.57437134329275, 37.536478056158934], [126.57585065369527, 37.53609447345258], [126.57528964709967, 37.534424304277486], [126.57350961637022, 37.53472457895946]]], [[[126.57181866983686, 37.539921634470375], [126.57186999703336, 37.54055289845446], [126.57349226841997, 37.54187982534445], [126.57534948093529, 37.542768824843954], [126.57743706618308, 37.541962560086134], [126.57807396745314, 37.540865269339044], [126.57761305964425, 37.537947202146995], [126.57571310607085, 37.53719208277668], [126.57419129491372, 37.537872176270696], [126.57181866983686, 37.539921634470375]]], [[[126.57718944082711, 37.54709255893631], [126.57801823757514, 37.54762317275738], [126.57882742662163, 37.54737184288311], [126.58016255782425, 37.54556095087789], [126.57989527798763, 37.54454616058706], [126.5790190758399, 37.5447075788294], [126.57722534421575, 37.54649705557403], [126.57718944082711, 37.54709255893631]]], [[[126.58659121285541, 37.549799173297906], [126.58810639560251, 37.549570014144756], [126.59034695265343, 37.547734649535776], [126.5874675368617, 37.544566456592165], [126.58402752220645, 37.54855855178424], [126.58659121285541, 37.549799173297906]]]]}}, {"type": "Feature", "properties": {"sgg": "28177", "name": "미추홀구", "sidonm": "인천광역시"}, "geometry": {"type": "Polygon", "coordinates": [[[126.67511572436092, 37.43028217751968], [126.66928832350746, 37.432407753808086], [126.66497498610092, 37.43334840834511], [126.66053827334147, 37.435492486052716], [126.64812957985045, 37.43512101062688], [126.6469614695387, 37.43456613778547], [126.64585379459274, 37.43273613057863], [126.64466154138017, 37.431808118677516], [126.64058778263266, 37.43045936503972], [126.63724252800662, 37.43056091179215], [126.63589422987681, 37.431388015017106], [126.6346759165485, 37.43100284075859], [126.6326198750204, 37.44153161850129], [126.63151797018439, 37.4422650251574], [126.62925041691015, 37.45246544959539], [126.63401086850746, 37.45556572054968], [126.63757991372344, 37.459933673952925], [126.63912735245138, 37.46346370959401], [126.64214797870675, 37.46503811370465], [126.64208823720253, 37.46758144854193], [126.6427891469966, 37.46848621129793], [126.64554603763777, 37.46994522398816], [126.65029161922291, 37.469511907845956], [126.65241998745306, 37.47051199810634], [126.65262017230957, 37.47323428024863], [126.65130423224458, 37.47448738660033], [126.65434234405971, 37.47846960897779], [126.65282911498339, 37.47986763466722], [126.6529462005097, 37.4816945786769], [126.65499646601283, 37.48407524069162], [126.65890849566794, 37.48268008979752], [126.67047992053033, 37.47684733120229], [126.68115105841906, 37.4737452151645], [126.68404129040577, 37.47334788579891], [126.686051342534, 37.47201713580263], [126.68436298389571, 37.469530439604476], [126.68724338632971, 37.46896931511918], [126.68679553708562, 37.46621002484802], [126.69278791426511, 37.465514162629475], [126.69294222270662, 37.4647163289357], [126.6972448321234, 37.46128514648028], [126.69524360469026, 37.460326975359976], [126.69466960674505, 37.458808640074295], [126.69451225670907, 37.45607405140509], [126.69504154585968, 37.455662738583534], [126.6942879292664, 37.451496927304206], [126.69261121001747, 37.4505388386182], [126.69288307652737, 37.448233782743685], [126.69408665504292, 37.44716028212719], [126.69342469121243, 37.446640070687685], [126.69581320715496, 37.44486888901262], [126.70287705488356, 37.44276502359966], [126.7023583271668, 37.43887029679279], [126.69493451816943, 37.438771233742834], [126.69612880727288, 37.437026570345125], [126.69669059297742, 37.43339871875893], [126.68717249263021, 37.433177177269705], [126.68559052438675, 37.430189538498254], [126.67706523743243, 37.43150189172182], [126.67511572436092, 37.43028217751968]]]}}, {"type": "Feature", "properties": {"sgg": "28185", "name": "연수구", "sidonm": "인천광역시"}, "geometry": {"type": "Polygon", "coordinates": [[[126.67449622813152, 37.38911251801248], [126.71026488035226, 37.383161237568], [126.7098852016156, 37.38157294345767], [126.71140063681531, 37.381049739231955], [126.71770758982142, 37.3811085821697], [126.71607983277796, 37.380414191634436], [126.71593213361798, 37.37907257252023], [126.66106887302728, 37.343249576852855], [126.61730674609542, 37.34285160058837], [126.61726751117966, 37.34732093576484], [126.58461496792053, 37.3473816346601], [126.58452752586668, 37.35466406674053], [126.60734713429633, 37.354819645069306], [126.61190843388417, 37.35530975179463], [126.62473296440598, 37.37414507384809], [126.6160745662722, 37.37925217197789], [126.60987450359247, 37.387161802499975], [126.6097197251198, 37.416051269203535], [126.59681603837616, 37.41595338723437], [126.5902939571556, 37.41913553499486], [126.58981373154339, 37.43305495803859], [126.60790568612234, 37.42707666136224], [126.61089887953172, 37.427049487968304], [126.610871917494, 37.42991810641341], [126.6349651155137, 37.4300263755181], [126.6346759165485, 37.43100284075859], [126.63589422987681, 37.431388015017106], [126.63724252800662, 37.43056091179215], [126.64058778263266, 37.43045936503972], [126.64466154138017, 37.431808118677516], [126.64585379459274, 37.43273613057863], [126.6469614695387, 37.43456613778547], [126.64812957985045, 37.43512101062688], [126.65420407768171, 37.435426381286874], [126.66053827334147, 37.435492486052716], [126.66497498610092, 37.43334840834511], [126.66928832350746, 37.432407753808086], [126.67511572436092, 37.43028217751968], [126.67706523743243, 37.43150189172182], [126.68559052438675, 37.430189538498254], [126.68717249263021, 37.433177177269705], [126.69669059297742, 37.43339871875893], [126.69612880727288, 37.437026570345125], [126.69493451816943, 37.438771233742834], [126.70463048913281, 37.43884445868292], [126.70490456344413, 37.43659640316128], [126.70620383821364, 37.43414555818212], [126.70535262829905, 37.42733146079566], [126.70428897765655, 37.42512298743439], [126.69866298788101, 37.41948645373728], [126.6876461968309, 37.41123156051072], [126.68441214036741, 37.404598285708005], [126.67801603129024, 37.40141977555815], [126.66777758566461, 37.39230177376757], [126.67183094354286, 37.389891762804176], [126.67449622813152, 37.38911251801248]]]}}, {"type": "Feature", "properties": {"sgg": "28200", "name": "남동구", "sidonm": "인천광역시"}, "geometry": {"type": "Polygon", "coordinates": [[[126.73654154837307, 37.39542661589188], [126.72685588727633, 37.38589607011347], [126.72091453803047, 37.38113838031275], [126.71140063681531, 37.381049739231955], [126.7098852016156, 37.38157294345767], [126.71026488035226, 37.383161237568], [126.67298319502989, 37.389422982466584], [126.66777758566461, 37.39230177376757], [126.67801603129024, 37.40141977555815], [126.68441214036741, 37.404598285708005], [126.68534305665528, 37.40586832888201], [126.68727123577757, 37.4108351889537], [126.69866298788101, 37.41948645373728], [126.70412387602397, 37.42491925039358], [126.70527523773389, 37.426983397872284], [126.70620383821364, 37.43414555818212], [126.70490456344413, 37.43659640316128], [126.70463048913281, 37.43884445868292], [126.7023583271668, 37.43887029679279], [126.70287705488356, 37.44276502359966], [126.69581320715496, 37.44486888901262], [126.69342469121243, 37.446640070687685], [126.69408665504292, 37.44716028212719], [126.69288307652737, 37.448233782743685], [126.69261121001747, 37.4505388386182], [126.6942879292664, 37.451496927304206], [126.69504154585968, 37.455662738583534], [126.69451225670907, 37.45607405140509], [126.69466960674505, 37.458808640074295], [126.69524360469026, 37.460326975359976], [126.6972448321234, 37.46128514648028], [126.69294222270662, 37.4647163289357], [126.69278791426511, 37.465514162629475], [126.68679553708562, 37.46621002484802], [126.68724338632971, 37.46896931511918], [126.68436298389571, 37.469530439604476], [126.686051342534, 37.47201713580263], [126.6883007866885, 37.470768451822615], [126.69070471931208, 37.470630768813194], [126.69266537477706, 37.46968325937275], [126.69338700472615, 37.469940497620115], [126.69760502897284, 37.46808665209722], [126.70328776620028, 37.46791648654515], [126.70663025109272, 37.46935580029068], [126.70797741164856, 37.46933130065613], [126.70806232293656, 37.47100913718912], [126.71093599423575, 37.47962443150252], [126.7126524166381, 37.476400357739884], [126.71630808544279, 37.47622375349752], [126.71968066661137, 37.47362467262391], [126.72285434694525, 37.470271748636925], [126.7270030669771, 37.47030632757158], [126.72828338936728, 37.47185297051772], [126.73054014732398, 37.472528545467085], [126.73228540750023, 37.471592038795485], [126.73567648425144, 37.47082832108422], [126.7384690510795, 37.47089550472166], [126.74194611817525, 37.4691522465702], [126.74604702519856, 37.46481791340527], [126.74871000216646, 37.46585451152616], [126.75172113172137, 37.46519863093183], [126.75452305096707, 37.46573173940609], [126.75693533070155, 37.46917452182041], [126.76263303947525, 37.47023941470993], [126.7664417151138, 37.469897037210245], [126.76774170110463, 37.471761614987166], [126.77156333055072, 37.47184698511173], [126.77187771895562, 37.472357973155304], [126.77295909212032, 37.472305895434296], [126.77456443819783, 37.471415134965206], [126.77709618918445, 37.47220891147015], [126.77822709716354, 37.47179487957215], [126.77795621966149, 37.46999707437676], [126.77942109854247, 37.46837930960338], [126.77984193551697, 37.46579138667863], [126.77744777918323, 37.45751850443531], [126.77829432721298, 37.45507784290576], [126.77976935646252, 37.454325945045106], [126.77831583751951, 37.450789381866805], [126.7717375779374, 37.45027217487829], [126.77070656768568, 37.4485062004156], [126.76883815718544, 37.44293488511684], [126.77130731529849, 37.435231800175956], [126.77127482748675, 37.43138230699046], [126.77035223152424, 37.42904817687087], [126.76902586132348, 37.427340971234365], [126.76736934433276, 37.426593557963244], [126.7638149210869, 37.4257591092596], [126.7596752848379, 37.4265334425289], [126.75369009495193, 37.42253943913569], [126.75505149429486, 37.41805086094771], [126.75328961988788, 37.41691612813735], [126.75223918842153, 37.414478371110924], [126.75058994744568, 37.40980902483931], [126.750575879332, 37.40760623569069], [126.74704135325078, 37.40337983261183], [126.74581910282696, 37.401170693665605], [126.74225407346134, 37.399716546538414], [126.73654154837307, 37.39542661589188]]]}}, {"type": "Feature", "properties": {"sgg": "28237", "name": "부평구", "sidonm": "인천광역시"}, "geometry": {"type": "Polygon", "coordinates": [[[126.70663025109272, 37.46935580029068], [126.70328776620028, 37.46791648654515], [126.69760502897284, 37.46808665209722], [126.69338700472615, 37.469940497620115], [126.69266537477706, 37.46968325937275], [126.69070471931208, 37.470630768813194], [126.6883007866885, 37.470768451822615], [126.68404129040577, 37.47334788579891], [126.69065042195786, 37.479076623344106], [126.6908384684042, 37.480701970451236], [126.68982016673293, 37.48298382713931], [126.69262891702743, 37.48534693767502], [126.69438247982055, 37.48568762646516], [126.69607035379711, 37.48514526898342], [126.70135468594076, 37.48509757296942], [126.70153544373538, 37.4866100751476], [126.6999130491619, 37.48664362529401], [126.69941064197442, 37.48839352268027], [126.6979257701605, 37.489847669825224], [126.69483409984441, 37.491696182879814], [126.69222892529577, 37.49240099870048], [126.69283898751223, 37.49536000024779], [126.68950887262321, 37.498215685011694], [126.68982787782392, 37.49927813518018], [126.6911223790333, 37.5000463755628], [126.69217336533828, 37.50186861039685], [126.69122247265335, 37.50359610949426], [126.6884537496312, 37.50521430609098], [126.68898578617355, 37.50672056545607], [126.68877239867638, 37.50826620632482], [126.68684550137813, 37.50913421929175], [126.68695921695186, 37.51224879613639], [126.68447837541034, 37.514307554239124], [126.6832809855516, 37.51466307569228], [126.68336715684461, 37.517438725352676], [126.6861449821201, 37.52051324061667], [126.68613110003595, 37.52172154968794], [126.68884813105294, 37.52284671425486], [126.68916164334473, 37.523555099726785], [126.76033573950393, 37.524096485668615], [126.76100039843163, 37.51797749905144], [126.7601155684194, 37.51797195930608], [126.76028391197161, 37.515858514553315], [126.75957405398505, 37.51556038608361], [126.75496975175955, 37.51659399631061], [126.75200360198652, 37.516408840512376], [126.75194632718139, 37.51538615875971], [126.75058973900076, 37.51497879431479], [126.74780736094439, 37.51453018723075], [126.74579865572153, 37.51476214024947], [126.7451006837717, 37.514084702602005], [126.7437481893118, 37.51036965397367], [126.74157538479264, 37.50892647718734], [126.7436166896993, 37.50148007622003], [126.74163400667263, 37.49510062224512], [126.74187461307841, 37.49253938480313], [126.7426005760681, 37.48664671488251], [126.74697298698051, 37.48538820222915], [126.74979887898745, 37.485347444074996], [126.7545166304779, 37.483701743172425], [126.75549364101308, 37.48280365419383], [126.75524909356278, 37.48082006650005], [126.75581412096801, 37.48082362685125], [126.75621147666097, 37.47975814270681], [126.75826612978476, 37.478822428155546], [126.75905976539794, 37.47682057853956], [126.76179150186124, 37.476328628374915], [126.76221584278464, 37.47564601973594], [126.76519239622635, 37.47523383436109], [126.76734824962875, 37.47332849545078], [126.76774170110463, 37.471761614987166], [126.7664417151138, 37.469897037210245], [126.76263303947525, 37.47023941470993], [126.75839752896012, 37.469562708304444], [126.75693533070155, 37.46917452182041], [126.75452305096707, 37.46573173940609], [126.75172113172137, 37.46519863093183], [126.74871000216646, 37.46585451152616], [126.74604702519856, 37.46481791340527], [126.74194611817525, 37.4691522465702], [126.7384690510795, 37.47089550472166], [126.73567648425144, 37.47082832108422], [126.73228540750023, 37.471592038795485], [126.73054014732398, 37.472528545467085], [126.72828338936728, 37.47185297051772], [126.7270030669771, 37.47030632757158], [126.72285434694525, 37.470271748636925], [126.71968066661137, 37.47362467262391], [126.71630808544279, 37.47622375349752], [126.7126524166381, 37.476400357739884], [126.71093599423575, 37.47962443150252], [126.70806232293656, 37.47100913718912], [126.70797741164856, 37.46933130065613], [126.70663025109272, 37.46935580029068]]]}}, {"type": "Feature", "properties": {"sgg": "28245", "name": "계양구", "sidonm": "인천광역시"}, "geometry": {"type": "Polygon", "coordinates": [[[126.76033573950393, 37.524096485668615], [126.68916164334473, 37.523555099726785], [126.68747217939008, 37.52615789412024], [126.68692098135436, 37.53073763569388], [126.68289562924909, 37.53112307929981], [126.68259093550743, 37.53297819808986], [126.6837020664445, 37.53442700049955], [126.68361149505375, 37.53519834833917], [126.68461763730942, 37.535624362449234], [126.69142337469029, 37.53597556384272], [126.69251917249272, 37.53698182228523], [126.69200960897366, 37.53862335309094], [126.69267092635872, 37.54115415072946], [126.69777622172565, 37.54210937149279], [126.69927616356819, 37.540431971840015], [126.70088615559072, 37.5410729488016], [126.70309902883592, 37.5411270708372], [126.70397414385226, 37.54209256657897], [126.70633730409449, 37.54189305519701], [126.70733522638861, 37.542878935054084], [126.705985203574, 37.544945718324406], [126.70826182855727, 37.54595976544605], [126.71212767834672, 37.552555893661875], [126.70657002486745, 37.55706204637188], [126.70210485654516, 37.556033450900735], [126.69967928503613, 37.55862806074183], [126.69951261215895, 37.55889419007818], [126.70235475565488, 37.56075339876284], [126.70344213273648, 37.564264312419176], [126.70306630595027, 37.56495133990802], [126.7017153939419, 37.56490911488692], [126.70013573238326, 37.565590191930546], [126.69912617899904, 37.56926841356918], [126.70040559845823, 37.57168514399798], [126.69905781033681, 37.57338166843907], [126.6879208068537, 37.57657616853883], [126.6860628233023, 37.57610729802975], [126.68232257112923, 37.577279695377634], [126.68218275709512, 37.57848805249834], [126.68309120731239, 37.58146033855941], [126.68178920426767, 37.58338280545601], [126.68199371683967, 37.583735437782686], [126.68614760075474, 37.58400230908724], [126.6950472196321, 37.58154190068128], [126.7061706003165, 37.57988329176565], [126.71330438046421, 37.57768658332142], [126.71626106873364, 37.579396169354595], [126.71773987789285, 37.58149670010777], [126.71822758069625, 37.58287049726293], [126.71765520115423, 37.58357731700655], [126.71777182090179, 37.58533204418288], [126.72091914370534, 37.588874669076816], [126.72512592212895, 37.59200096855635], [126.72901216328026, 37.59294286564898], [126.73501926973213, 37.59046628233621], [126.73704526954766, 37.59318001392937], [126.73902649155289, 37.59369223981608], [126.74362412306513, 37.593349709658874], [126.74628379623704, 37.58712319194806], [126.75002610948678, 37.58368316697104], [126.74992856690655, 37.58094766606571], [126.75181644136558, 37.57957178878136], [126.75473593167008, 37.58043351208355], [126.75563525939614, 37.58124223895431], [126.7555561252947, 37.58274120078046], [126.75770409896974, 37.58479212956424], [126.76155197088714, 37.5853094890679], [126.76307854848325, 37.584892059639024], [126.76731222973504, 37.58802599503989], [126.76806792326784, 37.58805522879219], [126.77088944301815, 37.58604468926498], [126.77336113495488, 37.585117073022474], [126.78009751313205, 37.5843615896377], [126.78192675230846, 37.58391201355998], [126.784113431033, 37.582585135084074], [126.78704893474996, 37.5855519015647], [126.79367364183499, 37.5816045499506], [126.79298746641572, 37.57974198032889], [126.7917441596683, 37.5811441806164], [126.79052198620496, 37.58031454308907], [126.79005602670952, 37.577570747719506], [126.78756564934662, 37.575597890343126], [126.78270218608878, 37.57356090378296], [126.7819049635366, 37.57184543509886], [126.78250268833416, 37.57022980054159], [126.78052656260188, 37.568328344251206], [126.77695647682651, 37.56634098049375], [126.77563330138925, 37.56816374303445], [126.77480313947491, 37.567532132774616], [126.77501469970314, 37.56600630527142], [126.77700193611322, 37.56398232228598], [126.77792472730201, 37.56011141332784], [126.77563250442621, 37.56180294934664], [126.77201031166551, 37.558802484844676], [126.77310510609368, 37.557497465808325], [126.77207701799641, 37.55700166715518], [126.76659599906424, 37.55667406825527], [126.76469057122192, 37.5553700307153], [126.766342577249, 37.55493000045943], [126.76648567999, 37.55287513841468], [126.76416963970844, 37.55082455403332], [126.7650091405121, 37.55047736825197], [126.76422921126341, 37.54976768130778], [126.76319006018049, 37.544409170391404], [126.76094809268727, 37.53785944540615], [126.76033573950393, 37.524096485668615]]]}}, {"type": "Feature", "properties": {"sgg": "28275", "name": "서해구", "sidonm": "인천광역시"}, "geometry": {"type": "Polygon", "coordinates": [[[126.67047992053033, 37.47684733120229], [126.67100077934606, 37.47778426793265], [126.66358953161519, 37.483265923099246], [126.65336587233527, 37.48929048411797], [126.64076302099006, 37.49587372507507], [126.64100722579849, 37.49915767867789], [126.63990708308944, 37.5025602141577], [126.63992825788849, 37.50384993299303], [126.64111276007968, 37.50497765680894], [126.63482583138753, 37.50439261794958], [126.63406909951965, 37.50332070198457], [126.62970884695171, 37.50237798614366], [126.62969380345724, 37.499565238679594], [126.6267941792832, 37.49721703861913], [126.60438694193329, 37.49681248118924], [126.60412713485458, 37.51006125269885], [126.60449525488151, 37.511991685247565], [126.60326738868794, 37.51321433051326], [126.60277398227817, 37.51613152264348], [126.60197738993246, 37.516128841185484], [126.60186713313648, 37.51688990869292], [126.60260972850595, 37.517061618170864], [126.60266300325527, 37.527045098208994], [126.61089455756193, 37.527284015953896], [126.61099815001141, 37.52779198289849], [126.60265874042513, 37.52784882381359], [126.6024706619457, 37.53326285496167], [126.59938889876429, 37.533421649097285], [126.59914563153856, 37.53917389783217], [126.6050946770271, 37.53932084861924], [126.60541369821482, 37.549347481864174], [126.6059394274951, 37.55040678598582], [126.60481118018987, 37.552771922610816], [126.60658211270162, 37.553685439218185], [126.60451019831747, 37.55560403304713], [126.59371579255499, 37.55425686554815], [126.59334154633613, 37.559354566174854], [126.59597868363412, 37.55924119681298], [126.60694918971141, 37.561591805721584], [126.63274803276332, 37.569808020288086], [126.6606478261529, 37.5720705725434], [126.68776349389135, 37.57140031814163], [126.70029132010112, 37.57203870097913], [126.70031597723401, 37.571030710847666], [126.69912617899904, 37.56926841356918], [126.70013573238326, 37.565590191930546], [126.7017153939419, 37.56490911488692], [126.70306630595027, 37.56495133990802], [126.70344213273648, 37.564264312419176], [126.70235475565488, 37.56075339876284], [126.69951261215895, 37.55889419007818], [126.70210485654516, 37.556033450900735], [126.70657002486745, 37.55706204637188], [126.71212767834672, 37.552555893661875], [126.70826182855727, 37.54595976544605], [126.705985203574, 37.544945718324406], [126.70733522638861, 37.542878935054084], [126.70633730409449, 37.54189305519701], [126.70397414385226, 37.54209256657897], [126.70309902883592, 37.5411270708372], [126.70088615559072, 37.5410729488016], [126.69927616356819, 37.540431971840015], [126.69777622172565, 37.54210937149279], [126.69267092635872, 37.54115415072946], [126.69200960897366, 37.53862335309094], [126.69251917249272, 37.53698182228523], [126.69142337469029, 37.53597556384272], [126.68416027904148, 37.53545479498357], [126.68361149505375, 37.53519834833917], [126.6837020664445, 37.53442700049955], [126.68259093550743, 37.53297819808986], [126.68246415880002, 37.53200469044642], [126.68289562924909, 37.53112307929981], [126.68692098135436, 37.53073763569388], [126.68747217939008, 37.52615789412024], [126.68916164334473, 37.523555099726785], [126.68884813105294, 37.52284671425486], [126.68613110003595, 37.52172154968794], [126.6861449821201, 37.52051324061667], [126.68321632617973, 37.516999160538774], [126.6832809855516, 37.51466307569228], [126.68447837541034, 37.514307554239124], [126.68695921695186, 37.51224879613639], [126.68684550137813, 37.50913421929175], [126.68877239867638, 37.50826620632482], [126.68898578617355, 37.50672056545607], [126.6884537496312, 37.50521430609098], [126.69122247265335, 37.50359610949426], [126.69217336533828, 37.50186861039685], [126.6911223790333, 37.5000463755628], [126.68982787782392, 37.49927813518018], [126.68950887262321, 37.498215685011694], [126.69283898751223, 37.49536000024779], [126.69222892529577, 37.49240099870048], [126.69483409984441, 37.491696182879814], [126.6979257701605, 37.489847669825224], [126.69941064197442, 37.48839352268027], [126.6999130491619, 37.48664362529401], [126.70153544373538, 37.4866100751476], [126.70135468594076, 37.48509757296942], [126.69607035379711, 37.48514526898342], [126.69438247982055, 37.48568762646516], [126.69262891702743, 37.48534693767502], [126.68982016673293, 37.48298382713931], [126.6908384684042, 37.480701970451236], [126.69065042195786, 37.479076623344106], [126.68404129040577, 37.47334788579891], [126.68115105841906, 37.4737452151645], [126.67047992053033, 37.47684733120229]]]}}, {"type": "Feature", "properties": {"sgg": "28290", "name": "검단구", "sidonm": "인천광역시"}, "geometry": {"type": "Polygon", "coordinates": [[[126.63274803276332, 37.569808020288086], [126.60694918971141, 37.561591805721584], [126.59597868363412, 37.55924119681298], [126.59334154633613, 37.559354566174854], [126.58149349365198, 37.57144046339797], [126.57553426203245, 37.58340870572192], [126.57257906940627, 37.587784222507025], [126.5927237316429, 37.592975778527155], [126.60412022426185, 37.59882808271469], [126.60711401593407, 37.601267153499606], [126.60905535219958, 37.6041527083154], [126.6124630778915, 37.60543043370956], [126.61474725927208, 37.60586845529339], [126.62339794803326, 37.60279721049733], [126.6276949434403, 37.605968774960736], [126.62929294650701, 37.610960505350356], [126.63141832258623, 37.61346456227405], [126.63280933304318, 37.61691871548216], [126.63433944432127, 37.61941222694634], [126.6365742991433, 37.6204902850394], [126.63695290557065, 37.62603338893903], [126.63947688434598, 37.6277578456602], [126.64227241379366, 37.62773163934179], [126.64491502946976, 37.628595808670056], [126.6475792237419, 37.628736108402826], [126.65169300236363, 37.635169175668665], [126.65130636784274, 37.637700807888784], [126.65158221161656, 37.63876662426982], [126.65246336274842, 37.63957683199508], [126.65340946400387, 37.63833343161106], [126.65427731759831, 37.63807492150185], [126.6569320660229, 37.6379613970038], [126.65794162031975, 37.63855375610235], [126.6594362051889, 37.63822828854139], [126.66108463645843, 37.63671787769754], [126.66245069539801, 37.636931548079836], [126.66563196244522, 37.63623891408281], [126.67093518006962, 37.634359576090766], [126.6740769486237, 37.632227506106965], [126.67442343360588, 37.6303573795093], [126.67517028097531, 37.629953672991164], [126.68007370953424, 37.62963965374158], [126.68074476351802, 37.62864386273162], [126.68084576666911, 37.627396503322544], [126.68167531768509, 37.62652545037219], [126.68744837821951, 37.62282549334718], [126.69152022995546, 37.621327016088244], [126.69863317300995, 37.617462451274356], [126.69982339076378, 37.61583078269605], [126.70528291910733, 37.6115377668868], [126.70628274805935, 37.61015136842132], [126.70607712302993, 37.60777092353739], [126.70424772308364, 37.60554564968182], [126.70450659500229, 37.602648840231886], [126.7066283764378, 37.603431758400475], [126.70836672055819, 37.60493375172488], [126.71199392181632, 37.6047861523375], [126.71317981967002, 37.60281520562223], [126.71713533169496, 37.598577315026674], [126.71811789722528, 37.59779713886565], [126.71909966773435, 37.59792856248674], [126.72159503357656, 37.5962217874422], [126.72512592212895, 37.59200096855635], [126.72091914370534, 37.588874669076816], [126.71777182090179, 37.58533204418288], [126.71765520115423, 37.58357731700655], [126.71822758069625, 37.58287049726293], [126.71773987789285, 37.58149670010777], [126.71626106873364, 37.579396169354595], [126.71330438046421, 37.57768658332142], [126.7061706003165, 37.57988329176565], [126.6950472196321, 37.58154190068128], [126.68614760075474, 37.58400230908724], [126.68199371683967, 37.583735437782686], [126.68178920426767, 37.58338280545601], [126.68309120731239, 37.58146033855941], [126.68218275709512, 37.57848805249834], [126.68232257112923, 37.577279695377634], [126.6860628233023, 37.57610729802975], [126.6879208068537, 37.57657616853883], [126.69792512782972, 37.57380501836931], [126.69905781033681, 37.57338166843907], [126.70029132010112, 37.57203870097913], [126.68776349389135, 37.57140031814163], [126.6606478261529, 37.5720705725434], [126.63274803276332, 37.569808020288086]]]}}, {"type": "Feature", "properties": {"sgg": "28710", "name": "강화군", "sidonm": "인천광역시"}, "geometry": {"type": "MultiPolygon", "coordinates": [[[[126.26990318230114, 37.61914031701506], [126.26915215394608, 37.62073784919976], [126.27007319987149, 37.62142687815597], [126.27093113315193, 37.621477801850816], [126.27174157366458, 37.62089678585107], [126.27125285042915, 37.61907442319432], [126.26990318230114, 37.61914031701506]]], [[[126.21309948503398, 37.62891714412628], [126.2132307033166, 37.629733455565564], [126.21635046263899, 37.63228842317018], [126.21742503139959, 37.632472495751955], [126.21814905036744, 37.631892929608334], [126.21818945892453, 37.63094760868963], [126.21674807672177, 37.62854155422361], [126.21394263847182, 37.62851175751543], [126.21309948503398, 37.62891714412628]]], [[[126.24475847103045, 37.652767220869414], [126.24933189750283, 37.6543561358038], [126.25314224746411, 37.654411072272346], [126.25718523274915, 37.65268434403814], [126.2574585015343, 37.65043875631964], [126.25430997303175, 37.648467510854424], [126.25144983287915, 37.64309998855598], [126.25141239076973, 37.637584251909566], [126.25210472058106, 37.63521851214939], [126.25427438433462, 37.63237758621012], [126.25954056798348, 37.63082462223165], [126.26335742367591, 37.62706524651543], [126.26390880048746, 37.62575143212526], [126.26103287460437, 37.62264080096844], [126.26016734436571, 37.62245495946267], [126.25945756891902, 37.62324125691884], [126.26032992489783, 37.62539685831687], [126.25983295810028, 37.62731714609884], [126.24587970310672, 37.63098810532218], [126.23381432138073, 37.63793384032013], [126.2289625917636, 37.64351926678877], [126.2250558943464, 37.64932421941187], [126.22321893321137, 37.6512462130998], [126.22173254250644, 37.65178781254062], [126.22234586061477, 37.654513770434], [126.22386589544861, 37.654728297472396], [126.2262286395176, 37.65281564645115], [126.2276470723391, 37.65239930937513], [126.2300654252552, 37.654173276689974], [126.22980935476339, 37.65563092655547], [126.2318618578638, 37.65642881018844], [126.23293539313502, 37.65648404318881], [126.23668092580131, 37.65393387639237], [126.23945237619566, 37.653075285495], [126.24475847103045, 37.652767220869414]]], [[[126.26797439775143, 37.63888904548242], [126.26651259035128, 37.64287725655421], [126.26586402466461, 37.648343679953314], [126.26674512753274, 37.65236628461886], [126.2679990840952, 37.65510839433722], [126.26984534170376, 37.65647997768372], [126.27519331048754, 37.65210288459122], [126.27625356873257, 37.65072324206316], [126.27676483381474, 37.64887090144727], [126.27451905039409, 37.64512000537851], [126.2759804873395, 37.63821826549095], [126.27582741598474, 37.63455867143478], [126.27508965177685, 37.63265044078383], [126.27326989178952, 37.63177499142166], [126.26797439775143, 37.63888904548242]]], [[[126.23834872004852, 37.6626561899318], [126.24064276168603, 37.6638799395527], [126.2422984500903, 37.66334997821136], [126.2414817587138, 37.661586844967495], [126.24061311420397, 37.661067915915524], [126.22284903618304, 37.657830758952294], [126.22237117998772, 37.65825817060001], [126.22129670477541, 37.66500113979433], [126.2219618094944, 37.666063130917955], [126.22383998865173, 37.666297334363954], [126.23303705504055, 37.66246799874293], [126.2355918925182, 37.66217657603416], [126.23834872004852, 37.6626561899318]]], [[[126.19680331810436, 37.68040955360811], [126.20531387716711, 37.66979024860697], [126.20873562470567, 37.66749740259239], [126.21123642474882, 37.66701219205394], [126.21090048412677, 37.66522823254897], [126.20610202640796, 37.660746244217954], [126.2051466828298, 37.65924170211293], [126.20700145919656, 37.658026549586225], [126.20790977658791, 37.656777381520975], [126.2084754341401, 37.65546652512582], [126.20807616243465, 37.65464948325122], [126.2059895185681, 37.655067914300034], [126.20476555395034, 37.65625198111124], [126.19409958205459, 37.65839047979162], [126.19096058117226, 37.6569524697376], [126.18849208166037, 37.65748164559517], [126.18799544592592, 37.658112663235826], [126.18838972214596, 37.65901068494791], [126.19035671581973, 37.65960608138807], [126.19138577116298, 37.66051118894949], [126.1909124252882, 37.66226402838138], [126.18803891490957, 37.66482161380317], [126.18133814613813, 37.668729920436945], [126.17769341521375, 37.669546457135596], [126.16921381239861, 37.66857491535343], [126.16855602806066, 37.66836782593839], [126.16880053191714, 37.66674734245843], [126.16731349808332, 37.66618127854534], [126.1589963135019, 37.67186286875685], [126.15490162744355, 37.67246443292255], [126.15347769667572, 37.67739796039032], [126.15533432471142, 37.677900828132884], [126.15649785245972, 37.67669546216694], [126.1584049575245, 37.67643974395738], [126.15961689985174, 37.677182582244626], [126.16075837277928, 37.67874532645677], [126.16676448960843, 37.67990584902062], [126.1683420684148, 37.67821004745562], [126.17055926453396, 37.67698026795225], [126.17219977055566, 37.67668014721563], [126.1824672666788, 37.68188452621203], [126.18275299813332, 37.68309386901422], [126.1839723512635, 37.6842702824054], [126.18555144843111, 37.684928200830676], [126.18748111398185, 37.6846174923441], [126.19031137135191, 37.68605681325594], [126.1913545012375, 37.68702111094819], [126.19199502887767, 37.688808965958785], [126.19484315013841, 37.68911259106125], [126.19560440222885, 37.68886469064746], [126.19598947164032, 37.68812598298241], [126.19630628376721, 37.6849348844696], [126.1958957687771, 37.682729111689184], [126.19680331810436, 37.68040955360811]]], [[[126.13349623813113, 37.692506728282105], [126.13497113002582, 37.690966070616824], [126.13359757631828, 37.689516286854875], [126.1336641953447, 37.688914625897965], [126.13579939000239, 37.68763337855286], [126.13854657255004, 37.686842286223225], [126.14115562096278, 37.68714914064558], [126.1430334861363, 37.686736360503765], [126.14388290626694, 37.68587160456635], [126.14502000319455, 37.68267123817368], [126.14479020167894, 37.681780285839544], [126.14334835647306, 37.68118827266575], [126.13891712194304, 37.68083457065073], [126.13170990620958, 37.68263775243314], [126.12657067524465, 37.68156291662937], [126.12581288765838, 37.68230267129006], [126.12436470470067, 37.68604973114898], [126.12217546634618, 37.68633138848609], [126.12139705658012, 37.687179595553296], [126.12200639974874, 37.69028180045744], [126.12595705457869, 37.693391777446784], [126.127079429621, 37.69348130541413], [126.12778242027241, 37.69216072529097], [126.1285957880734, 37.69173252151704], [126.12973655284478, 37.69159895869723], [126.13227077639188, 37.69256204555477], [126.13349623813113, 37.692506728282105]]], [[[126.20111323841958, 37.69046809074459], [126.20210914484262, 37.69003715979819], [126.20133377589968, 37.68794144914126], [126.20076936491998, 37.68779349444256], [126.20013189119328, 37.687964378244764], [126.20004703253817, 37.68999307522675], [126.20111323841958, 37.69046809074459]]], [[[126.25609000092912, 37.71359124506967], [126.25650644700295, 37.715346509115044], [126.25714894409857, 37.71547712603003], [126.25818558862028, 37.71430871797333], [126.25887567976174, 37.71230572675079], [126.25846931585963, 37.711951266101565], [126.25684564277196, 37.7121805542958], [126.25609000092912, 37.71359124506967]]], [[[126.20866411146187, 37.723226897937224], [126.20960996969234, 37.723528477008834], [126.21140142688756, 37.72236574055186], [126.21179242141523, 37.71892585206008], [126.21116695800963, 37.718261478024125], [126.2090511212987, 37.71794516758895], [126.20837052452937, 37.7182982509481], [126.20866411146187, 37.723226897937224]]], [[[126.24019321114635, 37.724258948953945], [126.24050321371408, 37.72213509254402], [126.24364609339462, 37.72059671466332], [126.24892848062404, 37.71901692782643], [126.2488134764007, 37.71812958899315], [126.24723398709568, 37.71726019587954], [126.23188406334052, 37.71592694087433], [126.22723437531278, 37.71773719359105], [126.22114014840699, 37.7183209322862], [126.21810538660694, 37.71908326409385], [126.2169659438405, 37.72064378442831], [126.21743127163695, 37.721488523526524], [126.22106852965557, 37.72279826348274], [126.23044328664383, 37.73274724193324], [126.2305402348618, 37.733414800580896], [126.23218869806797, 37.73386979939686], [126.23420068494515, 37.7335094821584], [126.23585362362039, 37.73228998941877], [126.2368244850091, 37.731086115040696], [126.23620816443422, 37.72903023593345], [126.23776930290019, 37.726156359277034], [126.23895004986143, 37.72619682080277], [126.24019321114635, 37.724258948953945]]], [[[126.2644608262361, 37.72384979580519], [126.2627964495121, 37.72488082499358], [126.25774960250862, 37.72474262271393], [126.25678673931475, 37.72550320847443], [126.25699782321038, 37.73216911609677], [126.25756261772958, 37.73357235458263], [126.26270093465172, 37.73624399710065], [126.26493337689229, 37.7382791097836], [126.26548757564989, 37.73826547188135], [126.26666529661611, 37.736170421587424], [126.26663819972616, 37.73352442537731], [126.26835449589322, 37.727564809360224], [126.26979213361813, 37.725685598667596], [126.26592992011774, 37.72394271351827], [126.2644608262361, 37.72384979580519]]], [[[126.27341106401859, 37.81403527445549], [126.28275193184919, 37.80820812235417], [126.29387455801943, 37.80392068476602], [126.29422432526805, 37.80210565938723], [126.29701938845054, 37.8025301990579], [126.30136801968814, 37.80446596997465], [126.30236767388516, 37.803432695642634], [126.30566966572252, 37.802618742286626], [126.31218543584352, 37.802586813846446], [126.3167685436735, 37.80331588460226], [126.32150757219053, 37.80500285138538], [126.3233576610831, 37.80711906039582], [126.32287879697778, 37.80836479045155], [126.3231968592083, 37.808972418185505], [126.3247490656479, 37.80910883242664], [126.32840280427327, 37.80533307995866], [126.32846213459284, 37.80393396021545], [126.33245521680843, 37.80038916431172], [126.3346117699205, 37.799178697022235], [126.33392182164631, 37.797294946115876], [126.3302329863121, 37.79354168497529], [126.33071681007375, 37.78960339840024], [126.32560224796156, 37.786422670343526], [126.32134528838631, 37.78194056200273], [126.32239924532104, 37.78112487320176], [126.31795243126903, 37.77590126952211], [126.31495587492407, 37.7736895801505], [126.30521180046452, 37.77059261030468], [126.29498330684346, 37.765727662628215], [126.2924069715377, 37.7643869768705], [126.29175081581057, 37.763053090500605], [126.29103315918381, 37.76263952729277], [126.290141989789, 37.762761563091956], [126.2868735937843, 37.76602820216496], [126.28131836411153, 37.76837084718809], [126.2727977517718, 37.76974912447437], [126.27100329367713, 37.768585270430904], [126.27050036716471, 37.76747813320459], [126.25942362235108, 37.7646199941136], [126.24767468015848, 37.765445686853965], [126.2444382221218, 37.76458175662837], [126.24236843135571, 37.76309417736057], [126.24135208174276, 37.76197729126205], [126.24181256519208, 37.760426511206845], [126.24019794493015, 37.75765743873311], [126.23664523521052, 37.754910804897825], [126.23327001305113, 37.75142994034934], [126.2320586812595, 37.75114445593654], [126.2268046354822, 37.75298333597632], [126.22320739884555, 37.75520378632031], [126.2217115786401, 37.756268561079345], [126.22101373953858, 37.75788641244216], [126.20728281151924, 37.7683312077111], [126.2045372115356, 37.76794211463915], [126.20276695101394, 37.76927464235896], [126.2038947257034, 37.77322101183982], [126.20699166971, 37.77416261539063], [126.20918578766621, 37.77410780889274], [126.21599369885396, 37.77837921213307], [126.21767874781585, 37.783488890002026], [126.22048973962546, 37.78561576295664], [126.22158538953614, 37.788019020854044], [126.22209433096579, 37.79146366705195], [126.21974509497123, 37.792059643979506], [126.21853867319012, 37.79309829033485], [126.21839180545207, 37.795702017751026], [126.22026050484807, 37.79819900117823], [126.22176277818161, 37.79820778243711], [126.22349163036414, 37.800004956969666], [126.2231767742662, 37.80541207624022], [126.23292217949421, 37.81104101576123], [126.23777337460164, 37.81706665849732], [126.24002156042187, 37.817702398064164], [126.24604160095014, 37.81516929552349], [126.25681403335514, 37.814646241618405], [126.26096645875633, 37.81619687461657], [126.2632617812309, 37.81828549566275], [126.2644012476742, 37.81837748876551], [126.26502071979806, 37.81810732466483], [126.26591615990093, 37.81573719258755], [126.26806759294972, 37.815686395066265], [126.27341106401859, 37.81403527445549]]], [[[126.46165666947829, 37.58877011876431], [126.46041997380473, 37.5910103112639], [126.4552922055404, 37.59335108769664], [126.45162618115835, 37.59274296310118], [126.44664180323484, 37.59449295113185], [126.443457645854, 37.59407154455575], [126.43789684889022, 37.59212405544693], [126.43570933190406, 37.592630802680915], [126.4107903838603, 37.59343232035515], [126.40372284070298, 37.59409865488048], [126.395489711063, 37.59868566702292], [126.39384697956102, 37.60070911161586], [126.38881548563045, 37.60230861695227], [126.38610679878936, 37.60395699016555], [126.38511424706077, 37.60598369831432], [126.38551873237145, 37.607648258175566], [126.37772398472086, 37.6095135191168], [126.37734327931398, 37.61058287360836], [126.37491627607831, 37.61182609729345], [126.37143405299798, 37.61143812676507], [126.36999033284121, 37.611799839939444], [126.368430792175, 37.614857781569306], [126.36907797545922, 37.615267624481405], [126.37243245814653, 37.6142880767224], [126.37368658983661, 37.61436864670467], [126.37720771922449, 37.615680346040634], [126.3771777547325, 37.619263713752446], [126.37534456280275, 37.621714333352784], [126.3751319976898, 37.62489033240214], [126.37247240321615, 37.62609532610452], [126.3726505472515, 37.62701986392282], [126.37431733621757, 37.62780454042725], [126.37349917585192, 37.63112508389115], [126.37199550628134, 37.63303812097953], [126.3689652591913, 37.634056331942844], [126.36440909975894, 37.63410570411033], [126.36389112996339, 37.634878716994365], [126.36416121297668, 37.63591458205339], [126.36598024902258, 37.63744845507215], [126.36969495568538, 37.6381254251079], [126.37411157885484, 37.63727296655448], [126.37906827728827, 37.63773723781049], [126.38112418586412, 37.63906204937519], [126.39019867111169, 37.64151842092585], [126.39529445815344, 37.64187322493461], [126.39803887440372, 37.64331078964505], [126.40283022127849, 37.6472771819623], [126.40500133140436, 37.65078291578038], [126.38851282024802, 37.65638910728512], [126.38695287952083, 37.65572311363267], [126.39333738905452, 37.66147630753986], [126.39569551161996, 37.66457324982513], [126.3932810070331, 37.677841258427016], [126.38677116548091, 37.69027485420212], [126.37749191877698, 37.69639202277522], [126.35237254863817, 37.70581012744983], [126.34318275206653, 37.72059792564929], [126.34139938298966, 37.73854343852914], [126.34148314991434, 37.748368589973886], [126.34801269370206, 37.74685980650712], [126.35205235610141, 37.7453334592454], [126.35350462854637, 37.74358800482058], [126.35313043188445, 37.74480093555419], [126.35480650774117, 37.75639763762711], [126.35333061306773, 37.77652763690502], [126.35395956055179, 37.778787607416376], [126.3506008220636, 37.778689216117314], [126.34945879734043, 37.78760184371099], [126.34800158518394, 37.787465256895764], [126.3470237036992, 37.78810237559761], [126.34893426164795, 37.79196822467347], [126.35749045403182, 37.79574208402204], [126.37196206354875, 37.80547328880879], [126.39016345361154, 37.82316005392456], [126.39387318529577, 37.82549239932337], [126.40084236517824, 37.825785157574785], [126.40928305410804, 37.824542820949475], [126.41365930666144, 37.82469324629906], [126.41899516340881, 37.82651887513943], [126.42221959663529, 37.828847929323764], [126.42688650022409, 37.83336859534389], [126.43663159652925, 37.83123109972109], [126.43925698567504, 37.827131360135255], [126.44039772060646, 37.82636577103697], [126.44283056760595, 37.82624881955513], [126.44284025543486, 37.82496377908532], [126.44349938820264, 37.823553302863125], [126.44641850404457, 37.8234385962869], [126.44774618340176, 37.819332543894085], [126.45425899321967, 37.81316650367486], [126.46302413346326, 37.80601462708246], [126.46879626565043, 37.80310217650533], [126.47086475724338, 37.800983976368386], [126.47393638047404, 37.79887575997241], [126.48009609713108, 37.79540081637845], [126.48468328126219, 37.79350571336219], [126.49082952368327, 37.78953081930826], [126.49830001706509, 37.78799856516518], [126.50591853045326, 37.78468408250857], [126.50803775602914, 37.783298492126484], [126.50981597895606, 37.78029380476836], [126.51076437387154, 37.77513266971039], [126.51423545429593, 37.771298262390836], [126.51459582167523, 37.76996103621062], [126.51250134553285, 37.76766540152775], [126.51201980567818, 37.76604577935295], [126.51238789693636, 37.763537212954], [126.52244830711057, 37.75177558689138], [126.52690245513148, 37.74783294154012], [126.52544702018957, 37.744592112816996], [126.52525295463317, 37.74196951011935], [126.52601717505105, 37.7380924089514], [126.51965787160644, 37.72618850903146], [126.51845734366346, 37.72159809825519], [126.51851491911813, 37.71272805239405], [126.52214156007587, 37.707931840034966], [126.52728142525596, 37.70314165222604], [126.5255522117134, 37.692694765673025], [126.5254483638461, 37.68740831003247], [126.5229825306347, 37.67651724683649], [126.52411301917212, 37.673178226426444], [126.53530292816356, 37.66633368635628], [126.53575523183068, 37.66502250191431], [126.5355178378936, 37.66170814309118], [126.53446188268909, 37.65914305676166], [126.53141472035901, 37.657707776408984], [126.529701547408, 37.655889895993305], [126.52888874874004, 37.65390919524904], [126.52943575630916, 37.64441746821756], [126.53062761346229, 37.64134781963662], [126.5305280115994, 37.63855248378674], [126.5345484518915, 37.63307176320492], [126.53546945796536, 37.63024492540224], [126.54281911579618, 37.622576601188996], [126.54532552187722, 37.615226289328064], [126.54559404961653, 37.60963743566545], [126.54743329024599, 37.60482016012274], [126.54728151709698, 37.60418299158268], [126.5439300014754, 37.60193309688979], [126.54111883901672, 37.60168247598073], [126.5239461472238, 37.59646980198832], [126.51852321521974, 37.59344059214566], [126.52158974059456, 37.58993252794436], [126.525002922917, 37.589873010425286], [126.5265765158765, 37.588999208404616], [126.52769866955958, 37.58658332232576], [126.52651131228649, 37.58474491729307], [126.51861039913922, 37.579945417300564], [126.51630768796588, 37.579495901190825], [126.51196170590683, 37.58123825742699], [126.50658306360317, 37.58568988179189], [126.50527821776448, 37.5877380716676], [126.50323639048148, 37.58963644694456], [126.5004654052613, 37.590211481565056], [126.49263588559717, 37.588637735061965], [126.48398728036447, 37.58551963212964], [126.4802971903927, 37.58358001797339], [126.47334402724205, 37.59748811244498], [126.46591656067856, 37.595505567123], [126.4639805716151, 37.59335402518584], [126.46266171995737, 37.58939505406506], [126.46165666947829, 37.58877011876431]]], [[[126.29879381517503, 37.67497735207394], [126.30025115934325, 37.67638183330602], [126.30149774485415, 37.6759550883055], [126.30069247938549, 37.67380938990782], [126.29950320437328, 37.67384460510403], [126.29879381517503, 37.67497735207394]]], [[[126.32146310865913, 37.72522291906677], [126.32060167669717, 37.71611168851599], [126.32196098572489, 37.71504821278893], [126.32560659026167, 37.714854907311434], [126.32965025538476, 37.71541368006018], [126.33195406308347, 37.71435545477556], [126.33264421759834, 37.712645270027494], [126.33173237078739, 37.7089975604834], [126.33404172709149, 37.70729654133477], [126.33660168710357, 37.70773953127679], [126.33822438213348, 37.707363191866186], [126.33959089102724, 37.70544249860167], [126.33948072868364, 37.70265642776353], [126.3463931951997, 37.699159636781175], [126.37192799129171, 37.69522767733374], [126.37532610739687, 37.692246030971056], [126.37576953942622, 37.68764165031571], [126.37686800120005, 37.685417993431244], [126.3787678417946, 37.684015009007055], [126.37959242473798, 37.68219808906787], [126.37695575863822, 37.6753161485219], [126.37660940391304, 37.667933547176574], [126.35193383861592, 37.6486663594646], [126.34280982338616, 37.64358047437354], [126.33755654375909, 37.64301536331655], [126.33069421053669, 37.6414766611771], [126.32503188974493, 37.64144432908122], [126.32257691128468, 37.64453712532705], [126.32371340873497, 37.653007219374295], [126.32338819459956, 37.659111961118874], [126.32443974186548, 37.66211774876479], [126.32682156083978, 37.662026308622075], [126.32736700300207, 37.66437895238208], [126.32694811992961, 37.66659409828718], [126.32507066682903, 37.66837853885142], [126.32373545861338, 37.669004456352624], [126.31730429424552, 37.68174175753435], [126.3133243003659, 37.68461212398548], [126.29625572784221, 37.69040695019315], [126.28513685578758, 37.69623223419875], [126.28334575933715, 37.70007810868997], [126.27724508709221, 37.703040520721295], [126.27466039990148, 37.70572688148676], [126.26993508593571, 37.70828568140746], [126.26779155175166, 37.710396884155436], [126.267859638915, 37.71117974223134], [126.27155957222986, 37.71270737146717], [126.27656782208868, 37.712256793634864], [126.27997524416162, 37.71269899326006], [126.2821691275047, 37.71319389554265], [126.28382133172047, 37.714828999078065], [126.28477965517217, 37.717663605341066], [126.2848895598984, 37.7219977069591], [126.28562807267359, 37.724048528106685], [126.28788873689989, 37.72552472809879], [126.28688104847569, 37.72780570911101], [126.28801690116755, 37.73587759888804], [126.28804885031539, 37.74045195681067], [126.28712545476165, 37.741830647597816], [126.2874176633259, 37.7429939584708], [126.29398562244131, 37.74622345376764], [126.30376753086851, 37.74652250240513], [126.30890658270111, 37.74853896872556], [126.31766517068425, 37.75292354068434], [126.32394892038715, 37.75428392989655], [126.32579461792236, 37.75152594892918], [126.33056451204905, 37.749009689893356], [126.33067809920304, 37.7484299593349], [126.33044666352848, 37.74680798828415], [126.32793296007262, 37.74111565346524], [126.323022131743, 37.73187412344833], [126.32146310865913, 37.72522291906677]]], [[[126.28599768037513, 37.74901818246669], [126.286247173001, 37.748429380947535], [126.28501539472657, 37.74644989513048], [126.28214957761148, 37.74442068485966], [126.27868368790482, 37.745773025441856], [126.27908259485031, 37.747083183210925], [126.28207197793589, 37.749636708596206], [126.28599768037513, 37.74901818246669]]]]}}, {"type": "Feature", "properties": {"sgg": "28720", "name": "옹진군", "sidonm": "인천광역시"}, "geometry": {"type": "MultiPolygon", "coordinates": [[[[125.9898471082498, 37.038284903773636], [125.99216687817622, 37.0368316254712], [125.99417058075038, 37.03713639368644], [125.99454874381604, 37.034761210409506], [125.99318520925358, 37.03401001606006], [125.99234770906817, 37.03259866908492], [125.99501194836824, 37.02704134940284], [125.99835521060967, 37.02757261371182], [126.00270854799713, 37.02463218710793], [126.00518038516786, 37.02597678588662], [126.00917166364623, 37.02576804661304], [126.01306084738408, 37.02622816595417], [126.01443620770219, 37.02616362538592], [126.01495052994056, 37.02551907504788], [126.01471317321764, 37.02472315015873], [126.00177428302744, 37.0187590292727], [125.99887072039265, 37.01818395706791], [125.99668173136367, 37.01810969925987], [125.99467389499608, 37.01906455148519], [125.9933424815237, 37.0213833796558], [125.99041281504411, 37.02344557135174], [125.98551550722969, 37.022888253191226], [125.98414694386801, 37.02326226713675], [125.98313601272393, 37.024213699294215], [125.98177562106052, 37.02822461395551], [125.98176057280158, 37.02935016622253], [125.98310356011639, 37.03139330514319], [125.97898479482764, 37.033743448172025], [125.97886132529285, 37.03556892880586], [125.98019635543827, 37.03954255459677], [125.98162054025283, 37.04054435737811], [125.98257655417767, 37.03986374036324], [125.98407864509694, 37.039809573652754], [125.98684070331285, 37.04060647968651], [125.98868232263222, 37.039862014863694], [125.9898471082498, 37.038284903773636]]], [[[126.01110888827982, 37.05980930866523], [126.01279689155334, 37.06036709239281], [126.01479487592715, 37.05979822236958], [126.0144659756758, 37.05917952210564], [126.01386211431154, 37.05913042014006], [126.01178253860614, 37.05921907427814], [126.01110888827982, 37.05980930866523]]], [[[126.00862332255292, 37.069161871230875], [126.01014927490941, 37.069264246765], [126.01120925438829, 37.067857994836615], [126.00852088245176, 37.067460065877405], [126.00793029542301, 37.0683421379108], [126.00862332255292, 37.069161871230875]]], [[[125.96720353746625, 37.08742282746164], [125.96464719909044, 37.08089236121604], [125.9606459836909, 37.082220949931326], [125.95872054428624, 37.08427583963781], [125.9559673285039, 37.08514010118013], [125.9531256169205, 37.0852955442642], [125.95180735620731, 37.081630129774396], [125.95297813361456, 37.07858119884255], [125.95527079018116, 37.07688828633533], [125.95592595129558, 37.07555513687301], [125.95594989361611, 37.073811325164236], [125.95549296908747, 37.072342442515286], [125.95287632066992, 37.07084582219644], [125.94876672738968, 37.07190032763021], [125.94847907413926, 37.07502476364392], [125.94808599347405, 37.07543501258022], [125.94734449176057, 37.07585693712126], [125.94467311557895, 37.07597449352259], [125.94234412435515, 37.07745567597674], [125.94518278350215, 37.07938478641564], [125.94708860432164, 37.08362604235804], [125.9479387992554, 37.08737634151336], [125.9499498182772, 37.088951880639904], [125.95234823937518, 37.08976214954422], [125.9566927149895, 37.089108694833676], [125.9619849154169, 37.08985849203133], [125.96720353746625, 37.08742282746164]]], [[[126.00627367083452, 37.08068863370019], [126.00730297418086, 37.081817071825725], [126.00864481150235, 37.08115767385109], [126.0091058833198, 37.07961498537717], [126.00817874563488, 37.07926279790489], [126.00658665508018, 37.08004282690031], [126.00627367083452, 37.08068863370019]]], [[[125.91291870992575, 37.10279286313121], [125.91379330170845, 37.10346075654891], [125.91450915201311, 37.1024741385585], [125.91411715327993, 37.100246412668284], [125.91313231590532, 37.101400001230544], [125.91291870992575, 37.10279286313121]]], [[[125.91077711962714, 37.11045515553803], [125.91104118744, 37.11556708695811], [125.91359571640434, 37.11847125440579], [125.91429211285802, 37.11851503612655], [125.91739289813935, 37.114305421892986], [125.9158315225085, 37.10996678970183], [125.91463072607289, 37.10823472344066], [125.9137587812637, 37.10818248193917], [125.91077711962714, 37.11045515553803]]], [[[125.9086178242006, 37.11897901924801], [125.90808038764254, 37.11672841736083], [125.90746348872152, 37.1165243321044], [125.90697373733788, 37.12040529018002], [125.9076827847293, 37.12138735182287], [125.90826291956795, 37.12127695906791], [125.9086178242006, 37.11897901924801]]], [[[125.91462249769249, 37.1244768900049], [125.91590829577409, 37.122392742432325], [125.91719329220498, 37.11861424419209], [125.9163796678437, 37.1170732534606], [125.91583170507013, 37.11713893907031], [125.9145237242796, 37.1208335261946], [125.91462249769249, 37.1244768900049]]], [[[125.90315282244343, 37.14001347447651], [125.90442476049257, 37.13513411878415], [125.9035523310503, 37.131350111947675], [125.9016001843612, 37.132585587007746], [125.90163688388773, 37.134416634896255], [125.90017536495694, 37.13757871819701], [125.89846831522297, 37.138319622145545], [125.9000437526459, 37.14020424266951], [125.90243042072649, 37.14042285629215], [125.90315282244343, 37.14001347447651]]], [[[125.89241694745701, 37.13781400058392], [125.89472156728056, 37.13851912291227], [125.89561935532983, 37.137786468899044], [125.89336029386851, 37.135618396318286], [125.89153221395544, 37.13632457992252], [125.89241694745701, 37.13781400058392]]], [[[125.88249153661894, 37.173411571981674], [125.88324638670015, 37.17090024425667], [125.88255957030503, 37.17055093045243], [125.878373537375, 37.17112458882462], [125.87572198004226, 37.170489044243595], [125.87502317694674, 37.16977979579138], [125.87151622288708, 37.16859118205369], [125.8701206662313, 37.16849476858902], [125.86926177490979, 37.16895229963625], [125.86801136673957, 37.17474241573088], [125.86959094356855, 37.175275191745314], [125.87280541143328, 37.17441344213923], [125.87549404966232, 37.17457811268072], [125.8776520468272, 37.17576318955931], [125.87787318098846, 37.178212959016456], [125.88034649282375, 37.17807258636358], [125.88124045002759, 37.177037517355274], [125.88072756508981, 37.174216586971944], [125.88249153661894, 37.173411571981674]]], [[[125.98612458760562, 37.18762607171841], [125.98333819189706, 37.18532233715377], [125.98115326848118, 37.186720555816436], [125.98142693907837, 37.18798378266288], [125.97988138552353, 37.18854368736814], [125.9763169194301, 37.188657273155876], [125.97518072749199, 37.18793596586992], [125.97531990059305, 37.1862396740026], [125.96392581649714, 37.18288969490621], [125.96136715458074, 37.182360894143564], [125.96039352252788, 37.18281356819071], [125.96039890115398, 37.184653291349804], [125.96636774455995, 37.187774327476816], [125.96822359212628, 37.18680428645097], [125.97270894225713, 37.189692934007645], [125.9716605952758, 37.19461656351106], [125.97272562997553, 37.1950784829872], [125.97474101481224, 37.19400349879223], [125.97865089718466, 37.193087839355606], [125.98221895994293, 37.193187789267725], [125.98532220804994, 37.18952892759648], [125.98612458760562, 37.18762607171841]]], [[[125.71337959397995, 37.6155712359964], [125.72087122134224, 37.61439433347364], [125.72042112288982, 37.610817778045956], [125.71957101818221, 37.60903554703234], [125.72034970618357, 37.60546405835704], [125.71880971507717, 37.603764304299446], [125.7173176168611, 37.60401366395851], [125.71117324776594, 37.60685013918393], [125.7088157873946, 37.608516644096674], [125.70578141567486, 37.61187386763462], [125.71337959397995, 37.6155712359964]]], [[[125.67883598621135, 37.6352436400798], [125.68034932622234, 37.63960964298206], [125.68338836006905, 37.639338123797124], [125.68376074519806, 37.638880304435695], [125.68352692646526, 37.6382328203285], [125.68127517378143, 37.636592886798255], [125.68014358783864, 37.63477862903958], [125.68012054698363, 37.63266245800712], [125.6794440609298, 37.63190394282065], [125.67871618143795, 37.63249711805658], [125.67883598621135, 37.6352436400798]]], [[[125.71541690695665, 37.64640099554364], [125.7184297651931, 37.6460445196301], [125.71958537948616, 37.64464435317557], [125.71921125331207, 37.64434512808988], [125.71609159199703, 37.64498783421589], [125.71543732924916, 37.645392383154025], [125.71541690695665, 37.64640099554364]]], [[[125.71690735582179, 37.67390578219529], [125.71562129208642, 37.67276221129088], [125.71273476815844, 37.67172060916087], [125.71063859122626, 37.66803864002086], [125.71042107235897, 37.66624616201949], [125.70556992634711, 37.66314913284557], [125.70619837610909, 37.662622364425495], [125.70185663578701, 37.65876604209647], [125.70635423237967, 37.6562301486743], [125.70831750244722, 37.65558415859177], [125.71098823443843, 37.655744943989944], [125.71281555417744, 37.654490877878786], [125.71413779676588, 37.650100986340234], [125.71381742464177, 37.6494913053793], [125.70950067658927, 37.65126852340259], [125.7105328635445, 37.653155852746], [125.71015073756837, 37.653922292922644], [125.70544978503287, 37.655794583360205], [125.70038147950389, 37.65857848881873], [125.69725462097827, 37.65677555638339], [125.69685251849785, 37.65539340032193], [125.69266757750881, 37.65179886877246], [125.68624227409514, 37.651912563484984], [125.68375497229137, 37.65284828656636], [125.68292012710317, 37.65368349145964], [125.68377750525774, 37.655055722668116], [125.68343365065255, 37.6584847814409], [125.6811767222627, 37.66268734560478], [125.6815127718637, 37.663359614834], [125.68492735587098, 37.66472652625937], [125.68496705176366, 37.66777632327833], [125.68446143479073, 37.669402296487746], [125.68382226083614, 37.6709339396543], [125.68306861008602, 37.6714636807284], [125.6776419543649, 37.674006584462006], [125.67687912289156, 37.67397760614593], [125.67611439486487, 37.67600607277591], [125.67680412110771, 37.67961926205495], [125.67916754169404, 37.68082422637392], [125.68348671409005, 37.68122927504683], [125.68386349590186, 37.67954288746779], [125.68632282690385, 37.678167573993214], [125.69206657648108, 37.67738136867665], [125.69860866169498, 37.6786743217936], [125.70516259701321, 37.68147469494753], [125.7073962632669, 37.68150990924643], [125.70932197912909, 37.67999770167034], [125.71068195538312, 37.6801329222237], [125.7146431017359, 37.682362688563586], [125.71574530820757, 37.680774427222396], [125.71529530423882, 37.679440812781614], [125.71579824539421, 37.67759727684422], [125.71723148697497, 37.67530789416444], [125.71690735582179, 37.67390578219529]]], [[[125.69273110358166, 37.70618553286251], [125.69144068598999, 37.70913501670192], [125.69189430343354, 37.70963734815747], [125.69264712180929, 37.709388008699385], [125.69571114549555, 37.70601497641394], [125.69483463890087, 37.70552264455792], [125.69273110358166, 37.70618553286251]]], [[[125.65311044828809, 37.71475390641986], [125.65088245124674, 37.71569163618804], [125.65041649851229, 37.716597398277855], [125.65242125083546, 37.71728541387843], [125.65337177963887, 37.716895387876924], [125.65623039495952, 37.717193287364225], [125.65725172366251, 37.716649727612214], [125.65576495363344, 37.71525868385641], [125.65311044828809, 37.71475390641986]]], [[[125.64666659793886, 37.73767203062265], [125.64665269278673, 37.73836666709947], [125.6473855009226, 37.73857695354049], [125.65213360319329, 37.739073398915224], [125.65277381154158, 37.73821387218987], [125.65121071061179, 37.73557737321714], [125.64993461514086, 37.73498008159525], [125.64809792700648, 37.735897393502945], [125.64666659793886, 37.73767203062265]]], [[[125.64476576532418, 37.74770236347769], [125.64792498487733, 37.74709717008954], [125.64809808528007, 37.74662091497842], [125.64780378597334, 37.74620067003373], [125.64626147290716, 37.746052332431866], [125.64418913972835, 37.747427795559325], [125.64476576532418, 37.74770236347769]]], [[[125.64341192370605, 37.75015558265911], [125.64491273664034, 37.750494363940405], [125.64468366322208, 37.74960269944413], [125.64303993834595, 37.74892775894673], [125.64341192370605, 37.75015558265911]]], [[[124.77206140792924, 37.777380142213254], [124.76884152620315, 37.7737697053118], [124.76750087932282, 37.76927722020113], [124.76936155512249, 37.76844723349946], [124.76947188197201, 37.76780037516077], [124.7691377178399, 37.76719549390286], [124.76554636490773, 37.76557590843018], [124.76447070146985, 37.765567785548406], [124.75273495211647, 37.76975925946346], [124.74954844752084, 37.76795635304217], [124.74071983102822, 37.76574800946639], [124.74005670223868, 37.76396655047857], [124.7383042766817, 37.761559032790274], [124.7367427874483, 37.761107290597316], [124.73481467213121, 37.761459217174256], [124.73210032011126, 37.76082657116368], [124.73079131970997, 37.759980880437226], [124.73019096506208, 37.758443012579136], [124.7277124061136, 37.75990668694094], [124.72699916416755, 37.76134756855025], [124.72721075954752, 37.761944593671615], [124.73174773628405, 37.76429015260862], [124.73339878997422, 37.76589900109185], [124.73418943312338, 37.767246171775916], [124.73430582237793, 37.77088990185513], [124.73734573088565, 37.771970763365395], [124.74101153007214, 37.772509453739424], [124.74166335153718, 37.773051659465324], [124.74219642430046, 37.77423282582354], [124.74200235670862, 37.77571981057717], [124.74116992017657, 37.776475150062346], [124.73967668934647, 37.77687977401364], [124.74060728141927, 37.778632984451114], [124.74174233356283, 37.778794510925565], [124.7439793685982, 37.77630899270006], [124.74657265280186, 37.77570533393152], [124.75110067080783, 37.77769992049278], [124.75745196679934, 37.77759484502701], [124.76154458429818, 37.77798225130375], [124.76755003955799, 37.77958904409705], [124.77122448013043, 37.779563190191546], [124.77225770539908, 37.77920853161476], [124.77206140792924, 37.777380142213254]]], [[[124.65697406533299, 37.79885242371596], [124.65861059094821, 37.79893360737287], [124.66066308456146, 37.79844306883935], [124.66097280959934, 37.79796779056797], [124.65823829202468, 37.7976508313862], [124.65724715384917, 37.79809916780736], [124.65697406533299, 37.79885242371596]]], [[[124.72109719626533, 37.845497637257814], [124.72364315617544, 37.8429669473606], [124.72784340074108, 37.84229861904502], [124.72849726022032, 37.841449948362445], [124.72863352571459, 37.839156780913925], [124.71873425299296, 37.83597285487251], [124.71610726063814, 37.833604493034855], [124.71420090203665, 37.830364983528774], [124.7139286273115, 37.82949509983947], [124.71450633653613, 37.828190530163155], [124.71683534936984, 37.82760772340099], [124.71819020516885, 37.826495725088876], [124.72053780704574, 37.820138954086026], [124.7206330227349, 37.81704617715581], [124.71718335595959, 37.811320249793575], [124.71165941505333, 37.80699448851522], [124.70356857135809, 37.80449589215845], [124.70189029673506, 37.80436310341504], [124.70129716109626, 37.80450156778517], [124.69835970247756, 37.80834581538439], [124.6970708474707, 37.80853734951124], [124.68883155659148, 37.80595478944487], [124.68436227866404, 37.802265406495046], [124.68733714223161, 37.80060651262148], [124.68767265757796, 37.79996283653386], [124.682006966687, 37.79823402168329], [124.68093900070623, 37.79876322630215], [124.67913706236885, 37.801912359976946], [124.6814667840001, 37.804576750800926], [124.68410722259782, 37.805909708255186], [124.68485064271545, 37.81051718871231], [124.68375200754113, 37.81279323514819], [124.68086370047646, 37.81468153170475], [124.67937724376866, 37.81456350977253], [124.67868607773525, 37.813411907989966], [124.67676674821459, 37.81325437304626], [124.67537241519587, 37.81371307062353], [124.67398785864536, 37.81446222949794], [124.67179597577535, 37.81729330941529], [124.66781480428914, 37.81831803179224], [124.66283125200158, 37.82070527963015], [124.6621872102072, 37.82166806668399], [124.66217934620472, 37.822393512337044], [124.66518305963591, 37.82279058137529], [124.66886750243599, 37.822315442677066], [124.67112347422423, 37.820317447103825], [124.67219328202653, 37.820014103837366], [124.67462981470548, 37.81975475783589], [124.67707686607784, 37.82048015796906], [124.67932375817001, 37.82216457692349], [124.68179846579731, 37.825271975844984], [124.68035243401431, 37.826756041998834], [124.68485008291086, 37.83163543598242], [124.68631599465327, 37.83231879468059], [124.68762693252599, 37.83505192127188], [124.68708363819488, 37.835499118394246], [124.68728750206711, 37.83601130517241], [124.69167229717742, 37.83864193402012], [124.69940136805619, 37.840125989297825], [124.70177609934208, 37.84174988891963], [124.70259878904231, 37.84289313487071], [124.70310864700853, 37.84561534004502], [124.70130849481977, 37.848679315961625], [124.70270941983686, 37.84937435605659], [124.70503978802051, 37.84968125147596], [124.70686843104026, 37.84678003634036], [124.70885400885632, 37.84518369443822], [124.7179562835261, 37.84673836546673], [124.72114921259495, 37.84601693214176], [124.72109719626533, 37.845497637257814]]], [[[124.71649195196179, 37.982562654732945], [124.72157921032849, 37.98199407342299], [124.72249682559111, 37.980473427152454], [124.72449269865065, 37.979274040464006], [124.72644857910439, 37.979321855056895], [124.72982567840997, 37.97800311943094], [124.73076146340398, 37.975695680377655], [124.73052271300892, 37.972828171642576], [124.73159221046001, 37.96844300801756], [124.73290816348262, 37.96569468393251], [124.73737777521693, 37.96231918932366], [124.7402351069138, 37.96149682999534], [124.74134370375909, 37.961647117530056], [124.74227026964653, 37.962513257977704], [124.74327931518908, 37.962499276084095], [124.74553540608466, 37.9616410518385], [124.74625232674104, 37.959401559336925], [124.7459071450807, 37.957709548482526], [124.74423650394607, 37.957094226591686], [124.74106068072692, 37.956845530689066], [124.73749319950423, 37.95860003035232], [124.73654274263002, 37.96099793348674], [124.73556752246965, 37.961983085215664], [124.73463056911018, 37.962360527649494], [124.7330417458282, 37.96218775089887], [124.73010405631396, 37.96025354651846], [124.73001457192663, 37.95845459748535], [124.7303943928195, 37.957264684821375], [124.73553441581836, 37.95688450488403], [124.73748291106179, 37.9558919479906], [124.7375182069154, 37.95395691072865], [124.73491018501885, 37.951369791885995], [124.72966948824885, 37.950107665307634], [124.72903238632331, 37.95096231800314], [124.7301536664822, 37.951576119967534], [124.73134928313864, 37.953145854109], [124.73091724354654, 37.95373206616192], [124.72778896735898, 37.95415216234895], [124.72542370441548, 37.9538765858676], [124.72292572295818, 37.953091817962495], [124.71495006437875, 37.94691256850706], [124.70799514906811, 37.94410486390393], [124.7038701581051, 37.938171200464915], [124.70315624966612, 37.935030954247644], [124.70323501876456, 37.934380193355814], [124.7048017167366, 37.93322409115028], [124.70442657999718, 37.93069526360358], [124.70406216482867, 37.92997857637847], [124.70203582779725, 37.92938966918237], [124.6997188228851, 37.92705771507381], [124.69855714405738, 37.925147370796324], [124.6989163980784, 37.92200110427449], [124.69963120745638, 37.920993585695285], [124.69893471168928, 37.918833923239305], [124.69632731557431, 37.91701547934011], [124.68969339565038, 37.9144935599322], [124.68762689500646, 37.91532290494747], [124.6873312348452, 37.9173648445961], [124.68243372955625, 37.920813298077185], [124.67985217723216, 37.921957360388944], [124.67369384790611, 37.921096770746566], [124.67318445238543, 37.919845750244335], [124.6714711866896, 37.91926866226098], [124.66896780237974, 37.921219322065696], [124.66511459539451, 37.922480293886274], [124.66057826851338, 37.921909736007926], [124.65861877728763, 37.92088783073455], [124.65557645095697, 37.92066623965713], [124.65526230590679, 37.92155209617385], [124.65618985419539, 37.922385367071946], [124.65490019093843, 37.92318892216868], [124.65079278749657, 37.92338245214395], [124.6494965357183, 37.922342609659744], [124.6472641153861, 37.92218397413236], [124.64482552051261, 37.922912988062365], [124.63862700165929, 37.92252405512352], [124.63757839918725, 37.922898485937516], [124.63341894318475, 37.929539548471006], [124.63033587684342, 37.937410536285974], [124.62231388447124, 37.947089732377904], [124.62233326493535, 37.951698284678905], [124.62509619082955, 37.95298646871416], [124.62497750738498, 37.953282666487084], [124.61888789180414, 37.9581677011041], [124.61544173698695, 37.95899729507945], [124.61436592382755, 37.958532268784715], [124.61204687812688, 37.959973588638626], [124.61122755064154, 37.96093652042469], [124.61036344072325, 37.963327027297126], [124.60979013107615, 37.970060749733776], [124.61043044841496, 37.970811774517465], [124.61180941173485, 37.971120765961565], [124.61415403859174, 37.974171330244076], [124.61560252945841, 37.97809300560944], [124.62341493405748, 37.976722296434275], [124.6304255716435, 37.97378698666395], [124.6327386394488, 37.97165332279186], [124.6382152132438, 37.96912823558148], [124.64047054336363, 37.96875046447592], [124.64534950396727, 37.97023332441244], [124.64742809175037, 37.97340973267143], [124.65506884495991, 37.9730428125316], [124.65865701485188, 37.973893796429365], [124.66777698718762, 37.977413686844606], [124.67024424963851, 37.97969794922353], [124.67012239029121, 37.981053643257376], [124.67417652733343, 37.98190494318569], [124.67563111743644, 37.97978908784528], [124.67801896304512, 37.979390527013294], [124.68114548321513, 37.98043413720966], [124.68306666054866, 37.98204720159212], [124.68511982374439, 37.98245054010981], [124.68558472921771, 37.9815571312382], [124.68824828061359, 37.9804074035844], [124.69106906175705, 37.97963807265909], [124.69399760548123, 37.97976044295701], [124.69651033593522, 37.983226209926556], [124.69872016313353, 37.98345597405298], [124.7004692835292, 37.98303748325151], [124.70530079627957, 37.98430839700801], [124.70955207521865, 37.98235472936399], [124.71649195196179, 37.982562654732945]]], [[[126.02133855060525, 37.07683339211797], [126.01955645098835, 37.0716802313226], [126.02139469825967, 37.06921698949975], [126.02066274105078, 37.06809389401096], [126.01400085148349, 37.0638524115493], [126.0123081360647, 37.06361747935218], [126.01209062072384, 37.06520493893965], [126.01430397241288, 37.07063585877486], [126.01589526865637, 37.07177574660725], [126.01717129771404, 37.07349573556928], [126.0153281932389, 37.07564125085825], [126.01292840482492, 37.07628288629857], [126.01277420169961, 37.07830087669999], [126.01380783580541, 37.078477010423065], [126.01566907125594, 37.07705465400968], [126.01832798300083, 37.07778877229314], [126.02019631734771, 37.07758301922333], [126.02133855060525, 37.07683339211797]]], [[[126.08674661485855, 37.10550508248806], [126.08563457522678, 37.103615422097285], [126.08872545483852, 37.100842261849735], [126.08965730783588, 37.09891125922741], [126.08888054307042, 37.094928443182525], [126.08567590169682, 37.09348179848953], [126.0816457311131, 37.09017724222764], [126.07493923324958, 37.08349474904608], [126.06817438884299, 37.08319383437981], [126.06380144954589, 37.085324616490055], [126.06221951586166, 37.08903241047331], [126.06569363493035, 37.09288164892514], [126.06747832901932, 37.09320982880412], [126.06854811837346, 37.09226714278047], [126.07019224449996, 37.091823777100586], [126.07326229229373, 37.092362103796496], [126.0739477099134, 37.093775103947365], [126.07398228025146, 37.09557397609279], [126.07180542409634, 37.09737969471098], [126.06648819237824, 37.09681357320756], [126.06530976636469, 37.09765149192063], [126.06364687410834, 37.09676119686388], [126.06172950251305, 37.09491955242518], [126.06021968256975, 37.095311920483226], [126.06093277741483, 37.09831365941835], [126.06260311915032, 37.098540832448], [126.06610152270342, 37.10308649118078], [126.06634175617474, 37.105584617832754], [126.07160727378995, 37.105178174038116], [126.07666783268319, 37.106163158494155], [126.07815528893084, 37.1081196438938], [126.07970275030063, 37.10849519062982], [126.08548788591533, 37.107682140668885], [126.08674661485855, 37.10550508248806]]], [[[126.2727391258674, 37.12731618694479], [126.27440659094289, 37.126756823493054], [126.27435530488698, 37.12588461071245], [126.27368778845967, 37.12542127237544], [126.27217244409151, 37.125818900270524], [126.27202273709644, 37.12690600338301], [126.2727391258674, 37.12731618694479]]], [[[126.29766990150723, 37.127873668723446], [126.3010560885122, 37.13006452360123], [126.30392115697641, 37.129725237403306], [126.30402182241363, 37.129353428729345], [126.30132920211028, 37.12615356148047], [126.30068839907736, 37.125930794252525], [126.29814525703517, 37.12712969595732], [126.29766990150723, 37.127873668723446]]], [[[126.26658298794443, 37.13456382855761], [126.26812860197886, 37.13493736452706], [126.26875209306858, 37.134707835883134], [126.269127035614, 37.13380362876773], [126.26876907594651, 37.133254903714246], [126.26726234602022, 37.133049002009294], [126.26646134151626, 37.13359949516478], [126.26658298794443, 37.13456382855761]]], [[[126.30830618188426, 37.13659306260139], [126.30961551049771, 37.13310702738337], [126.30826302670921, 37.13135908992368], [126.30457451898572, 37.1315726555211], [126.30528392179151, 37.13328372116786], [126.30426479299233, 37.13585955410478], [126.30357611417347, 37.13685468534057], [126.30095334386907, 37.13747285911489], [126.30015071706116, 37.13832631709418], [126.29950693520273, 37.14017661892423], [126.30000007362183, 37.14058102873729], [126.30252374570291, 37.13946502766694], [126.30430063259915, 37.139723099858756], [126.30602985139866, 37.13911771161697], [126.30830618188426, 37.13659306260139]]], [[[126.27807751874901, 37.148949245003585], [126.27666790225035, 37.147434457154205], [126.2760473130879, 37.14587425580751], [126.2762943069693, 37.144400909236516], [126.2780121744284, 37.142887156806495], [126.27813470527536, 37.1422377444285], [126.27594322508747, 37.14041889097084], [126.27199897630199, 37.14428041300648], [126.27150027636087, 37.145319160494694], [126.27114823153717, 37.14886022966206], [126.27169798341797, 37.15000396181221], [126.27497411890914, 37.1508812106916], [126.27755265549679, 37.15073685342687], [126.2781805187632, 37.149838511273515], [126.27807751874901, 37.148949245003585]]], [[[126.26167897294272, 37.18114801448055], [126.26451775936441, 37.17921954549311], [126.26592758031987, 37.17646282911664], [126.26698363745119, 37.175526162383356], [126.26845110912399, 37.17536884946722], [126.27076272646883, 37.176497884793704], [126.27149574628878, 37.17616307757529], [126.27132940392728, 37.173569529257655], [126.27183282967397, 37.17008578300206], [126.27464775483665, 37.16474095382358], [126.27956559079826, 37.163661042205426], [126.28296349236749, 37.16363475797782], [126.28460702079008, 37.162827865666195], [126.28475149871505, 37.16210343849633], [126.28248302732888, 37.15771709288283], [126.27984377170165, 37.157036165911336], [126.2724905102124, 37.15956776508239], [126.27198128927407, 37.16064504100193], [126.2729358807958, 37.16236037181769], [126.2725564808323, 37.163089789309225], [126.26851503868352, 37.16626534775378], [126.26573842818311, 37.1676280710643], [126.26299327754545, 37.16845036233924], [126.2589224943819, 37.16888471830847], [126.25444261012501, 37.170813701309754], [126.25298049012555, 37.17077790401568], [126.25190606523293, 37.16999190459749], [126.24903657713642, 37.16984425170129], [126.24338396159636, 37.1741326005567], [126.24372911034096, 37.17608080122731], [126.24642433810936, 37.17863289025], [126.24849734706764, 37.179009035696836], [126.24962413181649, 37.17765175342506], [126.25055278974376, 37.17728898729316], [126.2535136278357, 37.17801008479603], [126.2528458501189, 37.180966700715594], [126.25435504793668, 37.1820057958585], [126.25563622827138, 37.18208392415801], [126.2571219776438, 37.18091464554067], [126.26167897294272, 37.18114801448055]]], [[[126.28783130959029, 37.17451990043104], [126.28873355857809, 37.17357986804324], [126.28818511147881, 37.172082955942074], [126.28674659163792, 37.17195737035108], [126.28582012731984, 37.17255492603784], [126.28588374023323, 37.17350843056565], [126.28648375102638, 37.17411024771078], [126.28783130959029, 37.17451990043104]]], [[[126.1006324977779, 37.186333530338295], [126.10515150145254, 37.18196857650266], [126.10462492549792, 37.17990450719346], [126.10575071038366, 37.179337550415426], [126.1101571432057, 37.17954910178671], [126.11113653968874, 37.18076119534725], [126.11123013432581, 37.182193748270414], [126.1125890961957, 37.18327659796533], [126.11351389062308, 37.18335701078837], [126.11461956662797, 37.182228981697286], [126.11510304883474, 37.180546345055596], [126.11457358433601, 37.17941770726545], [126.11210939058574, 37.17701505521364], [126.1087013094771, 37.176147991991435], [126.10795807117698, 37.17475155146128], [126.1076678202875, 37.172629344121084], [126.1082281508317, 37.17208977901623], [126.1100516167911, 37.17066637993813], [126.11113663657545, 37.17103752476759], [126.11261110364318, 37.17051752197723], [126.10993333879246, 37.16514587429913], [126.10671890274588, 37.16563618788487], [126.10488302725034, 37.16660524143271], [126.09724232896946, 37.166226122384444], [126.09400856909944, 37.16696443708526], [126.09207120559687, 37.169945483285275], [126.08820278975774, 37.172478619397495], [126.08695284914566, 37.1728349816574], [126.08462903178616, 37.17637970054406], [126.08438606050754, 37.17758312358653], [126.08492673173784, 37.17910658215291], [126.08638783174729, 37.18077398792194], [126.08924781408871, 37.18161301426297], [126.09018079687377, 37.18493566348768], [126.09300055489298, 37.1880872545172], [126.09555558912238, 37.18840586597227], [126.09716856150855, 37.18702433813637], [126.1006324977779, 37.186333530338295]]], [[[126.22017063731374, 37.187994653284925], [126.21839483813476, 37.185504686947795], [126.21830792012614, 37.18424408621863], [126.22229512137733, 37.182149538132634], [126.22434045616143, 37.18238758219916], [126.22602293155836, 37.18400542623864], [126.22652955129, 37.18531873473694], [126.22622115071209, 37.187302747826635], [126.22696966049638, 37.18802212432796], [126.23335251618256, 37.18663937472817], [126.24026243855897, 37.186632478576755], [126.24494732134734, 37.184541626069866], [126.24670632987763, 37.1848800899851], [126.24899426469288, 37.18381245883139], [126.24930445289199, 37.18300423814309], [126.24851026516271, 37.18234151842498], [126.24414780174341, 37.18203150678148], [126.24034291568648, 37.18046058527413], [126.23959960655465, 37.179021399843], [126.24179596132113, 37.177114810671696], [126.24140339022577, 37.17628395608284], [126.23919671351995, 37.17621828921346], [126.23781806828349, 37.17766514217992], [126.23288823410323, 37.17915733801448], [126.22835244296556, 37.177473268299565], [126.22742717081435, 37.177503856345595], [126.22560528106082, 37.178871633999506], [126.22351434644428, 37.17959854504727], [126.22046103923533, 37.178088166533676], [126.21926285473508, 37.17844338161105], [126.21535922810924, 37.18174635349127], [126.21386051968692, 37.184247831771195], [126.21400761908981, 37.18680119492487], [126.21555839441099, 37.1889558821853], [126.21801367544515, 37.18859602652745], [126.21989141089026, 37.18895471941006], [126.22017063731374, 37.187994653284925]]], [[[126.29619550290842, 37.18605986098928], [126.29778204022404, 37.185932308751106], [126.29820964957356, 37.185196513080456], [126.2978423762896, 37.18414821312863], [126.29696910097432, 37.18345355330654], [126.2949968310243, 37.18408859079739], [126.29499706453818, 37.185207251988025], [126.29619550290842, 37.18605986098928]]], [[[126.11449371213813, 37.18589938205165], [126.11572057429603, 37.18609297869664], [126.11693350031179, 37.18480200027107], [126.11550786792698, 37.18494617831855], [126.11449371213813, 37.18589938205165]]], [[[126.21111440160601, 37.191477929545385], [126.21241687198713, 37.19304184319208], [126.21510857320871, 37.19130750328429], [126.21536365646674, 37.190718518566904], [126.21457255341387, 37.19030998686983], [126.21216306640044, 37.19043710751355], [126.21111440160601, 37.191477929545385]]], [[[126.11022435660408, 37.19821801638742], [126.11086823023673, 37.198664818055555], [126.11248373708641, 37.19809716549507], [126.11234503681047, 37.19677323811141], [126.11179184129816, 37.19616824650001], [126.11095522785438, 37.19616814234921], [126.1099304549329, 37.19690288502509], [126.11022435660408, 37.19821801638742]]], [[[126.1030976355891, 37.207382113465435], [126.10458421244846, 37.20839993449868], [126.10582482062391, 37.207703047970476], [126.10542919444052, 37.20597385639865], [126.10447759453224, 37.205574348136786], [126.103242230394, 37.206317267328416], [126.1030976355891, 37.207382113465435]]], [[[126.17986420494648, 37.21799748755615], [126.1825983953272, 37.20940439895624], [126.1843792855018, 37.210348022018415], [126.18759725634101, 37.21042316408286], [126.19192222410268, 37.20934607369873], [126.18804108464518, 37.20289725922863], [126.18573935772962, 37.2017322791817], [126.18457538900935, 37.1999289206708], [126.18441972412582, 37.1957181701936], [126.18393334815165, 37.19348517135961], [126.18345161589252, 37.193167562983874], [126.18152222870974, 37.19536953453802], [126.17936602113461, 37.200385917898565], [126.17927109266948, 37.20476809867598], [126.17756923885034, 37.20848082549189], [126.17784841621446, 37.21035936753207], [126.1774844673635, 37.21116238701736], [126.1760555862513, 37.21200264301951], [126.17460870131032, 37.21220538559057], [126.16955217845917, 37.20878718010305], [126.16893315003671, 37.2093458818295], [126.16847312770422, 37.211326308813874], [126.16464643955743, 37.21209067542477], [126.16285167972575, 37.21069499042636], [126.16112275988267, 37.21072791788618], [126.16100652044857, 37.211968238504625], [126.16255065348525, 37.21307285507075], [126.16205597493769, 37.21426105239603], [126.16021207468378, 37.21546760945302], [126.15963652149253, 37.218225523270426], [126.16145894280456, 37.22176396420505], [126.15845735249744, 37.22442064252883], [126.1596128124728, 37.224852795077254], [126.16428543314017, 37.22407130048973], [126.16653135910451, 37.226712514805655], [126.16992286902571, 37.22922739099706], [126.1731428178753, 37.222102241212035], [126.17762294033409, 37.21855936303943], [126.17986420494648, 37.21799748755615]]], [[[126.18930723820459, 37.21831425417499], [126.18949307729473, 37.21883908056555], [126.19171639920575, 37.2186181969284], [126.19234217008076, 37.2182710028208], [126.19341805444371, 37.21621936609551], [126.19115987684286, 37.21683480040414], [126.18930723820459, 37.21831425417499]]], [[[126.18688356001337, 37.221101178162186], [126.18668281094139, 37.2198430752361], [126.18717951925709, 37.21890789077904], [126.18663433573175, 37.218839975656685], [126.18589413203628, 37.21938340929718], [126.18609444180517, 37.22059631070888], [126.18688356001337, 37.221101178162186]]], [[[126.110846843855, 37.27131048568518], [126.11116558092695, 37.26756256172504], [126.1097910925301, 37.2659805931094], [126.11169750606446, 37.258440176545285], [126.11331588163917, 37.25735610542586], [126.11495319175695, 37.25848885549985], [126.11892480095943, 37.25801150370046], [126.11884757860588, 37.254006717814164], [126.117086732211, 37.250990209293654], [126.11849515462427, 37.248281050939724], [126.1206671277851, 37.247364277592396], [126.12438787764809, 37.25038529595768], [126.12472079434366, 37.25181872024585], [126.12865317528717, 37.25181287986634], [126.13055668736118, 37.24966299905601], [126.13109900026382, 37.248096407853886], [126.13294063577219, 37.247516620946975], [126.13525519449884, 37.24760337151342], [126.13727314450308, 37.24688517672392], [126.13826447529878, 37.24423988021503], [126.139545625288, 37.24299275091555], [126.14270708767528, 37.241584761302825], [126.14531306394295, 37.24292990163594], [126.14593133975633, 37.24234104115145], [126.14568935930939, 37.240559298735555], [126.14289962924211, 37.24001557398974], [126.14282137603719, 37.23921227517461], [126.14339358048655, 37.23883250653056], [126.14479256594211, 37.23873793500586], [126.14853893819199, 37.23967241642671], [126.15186423689909, 37.239207694038996], [126.15807047251953, 37.23549887633205], [126.16617577910142, 37.23258211001923], [126.16624053083815, 37.230969600179385], [126.16274438476216, 37.22873175871833], [126.15686950102977, 37.22766226191909], [126.15556314707936, 37.226940217882124], [126.1540678687999, 37.22212813669257], [126.15210201189669, 37.22162642012414], [126.15067624028161, 37.2231916406157], [126.14912901024799, 37.22303047648809], [126.14658685142703, 37.21952363904694], [126.14631539799937, 37.218621415863396], [126.14679532696363, 37.21768711702254], [126.14811960024582, 37.216796400236255], [126.14934407378482, 37.216430108102095], [126.1518277286471, 37.21678554488406], [126.15289751821291, 37.21765596596473], [126.15728075022794, 37.216036803662526], [126.15800099992354, 37.21457901586873], [126.15486329028509, 37.21281948485394], [126.15445580214454, 37.210812161227416], [126.1574381104333, 37.21003169438412], [126.15762233990756, 37.209574859791815], [126.1568789812857, 37.20876780703282], [126.15248782991779, 37.20739058388117], [126.1520982808063, 37.206986915384476], [126.1525073968011, 37.20564403722667], [126.1520136004013, 37.20495326610205], [126.14924924721512, 37.204206148517535], [126.14386870819695, 37.20482590671623], [126.14001792764878, 37.20322308206822], [126.13985183051761, 37.2020764996142], [126.14244934743614, 37.200463211794805], [126.14325519936858, 37.198894147011536], [126.1407771730173, 37.196299085693], [126.13691677884177, 37.19558374410108], [126.13664385934554, 37.19752889540195], [126.13731656238083, 37.198221024796375], [126.13646301626605, 37.20082052949547], [126.13346142828931, 37.20016860369152], [126.13255480016147, 37.201135527326585], [126.13303900994381, 37.202645195950474], [126.13768541415064, 37.20671659889929], [126.14317278630254, 37.20933356494344], [126.14305443858333, 37.213456049804456], [126.14211356813227, 37.21427962162856], [126.13936185400105, 37.21365829486924], [126.13886746740715, 37.21302475375312], [126.12678418466483, 37.212592530871845], [126.11965294828713, 37.209647598634376], [126.11736428844448, 37.20928691062571], [126.11205871141522, 37.21201319683271], [126.11061025950183, 37.21331950525578], [126.11137228315468, 37.21436197529223], [126.11328604859389, 37.214284518742], [126.11510508379749, 37.21498537252519], [126.11587885825958, 37.21622242782601], [126.11436304967827, 37.22021986842723], [126.11261845104472, 37.22232572305401], [126.11171767884689, 37.2227484554127], [126.1091272907571, 37.22073711575052], [126.1045489159148, 37.21945443713149], [126.10016965366121, 37.222039754417615], [126.10200124657936, 37.22511274646674], [126.10437619731493, 37.226280965761426], [126.10464514598462, 37.22684588218622], [126.10301817167206, 37.229745773942156], [126.09695157915516, 37.22994432200238], [126.094387472482, 37.22666986915738], [126.09501691815505, 37.225255282884106], [126.09120344894309, 37.221481722850754], [126.08910473837317, 37.22029089356529], [126.08431724778637, 37.2211349316182], [126.0837598434615, 37.221644538512656], [126.08547566430249, 37.22410507303045], [126.0883222897371, 37.22677008710979], [126.08967471768898, 37.226364471713836], [126.09125540375706, 37.229900678537426], [126.09178790798278, 37.236561187052374], [126.0910658330113, 37.23802398899592], [126.09008308972884, 37.2382366719479], [126.08942426611895, 37.239528643974964], [126.08948383492688, 37.2472966246002], [126.09026020913265, 37.24896672304763], [126.09297114807327, 37.25070291899138], [126.09536258957642, 37.25355137440298], [126.09667111163837, 37.25962902884545], [126.09800426356236, 37.26215479490578], [126.10167170231963, 37.265047128917686], [126.10237516134053, 37.26868296965034], [126.10010320502086, 37.27154137770005], [126.10005696062821, 37.272162747852505], [126.10192919426318, 37.273730397079895], [126.10468414347375, 37.27452459097183], [126.10751671086791, 37.27307544806696], [126.10987366825631, 37.2736256742516], [126.110846843855, 37.27131048568518]]], [[[126.0869959292734, 37.26290490775853], [126.08939898848503, 37.26518357819225], [126.09054139680237, 37.26508352907101], [126.09118190158118, 37.26454013358404], [126.09132468362391, 37.26320119194521], [126.0885867876242, 37.26164321712045], [126.08760469447785, 37.26184040425981], [126.0869959292734, 37.26290490775853]]], [[[126.08665538812863, 37.276044532905836], [126.08729646821192, 37.27783892685516], [126.08569286537973, 37.28070248616263], [126.07846277129597, 37.28268228398215], [126.07547246907656, 37.2845596700893], [126.07522134895967, 37.28966450994695], [126.08159011198516, 37.290133688504326], [126.0843266134643, 37.28933760834767], [126.08739145170738, 37.285899420014566], [126.09248611104655, 37.2831657965065], [126.09846078877989, 37.279102104590805], [126.09727507845973, 37.276807881679815], [126.09243567626186, 37.27539898410389], [126.08717286109193, 37.27553557735063], [126.08665538812863, 37.276044532905836]]], [[[126.27164585990471, 37.319184557048914], [126.27242465426002, 37.31952759197831], [126.27359880770072, 37.31917622074735], [126.27457127299132, 37.3162625719378], [126.27675178822044, 37.31505600548177], [126.27661248273733, 37.313838855779174], [126.27559040187721, 37.31383561316721], [126.27111311792642, 37.31627254170466], [126.27164585990471, 37.319184557048914]]], [[[126.26401960316092, 37.32704089156585], [126.2674866526904, 37.33142289490397], [126.26931783806492, 37.33182445380482], [126.27009552138453, 37.331521783970736], [126.27010389901763, 37.33010599673395], [126.26947368352879, 37.32908421665816], [126.26564285849565, 37.326055415099795], [126.26428898846784, 37.32586725511309], [126.26401960316092, 37.32704089156585]]], [[[126.27655753045492, 37.54403015269416], [126.26900344908537, 37.545417185436364], [126.2646346470398, 37.545686286704715], [126.26476242294284, 37.546654655575246], [126.26773772149213, 37.5488432166699], [126.27028021074129, 37.548735454503046], [126.2734162937454, 37.54777286897914], [126.27624562950732, 37.54599954009929], [126.27655753045492, 37.54403015269416]]], [[[126.25805926420516, 37.55679581348215], [126.25925218518566, 37.55746835990268], [126.26333436462691, 37.55357068690715], [126.26591546874741, 37.55265670857382], [126.26608085091296, 37.55199208757917], [126.26420370333568, 37.55094823691388], [126.26071517349932, 37.55079268128576], [126.25805926420516, 37.55679581348215]]], [[[126.31792736262084, 37.15306025066064], [126.32334351849227, 37.154816848603666], [126.32435433957528, 37.15431471321692], [126.32479914554384, 37.153076010152475], [126.32366465909031, 37.15123158092429], [126.32241348129948, 37.15064519966857], [126.31794079269555, 37.15207666386494], [126.31792736262084, 37.15306025066064]]], [[[126.30277489482904, 37.17377687927375], [126.30547377136905, 37.17159885385906], [126.30729077421404, 37.17110288023438], [126.30952362680264, 37.172149001459104], [126.31215354279811, 37.17227289743729], [126.31515436699817, 37.169922431009695], [126.31481066392622, 37.16905321658632], [126.31735456285034, 37.16693109348268], [126.32504094732758, 37.1622260141619], [126.32590478978793, 37.16127107245082], [126.3222326892701, 37.15868295131302], [126.32044868961135, 37.15814268241801], [126.31592315362325, 37.16051658248161], [126.31276174658349, 37.15832163741063], [126.30684597365659, 37.15788772996715], [126.30557263309267, 37.1587485710913], [126.30538973018037, 37.15946027872002], [126.3065137997984, 37.16141927450095], [126.30441352771392, 37.1632666353234], [126.3005721812093, 37.16484320352425], [126.29856227518947, 37.164138880757214], [126.29462944422437, 37.164590260216116], [126.29425605061111, 37.1654802477376], [126.29514107121703, 37.16689315074952], [126.29497057837686, 37.168104086529745], [126.29167222166365, 37.16946375627742], [126.2902079209086, 37.17060805521425], [126.2895380400181, 37.172110808261564], [126.2895463537626, 37.17467755503836], [126.29053901701695, 37.175685968519375], [126.29473559120886, 37.176071343674465], [126.29534601111668, 37.17539124948439], [126.29540186011668, 37.17432728258774], [126.2964538276643, 37.173615931755364], [126.298507017038, 37.17285468719441], [126.30075430250984, 37.17371614794682], [126.30277489482904, 37.17377687927375]]], [[[126.36864979471297, 37.188687615485385], [126.36904052950291, 37.18742702835289], [126.36744921803788, 37.186978376810984], [126.36674297539571, 37.18732095478854], [126.3667231209975, 37.18859037185655], [126.36864979471297, 37.188687615485385]]], [[[126.36902962860503, 37.19370540312829], [126.3702642052161, 37.192804801202925], [126.37005061618302, 37.192026449955904], [126.36860373019063, 37.19226047589257], [126.36829176864299, 37.19329572339173], [126.36902962860503, 37.19370540312829]]], [[[126.36130813405445, 37.204702590001595], [126.36239735716183, 37.20371771828568], [126.36177504774712, 37.202714359235685], [126.36062204666842, 37.20271465998002], [126.35999809819731, 37.20323241003042], [126.36036754336652, 37.20438580216174], [126.36130813405445, 37.204702590001595]]], [[[126.43567869797039, 37.20822239535424], [126.43609174794528, 37.209060007777815], [126.43805817303368, 37.20851294148414], [126.4386449119792, 37.2076259396102], [126.43852273264548, 37.20672949554672], [126.43697033731358, 37.20662008945544], [126.43567869797039, 37.20822239535424]]], [[[126.36286145912537, 37.213680896615195], [126.36692410606373, 37.21139486005632], [126.36717925883134, 37.21039230618893], [126.36329907771547, 37.209498242849655], [126.36284628435928, 37.20977225893615], [126.36238664991802, 37.21288367528316], [126.36286145912537, 37.213680896615195]]], [[[126.30977188329469, 37.21433296666966], [126.31269741443073, 37.21662282454047], [126.31370228281112, 37.22148493462327], [126.31539840283712, 37.223000391697596], [126.31616437332471, 37.22298090596816], [126.31966332502925, 37.21869374669829], [126.32113152575099, 37.213684451626655], [126.32063992207311, 37.21255750813104], [126.31173316949271, 37.21141999163533], [126.30920712890442, 37.21210521041612], [126.30977188329469, 37.21433296666966]]], [[[126.39057354001785, 37.21958542253242], [126.3911925987108, 37.220194124277214], [126.39442015256067, 37.21979235946437], [126.39493115221461, 37.21964139100019], [126.39502613840195, 37.21901438521148], [126.39455741317386, 37.21836327141014], [126.39225595960356, 37.21844044683629], [126.39100027871464, 37.218919094901636], [126.39057354001785, 37.21958542253242]]], [[[126.3854930009827, 37.223087017666245], [126.38639735671423, 37.22277899347077], [126.38781101657331, 37.21979889941221], [126.38746598854513, 37.219432728320804], [126.38459239578974, 37.21977088720314], [126.38434143259695, 37.22069249891647], [126.3854930009827, 37.223087017666245]]], [[[126.51118194960381, 37.231942517358725], [126.51206493570558, 37.23360887893839], [126.51516351061981, 37.234777128613516], [126.51827061818314, 37.2339943300972], [126.5191851743522, 37.23220267690813], [126.51797915930881, 37.229854223792955], [126.5137951564589, 37.22766673414703], [126.51235685583688, 37.22819262156032], [126.51118194960381, 37.231942517358725]]], [[[126.39226359530564, 37.24175012127082], [126.38776758392126, 37.240520793736984], [126.38654562807574, 37.24045789920686], [126.38515408923321, 37.241040950688486], [126.38515426677642, 37.24152929664346], [126.38612423108462, 37.242150346119104], [126.3906218155236, 37.24224551699447], [126.39226572735329, 37.24320106123255], [126.39346923623194, 37.24508367034572], [126.39773896495109, 37.244145777906425], [126.40002622388067, 37.242230224091635], [126.39909305542199, 37.24145877806703], [126.39478147676698, 37.241275949617446], [126.39226359530564, 37.24175012127082]]], [[[126.52939082752671, 37.2502866757817], [126.52660030496584, 37.24910411670218], [126.52724266579152, 37.248007475626444], [126.52947723862744, 37.24633807197615], [126.5312731426353, 37.24565419137981], [126.53441019125586, 37.238934178726225], [126.53918086923848, 37.23556613751526], [126.54061240872633, 37.23379468778893], [126.53941159557978, 37.23203357410072], [126.53450248664495, 37.231634536870324], [126.53224285731946, 37.23194208636113], [126.52385271083668, 37.23546079142646], [126.52393148171078, 37.236806800983686], [126.5251181324856, 37.237610473810996], [126.52566605478036, 37.238876813389666], [126.5254849981964, 37.245480778094354], [126.5213628534927, 37.24966205130903], [126.51513959105564, 37.250501982281214], [126.51296442510682, 37.25286400457002], [126.51234163624613, 37.25467303787837], [126.51441409124517, 37.25719279987644], [126.52011552807697, 37.25818434172788], [126.52046500168055, 37.259217473940446], [126.52202177695823, 37.25964383424645], [126.52153118158887, 37.25798936655148], [126.52406173084795, 37.257624271751006], [126.52612760982602, 37.25514976141277], [126.52959327530326, 37.252138917731166], [126.52939082752671, 37.2502866757817]]], [[[126.48158735641594, 37.281264368050046], [126.48699880355201, 37.28260105914824], [126.49740358616552, 37.277092841227436], [126.49636562292633, 37.27460462951186], [126.49473776767877, 37.2732061247357], [126.49429643293821, 37.27143404019743], [126.49682456429572, 37.263814911462106], [126.50162622338301, 37.25826070097304], [126.50117325336655, 37.25570463018499], [126.50048287078408, 37.25463998941437], [126.49843336759027, 37.25314446215181], [126.49563780438133, 37.2531658159069], [126.49541109550103, 37.25640757978348], [126.49171155429025, 37.25942500167938], [126.48890501132831, 37.25965305134115], [126.48712538629471, 37.25892153554822], [126.48662583879701, 37.257545409194464], [126.48892181917164, 37.254201303563065], [126.48915653739755, 37.25029876403962], [126.48582243897714, 37.250083587639594], [126.48563696022843, 37.251138459928484], [126.48237558002481, 37.2548650684884], [126.47976688190742, 37.25480951719087], [126.47677853152408, 37.25363814637323], [126.47630234691951, 37.25261300812596], [126.48286326555707, 37.24920484672858], [126.48284017260393, 37.24755624500804], [126.48101097373416, 37.24542991909078], [126.48072719710449, 37.244295341398285], [126.48109304134606, 37.243723280821214], [126.48254206088316, 37.24321452176844], [126.48304116679017, 37.24194763776245], [126.48148486388372, 37.241074008305986], [126.47461575637628, 37.240315391715654], [126.47040156244886, 37.2382691619475], [126.46970337766905, 37.23759716072629], [126.46874730659081, 37.23511187850337], [126.46910283427, 37.23402494113385], [126.4686505944375, 37.232247136312324], [126.45897532149415, 37.22607443887318], [126.45996097985561, 37.225028015131166], [126.45953865675327, 37.22386390885344], [126.4570156929674, 37.224181456275836], [126.45562765647942, 37.226171212797915], [126.45263400260701, 37.229010040506566], [126.44254648530543, 37.23115813755796], [126.43540011701502, 37.23111798442242], [126.43156315743455, 37.233030342942676], [126.43110702652862, 37.23527609002902], [126.43145488848418, 37.23608718674136], [126.43106660860259, 37.244317350202294], [126.43145580762221, 37.247226385812375], [126.43558810365553, 37.24724620624451], [126.43468823015714, 37.251114851587865], [126.4350032404971, 37.254450317264215], [126.43276536636976, 37.259864272573815], [126.4320038399342, 37.26044877546102], [126.42859553168398, 37.261307860706225], [126.4277999881635, 37.26225030279835], [126.42925398437391, 37.263808520806855], [126.43529671100639, 37.26516258712976], [126.43622407978674, 37.26597513890509], [126.43628994752817, 37.26722849028353], [126.43385798585041, 37.268826356438495], [126.43376634034284, 37.274324603151236], [126.43564726931002, 37.27519203013693], [126.43779403831643, 37.272903036913895], [126.4406161607233, 37.27291113507589], [126.44328058635715, 37.27365106875229], [126.44745367590507, 37.27192557036497], [126.45113106383886, 37.274199831025754], [126.45369969157349, 37.2776759766183], [126.45382636788248, 37.27846088486486], [126.45341842283571, 37.27871217054462], [126.45038115218772, 37.27963002730308], [126.4515571383151, 37.28227809829834], [126.45424987925882, 37.28304931648399], [126.4564364996125, 37.2832939791046], [126.45785290769791, 37.282914827102125], [126.46648076861592, 37.284065708816414], [126.46934288218743, 37.286089315651566], [126.4699639711294, 37.287450195048145], [126.47062693197229, 37.28776021695003], [126.47065774226382, 37.28567528726735], [126.4748312851143, 37.282698670269525], [126.48158735641594, 37.281264368050046]]], [[[126.30342418603252, 37.265745906542335], [126.30517594044665, 37.263949432426465], [126.30718256850446, 37.26297106667596], [126.31535828434436, 37.262536360961], [126.31765460769957, 37.261476670989914], [126.32072437147166, 37.259228065922215], [126.32548608616405, 37.25723844084656], [126.32805745402821, 37.25748760334742], [126.32851515926822, 37.26069135144029], [126.33057780367571, 37.258791293898845], [126.33015902404145, 37.25711640844725], [126.33143336460459, 37.25544137034431], [126.33365288112924, 37.25564403126964], [126.33484894674308, 37.25671753126428], [126.33397433330958, 37.25782441715714], [126.33372244203149, 37.26143207487566], [126.33505595792546, 37.26308620066859], [126.33834390385877, 37.263619569337415], [126.34048280609004, 37.26333790078656], [126.34303355863607, 37.262097974049155], [126.3478084006981, 37.26101360740094], [126.34868854121004, 37.26037905234391], [126.34898605477272, 37.259302178760954], [126.34290464800343, 37.24999959911137], [126.34037371103203, 37.2488016310295], [126.33572578292205, 37.24815716818568], [126.33352939903678, 37.24632150228797], [126.33134179682624, 37.245380951495676], [126.32683618156602, 37.24533799585087], [126.32612700261369, 37.245547026887756], [126.32624053391937, 37.247066763294136], [126.32588069609278, 37.24731299491776], [126.32316687702992, 37.24709139865504], [126.32080786156803, 37.24580045967183], [126.31955878974318, 37.244189908748055], [126.31840223473343, 37.244026135475586], [126.31692086640257, 37.24430397981825], [126.31660856841484, 37.247791815637946], [126.31566185229529, 37.248542530702636], [126.31308851038656, 37.24930759173881], [126.31065686919351, 37.24885021930732], [126.31052801874131, 37.247622915724506], [126.31155879886754, 37.246165794010096], [126.31074130218184, 37.24577087070858], [126.30978084699072, 37.24612887775404], [126.30847600762353, 37.24725597186123], [126.308692312866, 37.2481761797734], [126.3077091219499, 37.251123902512816], [126.30547167655682, 37.25265389919578], [126.30317456653046, 37.25339737564166], [126.30128306304965, 37.25297617321132], [126.2995948261127, 37.25140757356466], [126.29693860271205, 37.25191419158813], [126.2958837530759, 37.25329717058583], [126.29533183372808, 37.255193913724014], [126.29426263800946, 37.25615346420494], [126.29144957638901, 37.25603190709151], [126.2866527807569, 37.25999349570644], [126.28575817074181, 37.25995826326889], [126.28407154506392, 37.258952525308004], [126.28085479792244, 37.25861472658572], [126.27793254257523, 37.26305894701388], [126.27900216525893, 37.264384616115635], [126.28217890791316, 37.263957596795024], [126.28330851242622, 37.26542502801218], [126.28416810784498, 37.26882858928578], [126.28339717276792, 37.27093937123448], [126.28416974764525, 37.27171643045581], [126.2866575200754, 37.272311203433595], [126.28842799859852, 37.272012731447504], [126.28882316442375, 37.27131286112268], [126.28798138111482, 37.270014822248285], [126.28922316484422, 37.267577148068604], [126.29506227948055, 37.26694529755297], [126.29784927356839, 37.2661387124377], [126.30151520913569, 37.26631845486552], [126.30342418603252, 37.265745906542335]]], [[[126.33267398680415, 37.5018812036835], [126.32848689395105, 37.4996163977021], [126.32606291223334, 37.50110957327348], [126.32743090267317, 37.50262088478395], [126.33071440364766, 37.50320798588223], [126.33306260738696, 37.50318182596309], [126.33267398680415, 37.5018812036835]]], [[[126.30796290672691, 37.50194082554025], [126.30325534939607, 37.49997276692109], [126.30262886282934, 37.500938386958296], [126.30366440246235, 37.502528359906606], [126.3050809018951, 37.50360062086145], [126.30647143032614, 37.503071024340656], [126.30782865755158, 37.50321366541596], [126.30823366993143, 37.50282761932778], [126.30796290672691, 37.50194082554025]]], [[[126.32077031061986, 37.51282938392109], [126.32310038122415, 37.51391274040691], [126.3240088727498, 37.513614345352465], [126.3245491520186, 37.51090542916161], [126.32275320461284, 37.50937084436241], [126.32191274867866, 37.50964521831611], [126.32077031061986, 37.51282938392109]]], [[[126.42499389092333, 37.518807558123456], [126.42631449895008, 37.51856551957334], [126.42692444883839, 37.517527822869496], [126.42674531173515, 37.516340403926286], [126.42439697270734, 37.51646553721205], [126.42499389092333, 37.518807558123456]]], [[[126.4198859262662, 37.518194048956694], [126.4177090166359, 37.51859266877463], [126.42023722706898, 37.52013225730818], [126.42145490402247, 37.51984169830687], [126.4198859262662, 37.518194048956694]]], [[[126.47388587335575, 37.52869578323471], [126.46958770463004, 37.527724261098086], [126.46809506727017, 37.5284980826124], [126.46720780217854, 37.528391077613385], [126.46708757768288, 37.52781642605217], [126.46689428398555, 37.524749151271514], [126.46854658307382, 37.52241146155797], [126.47076893129578, 37.52229410168756], [126.46964451637155, 37.51883044081255], [126.46776371226345, 37.515225725684125], [126.46859986423468, 37.51372537949538], [126.47082402564634, 37.51310776842568], [126.47063633900153, 37.51178280566102], [126.46678767461756, 37.510992223378], [126.46346665358556, 37.51110296146452], [126.46263650035274, 37.51195195283831], [126.46306992397648, 37.51354745231101], [126.45982686675262, 37.51634676176982], [126.45837907758917, 37.517246980090235], [126.45306798359582, 37.51893953414247], [126.45091111209464, 37.51890638566509], [126.45086120407156, 37.51791773649981], [126.4499331284454, 37.51647993889066], [126.4460207704785, 37.51658838097783], [126.44431063706621, 37.51731392129643], [126.43981996930759, 37.51605847801245], [126.43936985336154, 37.514743575210275], [126.43995906992842, 37.514323638494986], [126.43943211118297, 37.51394491031865], [126.4367802791504, 37.51469604361882], [126.43636481400424, 37.51632178430593], [126.43443950631926, 37.51754679703513], [126.43334078678537, 37.51779230197849], [126.43037647474, 37.51642986140311], [126.4291957090395, 37.517894839025736], [126.4324552763027, 37.524509342238396], [126.43845331459433, 37.530709761721575], [126.44221549148918, 37.533539558565685], [126.44364021069815, 37.534059184331035], [126.44672273227212, 37.53293412149469], [126.44904126937118, 37.533524855858836], [126.45142567843195, 37.53627452202509], [126.4546904207514, 37.537888523355996], [126.45688570723597, 37.54254429071943], [126.45650465096483, 37.54331520639621], [126.45697851008029, 37.544534939305805], [126.4613953145108, 37.54445749628786], [126.46551867885117, 37.5414926978509], [126.46623238377632, 37.539068844761815], [126.47251105442362, 37.5375538951513], [126.47382502255836, 37.53204624692487], [126.47388587335575, 37.52869578323471]]], [[[126.40114168533405, 37.530923821374586], [126.40371987197784, 37.53578756590155], [126.4086355662132, 37.537949688224046], [126.4124863326632, 37.54058458093951], [126.41356942583349, 37.54070429262134], [126.41400268432302, 37.54022311488715], [126.41498927428844, 37.537974513326844], [126.41508867534935, 37.535917608190985], [126.41224494990506, 37.534469088738355], [126.41277023685065, 37.53364675969014], [126.41143678441252, 37.528419909054236], [126.41233936632909, 37.5281935239162], [126.41274203044254, 37.52757418275124], [126.41241700763533, 37.52696418666855], [126.41110890971795, 37.52609025901], [126.40806537266069, 37.525941921480694], [126.40470543990739, 37.52742859645802], [126.40114168533405, 37.530923821374586]]], [[[126.39786221645008, 37.533093531256284], [126.39576832456994, 37.53244614508886], [126.39440804360032, 37.53442454066859], [126.3948511752577, 37.53490496411111], [126.39660209459076, 37.534821319300185], [126.39786221645008, 37.533093531256284]]], [[[126.43988871613034, 37.54592342632466], [126.44165909513913, 37.545244263289455], [126.44188572700142, 37.544577909070455], [126.44094754517371, 37.54387854311583], [126.43919887348531, 37.54414086820886], [126.43477905671439, 37.542542017586776], [126.43510065458686, 37.539826761255966], [126.4336633489728, 37.53741006082697], [126.43162988392719, 37.53101193278145], [126.42668765718135, 37.52574682317611], [126.42695248890014, 37.525030340298144], [126.42888391119824, 37.5234857745634], [126.4258003638316, 37.52144867279178], [126.42221049477989, 37.52276235816564], [126.41517885892654, 37.52221229828332], [126.41508351362228, 37.52269339935926], [126.41744818381437, 37.524634371065815], [126.42042068321435, 37.531143661409466], [126.42202627307898, 37.533172664775776], [126.42172990490096, 37.53483639215511], [126.42031293337674, 37.53619979817585], [126.42017693306845, 37.53779925718018], [126.42397660937989, 37.54666161997346], [126.42610412837168, 37.54833343099389], [126.42715207260581, 37.548604115081666], [126.43287604551801, 37.54446540957193], [126.43740059836662, 37.54605256996442], [126.43988871613034, 37.54592342632466]]], [[[126.33652756235165, 37.552144005598976], [126.3373590085615, 37.55190523113377], [126.34054199248904, 37.547547637175185], [126.34036722984459, 37.54515985782592], [126.34352899839834, 37.53954641845169], [126.34514452050908, 37.53868953964782], [126.3499005938719, 37.537538953252316], [126.35381981401207, 37.535376390607205], [126.3648504494707, 37.53488834864261], [126.37348342144745, 37.536772001686174], [126.38152060137061, 37.53762755862784], [126.38322738459462, 37.53804415238757], [126.38404239605501, 37.53925818783297], [126.38446081022875, 37.538584574412305], [126.38468513949107, 37.53546363253488], [126.38399998921373, 37.53076325272614], [126.38204991497506, 37.52736169778424], [126.37986906606505, 37.52746114361322], [126.37893753128911, 37.52865200597415], [126.36787328688989, 37.52969285964687], [126.3653296832685, 37.52941728677747], [126.3606745812484, 37.53066865112231], [126.35278812891198, 37.5297212503911], [126.34365266010668, 37.52792597582293], [126.34305884044855, 37.52764052476585], [126.34346829315804, 37.52651529466877], [126.34166938500056, 37.52558151962789], [126.33991167699837, 37.52621168758273], [126.33995920696525, 37.52946331414071], [126.33584047347853, 37.53033851796256], [126.3343423762987, 37.52903149423423], [126.33552561583728, 37.52724433886594], [126.33530985815462, 37.52675476869816], [126.32980265104642, 37.52550875912781], [126.32766524241097, 37.52368836654751], [126.32662601888134, 37.52168724635418], [126.32507948562504, 37.525062913895894], [126.32822823722623, 37.527781979418904], [126.32783200431062, 37.53095588568953], [126.32983956017559, 37.53613813529936], [126.3288065451083, 37.54106897659684], [126.32748065083679, 37.54255834437677], [126.31973312230845, 37.547531853559974], [126.31668820877786, 37.550274873792155], [126.31535960898388, 37.55052236260258], [126.3089793470725, 37.556088045698104], [126.30798189787158, 37.55776786758679], [126.3073598457992, 37.56024897316156], [126.30818716276052, 37.56054084358659], [126.30988616268445, 37.56022363084305], [126.31972264179561, 37.55614754259435], [126.32321763170349, 37.55375212890329], [126.32770301828494, 37.551755661164414], [126.32855486899348, 37.550871448551305], [126.33276611290867, 37.5506520286597], [126.33652756235165, 37.552144005598976]]]]}}, {"type": "Feature", "properties": {"sgg": "41111", "name": "수원시장안구", "sidonm": "경기도"}, "geometry": {"type": "Polygon", "coordinates": [[[127.01481031867287, 37.28944697115501], [127.01381360106102, 37.289036294806145], [127.01281700848644, 37.28752670943761], [127.00920787956647, 37.285520867887655], [127.006088315687, 37.28588984180126], [127.00064414960288, 37.289778988611694], [126.99054217648388, 37.28620366281203], [126.98841815457678, 37.28958372520589], [126.98612771298066, 37.28941155338559], [126.98437008242135, 37.29133621879853], [126.97759353356714, 37.28842660961371], [126.97876685881427, 37.286572649234536], [126.97427822076641, 37.28552216777181], [126.96957726973373, 37.28661526893942], [126.96980387421935, 37.28868605123941], [126.96807236175165, 37.294263508540766], [126.96495248046932, 37.296792485928094], [126.9636671837674, 37.29874380497139], [126.96371860197247, 37.30044089844818], [126.96444263920166, 37.30166555579206], [126.96424250277566, 37.30272262512767], [126.9610752166736, 37.3019687121463], [126.96397506329482, 37.30437030714423], [126.96634986009674, 37.308205988996754], [126.96666268436336, 37.31304881551076], [126.96770523980321, 37.31593794042539], [126.97000341451498, 37.31692400004181], [126.96692202659356, 37.323238361971136], [126.96694349595923, 37.32408018564124], [126.97069840912758, 37.33005614258977], [126.97119432204674, 37.33178863450821], [126.97354499516788, 37.330181136095725], [126.98093781840896, 37.32659362012859], [126.98277935878322, 37.326747023477566], [126.98710775533263, 37.329448508020306], [126.99141394401062, 37.33401242781888], [127.00046651030817, 37.33849368449755], [127.00611881535663, 37.3380699870098], [127.00652934063926, 37.3386205337903], [127.00910002456936, 37.338793477191864], [127.01093899279634, 37.34321561278761], [127.01261795861186, 37.345133471061615], [127.01269558713778, 37.34687909081712], [127.01330550123632, 37.34782579858821], [127.01461020553634, 37.34915055587573], [127.01850993547828, 37.350443073873905], [127.0188076940644, 37.35156311737541], [127.02508349180493, 37.34854234860914], [127.0263107404538, 37.348615467690045], [127.02877859223024, 37.347576341667015], [127.03344092364888, 37.34470695410112], [127.03206804934035, 37.34238478027626], [127.03153495011198, 37.33700386494246], [127.03485929928235, 37.334291485082105], [127.03601960050918, 37.33238961334525], [127.03594701932074, 37.331000069833046], [127.0368554114896, 37.32943859988637], [127.03826505789314, 37.32850216296585], [127.03718398499917, 37.32728219603714], [127.0372573324354, 37.3263653233896], [127.03991793157468, 37.32133695197896], [127.03889482898782, 37.32082601190011], [127.03807111345938, 37.31616030499192], [127.03423248277915, 37.31376785004161], [127.03230777780381, 37.30964317183556], [127.03332677228882, 37.30703887621769], [127.03257548433444, 37.29875432995582], [127.03450075482951, 37.295422269134264], [127.0345565828007, 37.29368951126961], [127.03301584942118, 37.292599010386326], [127.0265152362168, 37.29129264654674], [127.02510290104524, 37.289508060133016], [127.02376955494341, 37.28926477014381], [127.02251567320283, 37.28806762955775], [127.02049279563435, 37.2872820034656], [127.01870272173116, 37.28714741680899], [127.01481031867287, 37.28944697115501]]]}}, {"type": "Feature", "properties": {"sgg": "41113", "name": "수원시권선구", "sidonm": "경기도"}, "geometry": {"type": "Polygon", "coordinates": [[[126.99264594823835, 37.23085245816746], [126.99038570059315, 37.232632028703954], [126.98811538016567, 37.233594619232015], [126.98572346354352, 37.23263666292667], [126.98036006627134, 37.23224480351824], [126.97990824350472, 37.23104058195826], [126.97822458087872, 37.229572911663595], [126.97282308219386, 37.228720831700635], [126.9703933011367, 37.229196744879594], [126.969246441473, 37.23067355323894], [126.96770032493929, 37.234836430516346], [126.96695423283646, 37.23562517684138], [126.95776467963022, 37.23976480644073], [126.95735073332276, 37.24039952081551], [126.95799209596402, 37.2412666709224], [126.95795860148625, 37.24259827223269], [126.95618808412476, 37.24677043022802], [126.9533657525033, 37.24812870864571], [126.95272101599312, 37.249093574321286], [126.95224433524223, 37.25147262969224], [126.95070776062946, 37.25237208598442], [126.94998261312715, 37.25381883601669], [126.95004611715697, 37.255843884866394], [126.94652972524321, 37.2575040886718], [126.93950404894069, 37.25658882270524], [126.93513238561015, 37.25691731279785], [126.93478405743784, 37.25788126654158], [126.93200388404736, 37.26056086890653], [126.93084573671328, 37.261042058333445], [126.92900819260379, 37.26365626709575], [126.9272646844167, 37.27143133965148], [126.92868182060445, 37.27671912876092], [126.9280206867846, 37.27707543695035], [126.92737455910199, 37.278797346317106], [126.92807744173993, 37.28233869276924], [126.92929189604779, 37.286021026056744], [126.93139050784282, 37.288419865347464], [126.93297761091021, 37.291625149076864], [126.9395459653982, 37.29532169615995], [126.93934230170163, 37.296919565428304], [126.93546680305103, 37.298030129083706], [126.93258957102812, 37.30075996197891], [126.9327648013832, 37.30296558813472], [126.93474649732423, 37.30306543631546], [126.94158757536634, 37.301022473194784], [126.95173755137154, 37.30064712026998], [126.95229328176649, 37.30064969341378], [126.95290695188073, 37.302133881275836], [126.95430209847191, 37.303142571590826], [126.9610752166736, 37.3019687121463], [126.96424250277566, 37.30272262512767], [126.96444263920166, 37.30166555579206], [126.96371860197247, 37.30044089844818], [126.9636671837674, 37.29874380497139], [126.96495248046932, 37.296792485928094], [126.96807236175165, 37.294263508540766], [126.96980387421935, 37.28868605123941], [126.96957726973373, 37.28661526893942], [126.97427822076641, 37.28552216777181], [126.97876685881427, 37.286572649234536], [126.98133813136297, 37.28352261768414], [126.98386280760427, 37.2842536933016], [126.98611896885045, 37.28281897712277], [126.98661026366055, 37.28210901070926], [126.98665999678906, 37.27956167167863], [126.98567947255435, 37.27746731568875], [126.98586938206842, 37.27493973859734], [126.98692527047069, 37.27475615424428], [126.99313963695145, 37.27737439111898], [126.99743132393749, 37.269899946385955], [126.9986698127897, 37.266192543483314], [127.00102287396122, 37.26339576972796], [127.00191238613043, 37.264148798740834], [127.00718916086723, 37.26359624259576], [127.00981322291359, 37.267647618595745], [127.01219316316816, 37.26630088771367], [127.01358428967959, 37.26449591871563], [127.02067671924755, 37.264501184152486], [127.02934928316769, 37.26228249007329], [127.03134727289749, 37.26154154229445], [127.03158850045514, 37.261057445438645], [127.03046150805054, 37.25820133095293], [127.03667421739159, 37.25652104110118], [127.03946686085655, 37.25417140503255], [127.04039340213848, 37.252449714205135], [127.0425353552713, 37.25116137228451], [127.03955699721548, 37.247003397449795], [127.04030986041964, 37.24464578740758], [127.03713719682615, 37.240500473312274], [127.0366998915232, 37.238400803242776], [127.02964391368278, 37.23201023832599], [127.02289852640207, 37.22951454847343], [127.02395591418437, 37.2271841771877], [127.02262819268907, 37.224897164093015], [127.02166261785541, 37.22429045688932], [127.01359635547969, 37.226875044338954], [127.00986590606117, 37.22730698428197], [127.00368395585323, 37.229291369782516], [126.99264594823835, 37.23085245816746]]]}}, {"type": "Feature", "properties": {"sgg": "41115", "name": "수원시팔달구", "sidonm": "경기도"}, "geometry": {"type": "Polygon", "coordinates": [[[127.04018609477644, 37.27544486385062], [127.03699343257696, 37.27506735554131], [127.03833455225924, 37.26946135509624], [127.0347941758409, 37.26793779614611], [127.03586657318226, 37.26638928151273], [127.04040862083214, 37.265283700093846], [127.03667421739159, 37.25652104110118], [127.03046150805054, 37.25820133095293], [127.03158850045514, 37.261057445438645], [127.03134727289749, 37.26154154229445], [127.02067671924755, 37.264501184152486], [127.01358428967959, 37.26449591871563], [127.01219316316816, 37.26630088771367], [127.00981322291359, 37.267647618595745], [127.00718916086723, 37.26359624259576], [127.00191238613043, 37.264148798740834], [127.00102287396122, 37.26339576972796], [126.9986698127897, 37.266192543483314], [126.99743132393749, 37.269899946385955], [126.99313963695145, 37.27737439111898], [126.98692527047069, 37.27475615424428], [126.98586938206842, 37.27493973859734], [126.98567947255435, 37.27746731568875], [126.98663558873096, 37.27941847006465], [126.98655192260448, 37.28229128918376], [126.98386280760427, 37.2842536933016], [126.98133813136297, 37.28352261768414], [126.97759353356714, 37.28842660961371], [126.98437008242135, 37.29133621879853], [126.98612771298066, 37.28941155338559], [126.98841815457678, 37.28958372520589], [126.99054217648388, 37.28620366281203], [127.00064414960288, 37.289778988611694], [127.006088315687, 37.28588984180126], [127.00920787956647, 37.285520867887655], [127.01281700848644, 37.28752670943761], [127.01381360106102, 37.289036294806145], [127.01481031867287, 37.28944697115501], [127.01870272173116, 37.28714741680899], [127.02049279563435, 37.2872820034656], [127.02251567320283, 37.28806762955775], [127.02376955494341, 37.28926477014381], [127.02510290104524, 37.289508060133016], [127.02608501882771, 37.290968677718], [127.0271785496544, 37.2915510676582], [127.03301584942118, 37.292599010386326], [127.03393198638591, 37.293201483507204], [127.03826149275932, 37.2929863447301], [127.04322176615761, 37.290372381986764], [127.04294936222632, 37.28936292078916], [127.03884968001118, 37.28565128427378], [127.03880513434268, 37.284797001572805], [127.04079110542132, 37.28575125615083], [127.04338295604306, 37.285869449877325], [127.04407293717225, 37.28542697885888], [127.04172577298739, 37.28406373139534], [127.04375559105836, 37.27915438615593], [127.04405384082548, 37.274707160443825], [127.04036470307629, 37.275866936235275], [127.04018609477644, 37.27544486385062]]]}}, {"type": "Feature", "properties": {"sgg": "41117", "name": "수원시영통구", "sidonm": "경기도"}, "geometry": {"type": "Polygon", "coordinates": [[[127.05153953406085, 37.234355435289615], [127.04594803705946, 37.232787118152984], [127.04498933939965, 37.233173413920106], [127.0444990584281, 37.23425870821334], [127.0416427665501, 37.23519800329479], [127.03912974666868, 37.23719247766688], [127.04262323978682, 37.24675055836817], [127.04109033038665, 37.24737441676272], [127.04042661129985, 37.24700449520929], [127.04099612791059, 37.244432132977565], [127.04084753133411, 37.2437695927672], [127.04000184904987, 37.24326545333831], [127.03968326246633, 37.24350305425567], [127.04030539778894, 37.245033371146356], [127.03955699721548, 37.247003397449795], [127.0425353552713, 37.25116137228451], [127.04039340213848, 37.252449714205135], [127.03946686085655, 37.25417140503255], [127.03667421739159, 37.25652104110118], [127.04040862083214, 37.265283700093846], [127.03586657318226, 37.26638928151273], [127.0347941758409, 37.26793779614611], [127.03833455225924, 37.26946135509624], [127.03699343257696, 37.27506735554131], [127.04018609477644, 37.27544486385062], [127.04036470307629, 37.275866936235275], [127.04405384082548, 37.274707160443825], [127.04375559105836, 37.27915438615593], [127.04172577298739, 37.28406373139534], [127.04407293717225, 37.28542697885888], [127.04338295604306, 37.285869449877325], [127.04079110542132, 37.28575125615083], [127.03880513434268, 37.284797001572805], [127.03884968001118, 37.28565128427378], [127.04294936222632, 37.28936292078916], [127.04322176615761, 37.290372381986764], [127.03826149275932, 37.2929863447301], [127.03393198638591, 37.293201483507204], [127.0345565828007, 37.29368951126961], [127.03450075482951, 37.295422269134264], [127.03257548433444, 37.29875432995582], [127.03332677228882, 37.30703887621769], [127.03230777780381, 37.30964317183556], [127.03423248277915, 37.31376785004161], [127.03807111345938, 37.31616030499192], [127.03889482898782, 37.32082601190011], [127.03991793157468, 37.32133695197896], [127.04066937798633, 37.32003173535493], [127.04902540099998, 37.31591974988571], [127.05394637562658, 37.31609276414704], [127.05773830012212, 37.3155064473423], [127.05811267518868, 37.3133670497766], [127.06061731958967, 37.31094262670583], [127.05817834925789, 37.304899118080115], [127.06054880908984, 37.30429350192902], [127.0609553808064, 37.30374854352557], [127.06088516125602, 37.301392275555955], [127.0600896638569, 37.299455839705544], [127.0605887323512, 37.2965833858392], [127.07934432974142, 37.29327478564497], [127.07979844684168, 37.295353674443895], [127.08559364835422, 37.2981315778418], [127.08927393908193, 37.297635121585635], [127.08988322859707, 37.29841355682057], [127.09057974788645, 37.29714363993999], [127.08831098648984, 37.29317439401815], [127.08789383640881, 37.29027828429297], [127.08883418116694, 37.28696676749261], [127.0865185335492, 37.286080948032634], [127.08413476308137, 37.28631822665879], [127.08168263906177, 37.28463299515125], [127.07541111503502, 37.282238873946945], [127.0695382561455, 37.27874279235638], [127.06793482071738, 37.27446884428573], [127.06692552892557, 37.27393559166973], [127.06465737194159, 37.271105907789334], [127.0650397961788, 37.27024873501022], [127.06847685547157, 37.26867823820608], [127.06994641419139, 37.26672868451782], [127.07359844429799, 37.26611429756931], [127.0748875786492, 37.26450543590208], [127.0752147528115, 37.26235340019837], [127.07590037849853, 37.26150967228793], [127.0769008525062, 37.261392114039026], [127.07758613837004, 37.26243624898209], [127.07763498298148, 37.26353052002851], [127.07599161853601, 37.26572740626982], [127.07760851655785, 37.265695905998705], [127.07750912918324, 37.266983789333366], [127.07905050134846, 37.26730900229016], [127.08552868391035, 37.270508152007324], [127.08620366981569, 37.264773130473046], [127.0841511220123, 37.262452730248114], [127.08284175262358, 37.262149536375986], [127.08105293178278, 37.25996747379677], [127.08104842260938, 37.2584970540441], [127.08377901077125, 37.25847288226469], [127.08469846603053, 37.256609091726304], [127.08336115172489, 37.254743006546995], [127.08243871904678, 37.25445083748968], [127.08181515221604, 37.25268120112246], [127.08258404940048, 37.25160793785304], [127.08192886447955, 37.25085885308019], [127.0824864125986, 37.25009058267616], [127.08210870040487, 37.24940352490584], [127.08003514715102, 37.24754042543945], [127.07548683090508, 37.247424990732014], [127.06961848176353, 37.246191415116435], [127.0682806132478, 37.24488965767232], [127.06621168726228, 37.243882199339524], [127.06597970585186, 37.24105289882057], [127.06688291124728, 37.24122227219689], [127.06709464242009, 37.24037275211155], [127.06499941626545, 37.240036814889926], [127.06440116376572, 37.23927268130704], [127.06325900249342, 37.23916712186339], [127.05827468337701, 37.23413173691389], [127.05255806454186, 37.23106016184879], [127.05383373689268, 37.23231679604334], [127.05362148473142, 37.23344385504144], [127.05153953406085, 37.234355435289615]]]}}, {"type": "Feature", "properties": {"sgg": "41131", "name": "성남시수정구", "sidonm": "경기도"}, "geometry": {"type": "Polygon", "coordinates": [[[127.119982883778, 37.41926667071649], [127.1179614007708, 37.41520951658397], [127.11833555045469, 37.41122786503144], [127.11574647067849, 37.40900660287914], [127.11245510991478, 37.40783308603255], [127.10657171582919, 37.40765124512835], [127.1025591422324, 37.40970646944234], [127.10027426062922, 37.408779189426205], [127.09954932741834, 37.40722559354942], [127.09291187405651, 37.4050869485869], [127.08937038982488, 37.40326068449653], [127.08889073063496, 37.4029029744369], [127.08899026681333, 37.40096990242821], [127.08605807168006, 37.399224565850396], [127.0840106493746, 37.39696952369935], [127.07851493492377, 37.39911446785234], [127.07652737208377, 37.39882568638917], [127.07451042268629, 37.39786636855714], [127.06763507846138, 37.39795183767051], [127.06305171953751, 37.398660605504865], [127.0558749505216, 37.40242527422457], [127.04975358444794, 37.40365390598352], [127.04493757338543, 37.403748140153574], [127.04369971656885, 37.40420642770929], [127.04236639503327, 37.407112635226135], [127.04279101446623, 37.40824109185007], [127.04674694820645, 37.41075876049592], [127.04705230494996, 37.41306181126507], [127.04675185046257, 37.41360037457231], [127.04167534027411, 37.415633660359624], [127.04182910582954, 37.42691491657111], [127.04591520843624, 37.42908721146393], [127.04746704771722, 37.4308710922291], [127.05089348836941, 37.42965493838711], [127.05459305525741, 37.42941429917556], [127.0579699857536, 37.43013371714853], [127.06315602842413, 37.42970655656821], [127.06567425909925, 37.42901070369192], [127.06674646562391, 37.4301309895159], [127.0681601579917, 37.43057635676533], [127.07045631000307, 37.430063405275675], [127.07143014670831, 37.43520137071211], [127.07263076471189, 37.43638989243632], [127.07337772677296, 37.439340069370694], [127.07196867805327, 37.440005365823], [127.07165113315283, 37.44179568919055], [127.07242381988966, 37.44235311818686], [127.0747577953676, 37.44241871142911], [127.08157748469769, 37.44100424016319], [127.08257397354552, 37.441462955150094], [127.08394220713889, 37.443818099535505], [127.08542684472533, 37.44494214062432], [127.08798962369333, 37.445061519871594], [127.0883242428717, 37.44863730582032], [127.09082304770212, 37.45283100779609], [127.09213854762868, 37.45362282864218], [127.09428333076085, 37.456523907590565], [127.09512176906705, 37.45830022314795], [127.09462732031123, 37.45878188620678], [127.0963176312864, 37.461432021370484], [127.09684826973064, 37.45960747433698], [127.0982144531008, 37.45879413651465], [127.10055722250593, 37.45905108024201], [127.10350183559004, 37.45962547869016], [127.1047330603367, 37.462148924063946], [127.10630703065962, 37.462538385867475], [127.11339677845646, 37.46107109840832], [127.11287825202389, 37.46048469749533], [127.11364393448, 37.459737941639425], [127.11560171615524, 37.458595082431124], [127.11674713187564, 37.458594296695395], [127.11746048978142, 37.46217165665754], [127.1238272606048, 37.46629894967228], [127.12506666419759, 37.46890107776615], [127.12577335731729, 37.4692052756925], [127.12873065029008, 37.46790874966559], [127.13056448214506, 37.46762846921045], [127.13267621542862, 37.46823394934359], [127.13186702298056, 37.469734177728434], [127.13229040895786, 37.47028082536919], [127.13258889298031, 37.474846847260416], [127.15445251626403, 37.4736852785665], [127.15436269368145, 37.47173364742644], [127.16279715069004, 37.47125938009386], [127.16224749203174, 37.470418411306866], [127.1646152487135, 37.469097701086106], [127.17073526870294, 37.469945283180444], [127.17330017194548, 37.47142951811744], [127.17595660831105, 37.47219961484187], [127.17687748886894, 37.471571179598214], [127.17369440492517, 37.46577677894535], [127.16629817382125, 37.46066902666759], [127.16084827827204, 37.45417943838781], [127.15688402419163, 37.445049600086136], [127.15225372691619, 37.442591061906526], [127.14447626778014, 37.43954354218162], [127.13680676525102, 37.43509470946883], [127.1258821339138, 37.43303818444421], [127.1183888109848, 37.43232565827615], [127.11778538144125, 37.42219925112955], [127.1193815121643, 37.42113733977522], [127.119982883778, 37.41926667071649]]]}}, {"type": "Feature", "properties": {"sgg": "41133", "name": "성남시중원구", "sidonm": "경기도"}, "geometry": {"type": "Polygon", "coordinates": [[[127.19335894221092, 37.42609698689695], [127.19463802974579, 37.42539347415219], [127.19382629736137, 37.424083624859186], [127.19137287368767, 37.42206379873072], [127.18622991318364, 37.41917823986167], [127.18547421741879, 37.418148677171686], [127.1854317547245, 37.41629617395157], [127.18488976233455, 37.41534496877871], [127.18290490990108, 37.41489686082406], [127.1802577417367, 37.41590262345924], [127.1790022374182, 37.41582375984261], [127.17695761262834, 37.41464752878672], [127.17786450373907, 37.41265223387876], [127.17715341278021, 37.40901671566778], [127.17500811268476, 37.40585376527822], [127.17425924843835, 37.40542693949518], [127.17324199114897, 37.405833123459004], [127.16772453846919, 37.40597886766451], [127.16466554574558, 37.40669245965013], [127.15527757605896, 37.41076559544888], [127.15166428468174, 37.410485718873105], [127.14655154224674, 37.41098320232183], [127.14634550460488, 37.41155737003548], [127.14686648536272, 37.41249732778739], [127.14359500065562, 37.41504290975377], [127.13521864897598, 37.41688658707303], [127.12211634135642, 37.416949091223856], [127.1179614007708, 37.41520951658397], [127.119982883778, 37.41926667071649], [127.1193815121643, 37.42113733977522], [127.11778538144125, 37.42219925112955], [127.1183888109848, 37.43232565827615], [127.1258821339138, 37.43303818444421], [127.13680676525102, 37.43509470946883], [127.14447626778014, 37.43954354218162], [127.15225372691619, 37.442591061906526], [127.15688402419163, 37.445049600086136], [127.16084827827204, 37.45417943838781], [127.16629817382125, 37.46066902666759], [127.17400321991784, 37.46611339088566], [127.17691102556596, 37.47133353568197], [127.17595660831105, 37.47219961484187], [127.17629858726056, 37.47255659219202], [127.17773121888236, 37.473406666505866], [127.18003706798096, 37.473760117875386], [127.18105370146309, 37.473289546856094], [127.18097046013372, 37.471792995789535], [127.18202610284817, 37.467894001886066], [127.18160443928619, 37.460469014384735], [127.18338128744051, 37.45909018661274], [127.18960846177194, 37.458163549404986], [127.19099094021566, 37.45735319679481], [127.19236868963566, 37.455335155509765], [127.19472809130455, 37.44901793428576], [127.19596143208892, 37.44387878897706], [127.19365607434285, 37.439163116790084], [127.19378904369479, 37.43392420834538], [127.19523060864046, 37.431031221967686], [127.19439895628815, 37.42987080482462], [127.19335894221092, 37.42609698689695]]]}}, {"type": "Feature", "properties": {"sgg": "41135", "name": "성남시분당구", "sidonm": "경기도"}, "geometry": {"type": "Polygon", "coordinates": [[[127.13250992988979, 37.349187968764774], [127.13414047372821, 37.34720772327876], [127.13785866646893, 37.34439444637006], [127.13806240995363, 37.342227236970174], [127.13753954161281, 37.33987977871], [127.1304711079624, 37.3376203367418], [127.12329187362045, 37.337006052485215], [127.12071627538178, 37.33440745512825], [127.11707307597652, 37.33340081434626], [127.11466750970958, 37.335281409099636], [127.11339768027035, 37.335664862717806], [127.11031409948193, 37.334639560195306], [127.10895863437398, 37.33601172199929], [127.1039652961785, 37.33861274616817], [127.10270015460546, 37.33996058258117], [127.10224979511966, 37.34241196367596], [127.10115598031132, 37.34310789911906], [127.09699149272102, 37.343218934150975], [127.09245796143517, 37.34712780529746], [127.08817247980734, 37.34881770612168], [127.08633378709814, 37.35146699142606], [127.08355588978169, 37.352030749671115], [127.08004192939165, 37.34992937177604], [127.07761553161657, 37.34907687798075], [127.0752089120173, 37.35143298379344], [127.07347500938377, 37.355396423902874], [127.07052142396492, 37.35789383211047], [127.06116431723245, 37.360722500010986], [127.05798512368064, 37.36078502544858], [127.05547233611532, 37.35998464708711], [127.054140247417, 37.360154275978346], [127.05294665767083, 37.36112664216762], [127.05288114275268, 37.36360406393324], [127.04713938889107, 37.36666324421706], [127.04608774298211, 37.36841183707405], [127.03060321261833, 37.37197155887198], [127.02794237427015, 37.37214238803066], [127.02708438230145, 37.375570939236084], [127.02888689203216, 37.37924673889712], [127.02969112188279, 37.37933557071427], [127.03145617101568, 37.381236595157496], [127.0353643893056, 37.388793154927704], [127.03703546450683, 37.389384464921804], [127.03871191386324, 37.391068714608565], [127.03824183475142, 37.3985235046], [127.03740989577302, 37.40106885231458], [127.03845798711578, 37.40196534444998], [127.0407497853139, 37.402272696065936], [127.04347111822854, 37.40358474570465], [127.04369971656885, 37.40420642770929], [127.04493757338543, 37.403748140153574], [127.04975358444794, 37.40365390598352], [127.0558749505216, 37.40242527422457], [127.06305171953751, 37.398660605504865], [127.06763507846138, 37.39795183767051], [127.07451042268629, 37.39786636855714], [127.07652737208377, 37.39882568638917], [127.07851493492377, 37.39911446785234], [127.0840106493746, 37.39696952369935], [127.08605807168006, 37.399224565850396], [127.08899026681333, 37.40096990242821], [127.08889073063496, 37.4029029744369], [127.08937038982488, 37.40326068449653], [127.09291187405651, 37.4050869485869], [127.09954932741834, 37.40722559354942], [127.10027426062922, 37.408779189426205], [127.1025591422324, 37.40970646944234], [127.10657171582919, 37.40765124512835], [127.1136210867682, 37.408100540913445], [127.11574647067849, 37.40900660287914], [127.11833555045469, 37.41122786503144], [127.1179614007708, 37.41520951658397], [127.12211634135642, 37.416949091223856], [127.13119441960293, 37.41711183912681], [127.13521864897598, 37.41688658707303], [127.14265100342452, 37.41542314454485], [127.14686648536272, 37.41249732778739], [127.14634550460488, 37.41155737003548], [127.14655154224674, 37.41098320232183], [127.15166428468174, 37.410485718873105], [127.15527757605896, 37.41076559544888], [127.16466554574558, 37.40669245965013], [127.16772453846919, 37.40597886766451], [127.17324199114897, 37.405833123459004], [127.17425924843835, 37.40542693949518], [127.17161619680242, 37.40100953046627], [127.17082894197797, 37.39791122031992], [127.16835948132105, 37.39490505057439], [127.16829158722578, 37.39267611966476], [127.17681186712497, 37.387247493904376], [127.17718974905127, 37.386551082230426], [127.17651174013764, 37.38487239346137], [127.17345123672445, 37.382672770073654], [127.16793571070426, 37.38035100269824], [127.16169008470975, 37.37971360263005], [127.1609786550244, 37.377950442632056], [127.16112557834468, 37.37576096142275], [127.16052109061826, 37.37278529021694], [127.15619050950484, 37.36861187463357], [127.15285403079064, 37.363535230316685], [127.15019197074653, 37.361353927152194], [127.14443214395307, 37.35938863911604], [127.1394819152213, 37.359960688320946], [127.1339446102722, 37.358477799991036], [127.13173657886057, 37.35120127164445], [127.13285549753294, 37.350536611872386], [127.13250992988979, 37.349187968764774]]]}}, {"type": "Feature", "properties": {"sgg": "41150", "name": "의정부시", "sidonm": "경기도"}, "geometry": {"type": "Polygon", "coordinates": [[[127.04508536551484, 37.69244158977186], [127.04312276342398, 37.695154890397866], [127.04157672512686, 37.695359575959856], [127.03843294482027, 37.69327393913332], [127.0358948425088, 37.692243533337894], [127.0324683384129, 37.69171225536733], [127.03114435070763, 37.69293904860681], [127.02972940163872, 37.69618608589092], [127.02930086691775, 37.69881850916214], [127.02802837701364, 37.700589039529184], [127.02715195609714, 37.70071847505716], [127.02489704499293, 37.69943741173222], [127.02208984531892, 37.699604079920086], [127.01956770660941, 37.70107989967062], [127.01584584752527, 37.70102523886384], [127.0154681940325, 37.70327587974166], [127.01939376315842, 37.707264545181125], [127.01951076520142, 37.70814268811524], [127.01338341935049, 37.714162076881514], [127.01275538340043, 37.71650743578269], [127.01357453017289, 37.71736031729457], [127.0141396936362, 37.71921036400806], [127.01360139501568, 37.71932532651937], [127.01149516508626, 37.72234842047822], [127.01262874457586, 37.723715252007935], [127.01262952360494, 37.72576013851769], [127.0108879596336, 37.726253160361026], [127.00872555638571, 37.72807160210406], [127.0096758430208, 37.729056874236214], [127.00979863224529, 37.73011869290369], [127.0031079370001, 37.73864536658834], [127.00219622395967, 37.7405703357762], [127.00316482557648, 37.74252336078094], [127.00457080312002, 37.74317608469071], [127.00289682876392, 37.74389691366252], [127.00242972731749, 37.74457994646976], [127.00298053227836, 37.749838093964506], [127.00277315858824, 37.75093006948308], [127.00210093119051, 37.75140269662043], [127.0033370594396, 37.75307082764065], [127.00127950905909, 37.758995070263104], [127.00226780893739, 37.76276275264856], [127.00469643709387, 37.763181457662874], [127.01060277815522, 37.76617262272433], [127.01728497525039, 37.768561608845914], [127.01870691670103, 37.768587704558364], [127.02263749370789, 37.76728099045034], [127.02547242662672, 37.7669465773414], [127.03507653091806, 37.76772393911251], [127.04116910312399, 37.76673946832589], [127.04647594752662, 37.763198629498355], [127.0508635018672, 37.760941899230524], [127.0545857993204, 37.76237447821284], [127.05647226201435, 37.76171348978161], [127.0602462104348, 37.76211745337616], [127.06540098346264, 37.76366456505537], [127.07045255479231, 37.76583135439968], [127.07405345048156, 37.76849543047091], [127.07805287092785, 37.76963534102422], [127.07913992555156, 37.76953332331588], [127.08154004411253, 37.770674346685915], [127.08299763487014, 37.77267912148343], [127.08467794129328, 37.77360552756496], [127.09272695093539, 37.77660792393105], [127.1034617681679, 37.77868156749032], [127.10434295102165, 37.7796703467051], [127.11069304525438, 37.779398569424664], [127.11541044391299, 37.776432948278504], [127.11564289068853, 37.773756788013834], [127.11892102536656, 37.7736018173135], [127.1201212316109, 37.77399326004638], [127.12806637597392, 37.77183963238266], [127.12867207160777, 37.77063267817175], [127.1290981200691, 37.76688790557068], [127.12734842095504, 37.76543009689257], [127.12650500792198, 37.7656209846878], [127.12543404543239, 37.76329933582198], [127.1270059702665, 37.763645559973114], [127.13342752506644, 37.7622866870777], [127.13966031640152, 37.76407250012188], [127.14318207347452, 37.75883916181186], [127.14670654041863, 37.75483612452198], [127.14204320018018, 37.74992335977333], [127.14248418667157, 37.74777052728048], [127.13825675773802, 37.74731147946694], [127.13622365516224, 37.74931179480239], [127.12848454433028, 37.747825256814394], [127.12822968807423, 37.74714958690348], [127.12904481159467, 37.74554462115908], [127.12629489145132, 37.743798427910214], [127.12371484262724, 37.738612198745656], [127.12366723324567, 37.734980696518136], [127.1256456736925, 37.733538159795444], [127.12576770058203, 37.72747149326406], [127.12411777498545, 37.72597228996795], [127.12366104289836, 37.7228703027096], [127.12300668791717, 37.72213697843665], [127.11819598708583, 37.72080105173056], [127.11656462226652, 37.71795375299951], [127.11261200738291, 37.71778141379042], [127.11166606368285, 37.717225111675596], [127.109304407241, 37.71280643317884], [127.10901358230244, 37.708639076384], [127.10706670800576, 37.70765804192706], [127.10365495794386, 37.707213984624495], [127.10150612900043, 37.70494624311778], [127.099087944101, 37.704770913721674], [127.09663008884273, 37.70221376712027], [127.09495755764662, 37.70274076721295], [127.09400517651352, 37.70380295869411], [127.09115922250034, 37.702529189057806], [127.08384074446305, 37.70174104662776], [127.0803557598973, 37.69959776168512], [127.08111169633146, 37.696090674589485], [127.07734112258754, 37.69638438035926], [127.07446414228079, 37.69547696624938], [127.07262766395625, 37.694349538326875], [127.06939271852256, 37.69436593641173], [127.06451166037573, 37.689644160687884], [127.06038027346888, 37.688692605626706], [127.05682643317415, 37.68956824131381], [127.05482232424197, 37.689347752455866], [127.05077658612298, 37.68702162431446], [127.05005198259853, 37.68821988524722], [127.05009513084583, 37.69034831676072], [127.04911961679898, 37.69352177983605], [127.04820486178114, 37.69391373716467], [127.04508536551484, 37.69244158977186]]]}}, {"type": "Feature", "properties": {"sgg": "41171", "name": "안양시만안구", "sidonm": "경기도"}, "geometry": {"type": "Polygon", "coordinates": [[[126.91689755914611, 37.376091922713954], [126.91482673779718, 37.375412424886], [126.91170591228109, 37.36908738379795], [126.91163659280095, 37.367836324667785], [126.9083088498347, 37.36338936928926], [126.90759182119099, 37.36033359835308], [126.90554068773868, 37.35875159588259], [126.90434265245867, 37.35709373711978], [126.90118869704526, 37.35682768091791], [126.89723786976528, 37.35806727082639], [126.89560585331078, 37.3601422610302], [126.89109725252328, 37.375271248747616], [126.88648898053886, 37.376576687788805], [126.88191192588266, 37.37622071772795], [126.88013894648161, 37.38218978232223], [126.87792523462406, 37.38729005392973], [126.87609271251853, 37.39466150894793], [126.87758191780716, 37.39713126594393], [126.87770972315325, 37.39978070979685], [126.87727460324393, 37.40013683706961], [126.87700377716085, 37.40205411663258], [126.87740611484372, 37.404746437982325], [126.87541093565612, 37.40679367693462], [126.87078219766178, 37.406740965890116], [126.8702997005587, 37.40811072745635], [126.87124142968752, 37.41254820689587], [126.87993581662806, 37.41019311269691], [126.88890763641983, 37.41255627687943], [126.88960545791154, 37.41775931043727], [126.88894543155969, 37.418869476629915], [126.89035196127448, 37.420399692809035], [126.89188937679066, 37.42052739564175], [126.89395825617454, 37.4216776253315], [126.89647795488283, 37.42562435295497], [126.8965687444459, 37.42775778781668], [126.89406984893137, 37.4290316889906], [126.89583286557328, 37.43063053747821], [126.8978091648131, 37.4310214188156], [126.8991691722238, 37.433923971164056], [126.89964762576548, 37.4374541044718], [126.90192185647521, 37.436370485591574], [126.90446939432324, 37.43405783101786], [126.90723769665212, 37.43359339310883], [126.90873404837288, 37.43382122608362], [126.91038108264989, 37.435409093963955], [126.91134537315976, 37.437543503922846], [126.91235693921024, 37.43858947998881], [126.91433303720524, 37.44003921643165], [126.91805469641226, 37.439893100232], [126.91942912784175, 37.44077530881788], [126.9210933163163, 37.44412527627808], [126.92212393079929, 37.445170267474644], [126.92874943387082, 37.450192651427095], [126.93102571728235, 37.44782068134244], [126.93032509262132, 37.44738768387578], [126.9305129143402, 37.445293092043975], [126.93537015417954, 37.44284880051098], [126.93784633858509, 37.44017758130266], [126.93726979733725, 37.43845143579548], [126.93863857292533, 37.436049097653104], [126.94021282317256, 37.435723633571115], [126.9414036876912, 37.43741350228305], [126.94491857170948, 37.43703837864929], [126.94822328964148, 37.43852266164281], [126.94787676176146, 37.43554425566147], [126.94886083308454, 37.431964950320804], [126.948303338085, 37.43096355802964], [126.94892530988163, 37.42986974676085], [126.94812988236995, 37.42782928345919], [126.94802308901768, 37.42230604900096], [126.94630860304049, 37.4217105057967], [126.94741613523955, 37.42136317277504], [126.94180995508253, 37.41908465370689], [126.93654780144816, 37.413536949125906], [126.93522363535774, 37.4133152046067], [126.93305941619663, 37.41379445082369], [126.9294041975267, 37.413385181920816], [126.92751556799874, 37.407342510793775], [126.92823718340271, 37.40494385395029], [126.92783917945513, 37.40083385540447], [126.93149101039933, 37.39742301101459], [126.93971818589573, 37.39349845437097], [126.94133772344486, 37.39182169038631], [126.94177930206234, 37.38987116784859], [126.94130079701786, 37.386134971828746], [126.93900771056015, 37.38110572161363], [126.93945053731886, 37.38003744042731], [126.9408169706462, 37.379126761608966], [126.94118537511306, 37.37676239726842], [126.94007611539308, 37.375851238119886], [126.93276542443216, 37.377470334413005], [126.9269472561717, 37.37763845213979], [126.92141780726472, 37.376518614550996], [126.91753037900642, 37.37678121145729], [126.91689755914611, 37.376091922713954]]]}}, {"type": "Feature", "properties": {"sgg": "41173", "name": "안양시동안구", "sidonm": "경기도"}, "geometry": {"type": "Polygon", "coordinates": [[[126.9496573785077, 37.3680396320573], [126.94707458458723, 37.36997906391843], [126.94555143567499, 37.37303435435952], [126.94669408597204, 37.37565818924537], [126.94619552803658, 37.37625528052558], [126.94379812109456, 37.37798931557868], [126.94065965605098, 37.379206010080836], [126.93907963488938, 37.38054833797492], [126.93908272064316, 37.381460993175274], [126.94130079701786, 37.386134971828746], [126.94177930206234, 37.38987116784859], [126.94133772344486, 37.39182169038631], [126.93971818589573, 37.39349845437097], [126.93149101039933, 37.39742301101459], [126.92783917945513, 37.40083385540447], [126.92823718340271, 37.40494385395029], [126.92751556799874, 37.407342510793775], [126.92778586774996, 37.40885248538368], [126.9294041975267, 37.413385181920816], [126.93305941619663, 37.41379445082369], [126.93522363535774, 37.4133152046067], [126.93654780144816, 37.413536949125906], [126.94180995508253, 37.41908465370689], [126.94741613523955, 37.42136317277504], [126.94630860304049, 37.4217105057967], [126.94802308901768, 37.42230604900096], [126.94812988236995, 37.42782928345919], [126.94892530988163, 37.42986974676085], [126.948303338085, 37.43096355802964], [126.94886083308454, 37.431964950320804], [126.94787676176146, 37.43554425566147], [126.94822328964148, 37.43852266164281], [126.95102396150014, 37.4384181980641], [126.9525900789986, 37.43920882680613], [126.95524710269909, 37.43859441045875], [126.95924612643675, 37.439200297809606], [126.95997532791841, 37.44026117481033], [126.96302053572039, 37.440314217212006], [126.96380325483926, 37.44076820569039], [126.96547671626905, 37.440305766413964], [126.9643123232593, 37.437638640415145], [126.96423853614226, 37.43138937304131], [126.96264453916007, 37.43106879092443], [126.96183958966355, 37.4268741168247], [126.96091249941706, 37.426027772947236], [126.96180701935567, 37.424563035382555], [126.96263495297917, 37.421063940351374], [126.96401549804355, 37.41913226551188], [126.97376439451027, 37.41496216215216], [126.975260527257, 37.41260271641134], [126.97615402539546, 37.40609991091706], [126.97826412422307, 37.40335555169955], [126.98083268484922, 37.40281589457139], [126.98256974682245, 37.400674863707884], [126.98219007396912, 37.398838343004364], [126.9795063009424, 37.39589204939503], [126.98182997895643, 37.39437891677716], [126.98100990707415, 37.3931933893607], [126.97888750911977, 37.3923649366683], [126.9741636543356, 37.38846698154161], [126.97279657593296, 37.38676857623711], [126.97222734197067, 37.381255260231946], [126.9653662106099, 37.37197852115409], [126.96535389643537, 37.3673510923106], [126.96434043454829, 37.36514940121078], [126.96617069097442, 37.36324788247843], [126.9661259655316, 37.36218743652841], [126.96213627602094, 37.36155526752112], [126.95701969199604, 37.36603091744259], [126.95312516466127, 37.3662935269521], [126.9496573785077, 37.3680396320573]]]}}, {"type": "Feature", "properties": {"sgg": "41192", "name": "부천시원미구", "sidonm": "경기도"}, "geometry": {"type": "Polygon", "coordinates": [[[126.79180551683, 37.48276007326166], [126.76151935183418, 37.487097993761765], [126.74241834123944, 37.48849242368556], [126.74163400667263, 37.49510062224512], [126.7436166896993, 37.50148007622003], [126.74157538479264, 37.50892647718734], [126.7437481893118, 37.51036965397367], [126.74551087794198, 37.514648921382594], [126.75058973900076, 37.51497879431479], [126.75194632718139, 37.51538615875971], [126.75200360198652, 37.516408840512376], [126.75496975175955, 37.51659399631061], [126.75957405398505, 37.51556038608361], [126.76028391197161, 37.515858514553315], [126.7601155684194, 37.51797195930608], [126.76557221589356, 37.51798643797695], [126.7655764372415, 37.5175557328302], [126.76661141697096, 37.51728806226106], [126.76656647568333, 37.51685705171792], [126.76855769900409, 37.51683024273452], [126.7686941553053, 37.51544099940864], [126.76994743391906, 37.51546833147318], [126.77143809229574, 37.513832923847104], [126.7836635545399, 37.51811101079998], [126.79314609242995, 37.52246205506097], [126.79532835408288, 37.52228243245367], [126.79596489372861, 37.52017707982642], [126.79512215968278, 37.520274877045885], [126.79529504637436, 37.517574044102496], [126.79379851549523, 37.517271424380965], [126.79422999568237, 37.51582517707826], [126.79229553766874, 37.51505003101377], [126.79024991289413, 37.51304072467809], [126.79004911791799, 37.51088585581265], [126.79124888643906, 37.51029941173355], [126.7914132368003, 37.50907231135315], [126.7910804056476, 37.506802293320945], [126.79437274709602, 37.50702660427383], [126.79561015365603, 37.50611378769283], [126.79750499086617, 37.50585096920423], [126.79950084426018, 37.50682775046294], [126.80138435070269, 37.50624597390629], [126.80366436954279, 37.50684680033156], [126.81503819561128, 37.50574599148842], [126.82244783209921, 37.50607499270451], [126.82159414369191, 37.50206125263034], [126.8202030071265, 37.50157854833323], [126.81937728085474, 37.500496958735276], [126.81975742349445, 37.49922652525298], [126.81592677323366, 37.497640120958714], [126.81435947151455, 37.49831427098729], [126.81400109341502, 37.497196197678996], [126.81297731654085, 37.49628962225115], [126.81429483706856, 37.49463307701937], [126.81439205171421, 37.49319883168195], [126.81558683506911, 37.49307426271257], [126.8159367180301, 37.49243018760815], [126.82061745720135, 37.490756286446604], [126.81445831819521, 37.486156386604236], [126.80317151055881, 37.48240483871034], [126.79180551683, 37.48276007326166]]]}}, {"type": "Feature", "properties": {"sgg": "41194", "name": "부천시소사구", "sidonm": "경기도"}, "geometry": {"type": "Polygon", "coordinates": [[[126.8166582135094, 37.473917647410495], [126.8178380724679, 37.473154565431756], [126.81866669118571, 37.47413464079345], [126.81845825767184, 37.4751775933127], [126.81950268554296, 37.475114721472075], [126.81922071956207, 37.47615756282263], [126.82122081968524, 37.476254383282466], [126.82167903237476, 37.4753055805661], [126.82513204844062, 37.476764289350726], [126.82876030899904, 37.47610043541639], [126.8317936893084, 37.47757456016188], [126.83301396161603, 37.47725141703063], [126.83229637099332, 37.47629623523995], [126.83252783865547, 37.47424820375376], [126.8320338084239, 37.473423260323656], [126.83350818425534, 37.46870015780759], [126.83316709443123, 37.465891610198106], [126.83145970646595, 37.466349969004305], [126.83106418856374, 37.46482246133927], [126.83008468737394, 37.46472608949905], [126.82768251341001, 37.46321957581753], [126.82541814943431, 37.45897541656627], [126.82379474592156, 37.459240243657185], [126.82318878179714, 37.45834593213372], [126.82090218974567, 37.458616708862984], [126.81972798781526, 37.45945185021443], [126.8177409602437, 37.459185868560304], [126.81547724355998, 37.46098382973417], [126.81322719253603, 37.45993309060435], [126.81334881136401, 37.458719902822665], [126.81268149427244, 37.45917612862719], [126.81183705763704, 37.45885795104738], [126.81150775606666, 37.45987818322783], [126.80888945495994, 37.46209263633409], [126.80410042833815, 37.461504747380836], [126.80307894797792, 37.46173856928813], [126.8024011276309, 37.46265477915118], [126.80093753234253, 37.46288597157175], [126.80106459775043, 37.463748195580365], [126.7988097642539, 37.46453757251679], [126.79651795987898, 37.4640246886252], [126.79477040116103, 37.46571763670376], [126.79252715928246, 37.46526370199124], [126.78926886749365, 37.46565530596121], [126.78778384050446, 37.46684067702755], [126.78790827760115, 37.46925941961509], [126.78518635225161, 37.47005550810269], [126.78436410606298, 37.47127421069877], [126.78432257487653, 37.472409533683695], [126.77964590877062, 37.471456013085366], [126.77709618918445, 37.47220891147015], [126.77456443819783, 37.471415134965206], [126.77295909212032, 37.472305895434296], [126.77187771895562, 37.472357973155304], [126.77156333055072, 37.47184698511173], [126.76774170110463, 37.471761614987166], [126.76734824962875, 37.47332849545078], [126.76519239622635, 37.47523383436109], [126.76221584278464, 37.47564601973594], [126.76179150186124, 37.476328628374915], [126.75905976539794, 37.47682057853956], [126.75826612978476, 37.478822428155546], [126.75621147666097, 37.47975814270681], [126.75581412096801, 37.48082362685125], [126.75524909356278, 37.48082006650005], [126.75549364101308, 37.48280365419383], [126.7545166304779, 37.483701743172425], [126.74979887898745, 37.485347444074996], [126.74697298698051, 37.48538820222915], [126.7426005760681, 37.48664671488251], [126.74241834123944, 37.48849242368556], [126.76151935183418, 37.487097993761765], [126.79180551683, 37.48276007326166], [126.80317151055881, 37.48240483871034], [126.81445831819521, 37.486156386604236], [126.82061745720135, 37.490756286446604], [126.82274064286251, 37.4899828759034], [126.82302813743821, 37.488075585129366], [126.82347338363573, 37.48774529501596], [126.82232800406587, 37.48673686309676], [126.819433860404, 37.48547008179098], [126.81945499544433, 37.482710605338944], [126.81992797954862, 37.48176183308888], [126.8195678101004, 37.48027634637438], [126.81820103658725, 37.47814290424062], [126.81705381922485, 37.478117689213704], [126.81486798616335, 37.475781575028556], [126.81475306932268, 37.47466778953366], [126.81539225029476, 37.4740082135457], [126.8166582135094, 37.473917647410495]]]}}, {"type": "Feature", "properties": {"sgg": "41196", "name": "부천시오정구", "sidonm": "경기도"}, "geometry": {"type": "Polygon", "coordinates": [[[126.82555878046828, 37.51984566665043], [126.82323826442374, 37.51618095339048], [126.82332366694594, 37.51488924385545], [126.82421341578271, 37.51434613232688], [126.82447101675223, 37.51303582782136], [126.8238507279461, 37.510956927582576], [126.82396616252524, 37.50905844576419], [126.82467933759746, 37.50832832061221], [126.82223742544647, 37.50760093183891], [126.82244783209921, 37.50607499270451], [126.81503819561128, 37.50574599148842], [126.80366436954279, 37.50684680033156], [126.80138435070269, 37.50624597390629], [126.79950084426018, 37.50682775046294], [126.79750499086617, 37.50585096920423], [126.79561015365603, 37.50611378769283], [126.79437274709602, 37.50702660427383], [126.7910804056476, 37.506802293320945], [126.7914132368003, 37.50907231135315], [126.79124888643906, 37.51029941173355], [126.79004911791799, 37.51088585581265], [126.79024991289413, 37.51304072467809], [126.79229553766874, 37.51505003101377], [126.79422999568237, 37.51582517707826], [126.79379851549523, 37.517271424380965], [126.79529504637436, 37.517574044102496], [126.79512215968278, 37.520274877045885], [126.79596489372861, 37.52017707982642], [126.79532835408288, 37.52228243245367], [126.79314609242995, 37.52246205506097], [126.7836635545399, 37.51811101079998], [126.77143809229574, 37.513832923847104], [126.76994743391906, 37.51546833147318], [126.7686941553053, 37.51544099940864], [126.76855769900409, 37.51683024273452], [126.76656647568333, 37.51685705171792], [126.76661141697096, 37.51728806226106], [126.7655764372415, 37.5175557328302], [126.76557221589356, 37.51798643797695], [126.76100039843163, 37.51797749905144], [126.76033573950393, 37.524096485668615], [126.7606752647558, 37.535559183257924], [126.76422921126341, 37.54976768130778], [126.7650091405121, 37.55047736825197], [126.76416963970844, 37.55082455403332], [126.76648567999, 37.55287513841468], [126.76620290339415, 37.55412641065769], [126.76776737040495, 37.553252749263436], [126.76755205986355, 37.55196156491669], [126.77006995897497, 37.550978649560854], [126.77174355287455, 37.54830671551869], [126.77535088099287, 37.54907289687588], [126.7768099492983, 37.548220383680494], [126.77758806822771, 37.546580543218255], [126.78738159904084, 37.545856910605835], [126.79175385110695, 37.543749145282604], [126.79204263901718, 37.54181259097819], [126.79475011739817, 37.54151553418303], [126.79429625972055, 37.540103159341925], [126.79331632842324, 37.53972530437267], [126.79419086150547, 37.53824255652565], [126.79399992799979, 37.53685599843281], [126.79440080024341, 37.5358308630404], [126.7994928752337, 37.537862976163396], [126.79924277476947, 37.539287754136616], [126.79875266469878, 37.53945424425372], [126.79897862359417, 37.54026810049534], [126.80082930134539, 37.54087622214214], [126.80039135696313, 37.541695932034415], [126.80284918268174, 37.543081647758], [126.80731969293072, 37.543616329528724], [126.81236247403122, 37.54070900314653], [126.82214710748974, 37.54067925643016], [126.82159176906264, 37.53972471742037], [126.82239555187377, 37.53648905840298], [126.82182013892042, 37.53487051219933], [126.82273976828229, 37.53376959297373], [126.82351416829786, 37.533774031692396], [126.82345155799305, 37.53254021409573], [126.82549355628521, 37.529820663399846], [126.82709170524357, 37.52980041242791], [126.82814341277962, 37.529033040568464], [126.82785606360801, 37.52817973060304], [126.82880519039114, 37.52651114665625], [126.82644686830982, 37.52496078881907], [126.82525092855003, 37.52314896258325], [126.82555878046828, 37.51984566665043]]]}}, {"type": "Feature", "properties": {"sgg": "41210", "name": "광명시", "sidonm": "경기도"}, "geometry": {"type": "Polygon", "coordinates": [[[126.87124142968752, 37.41254820689587], [126.8702997005587, 37.40811072745635], [126.87061411769638, 37.40691020418847], [126.87575523483555, 37.40658137111308], [126.87740611484372, 37.404746437982325], [126.87700377716085, 37.40205411663258], [126.87498748064499, 37.401574776899864], [126.87061082037326, 37.402155478176056], [126.86197071959414, 37.40151426752884], [126.85769100486401, 37.40223876860144], [126.85374360089598, 37.40547125544367], [126.85284363304994, 37.40829427751273], [126.84683229132187, 37.411669991087855], [126.8463182574987, 37.41246936453525], [126.84459863470771, 37.42096646588715], [126.84550703509258, 37.4229082701916], [126.84193004295568, 37.4263789695589], [126.84191431827689, 37.427852609093414], [126.84004457647296, 37.43171150335372], [126.84061791966514, 37.43310483020428], [126.84185799280701, 37.43380026868901], [126.8417444279463, 37.43442822207118], [126.83974582387287, 37.43660174893658], [126.83780503243456, 37.436932281932044], [126.83771444390942, 37.44243468461608], [126.83836220492324, 37.44621988466399], [126.83846656562726, 37.450727164302755], [126.83810906084052, 37.45294437772347], [126.83883242602121, 37.45569767026412], [126.83701254585736, 37.45600629281988], [126.83835171927467, 37.45732558984695], [126.83760544687503, 37.45839825276648], [126.83628165634634, 37.45811671951235], [126.83314261957152, 37.46035062849384], [126.83224555974788, 37.459033772318925], [126.82928485523814, 37.45778353048131], [126.82922751769254, 37.458703416368145], [126.82854277725379, 37.45955933338057], [126.82597323840619, 37.45940498952971], [126.82768251341001, 37.46321957581753], [126.83008468737394, 37.46472608949905], [126.83106418856374, 37.46482246133927], [126.83145970646595, 37.466349969004305], [126.83316709443123, 37.465891610198106], [126.83350818425534, 37.46870015780759], [126.8320338084239, 37.473423260323656], [126.83252783865547, 37.47424820375376], [126.83229637099332, 37.47629623523995], [126.83301396161603, 37.47725141703063], [126.83579250154635, 37.47525684918627], [126.83884142681171, 37.47546435970531], [126.84100759715452, 37.474615663641075], [126.84277767867114, 37.47492072099015], [126.84532782726085, 37.47380367762621], [126.84648396021252, 37.48170481737114], [126.84826960241006, 37.482356895713785], [126.85063162874981, 37.48159586280539], [126.85256487547707, 37.48194110038211], [126.85650919034025, 37.48568638132198], [126.85817508049041, 37.486301591111996], [126.86186734553941, 37.49039121447398], [126.86703984180227, 37.49295518021014], [126.86830577620667, 37.49510381307537], [126.86890824425872, 37.49510029279732], [126.86965324450638, 37.492517416932415], [126.87278030864226, 37.4888035514669], [126.87528596030073, 37.48853290104539], [126.87515172604859, 37.48648498874046], [126.87474246807251, 37.485382052103006], [126.87397741920489, 37.48505125149168], [126.87390901761702, 37.48333383210486], [126.87562145633795, 37.47948168848855], [126.87986194542032, 37.47282609783343], [126.88865011557395, 37.46247360090581], [126.88908463774038, 37.46153280123432], [126.88886202594986, 37.46092435945716], [126.88667398435776, 37.460976686431714], [126.8852740259245, 37.4600618517056], [126.88637908528393, 37.456198509418826], [126.88962286429019, 37.452350724259865], [126.89262885039402, 37.45191891378065], [126.89407376184582, 37.45263950724652], [126.89612318851181, 37.44584699830896], [126.89822561618466, 37.44465436493447], [126.89851101781035, 37.44386603705051], [126.89911651043914, 37.44104109237652], [126.89888287772236, 37.43880452466166], [126.90049098886135, 37.43736038439732], [126.89964762576548, 37.4374541044718], [126.8991691722238, 37.433923971164056], [126.8978091648131, 37.4310214188156], [126.89583286557328, 37.43063053747821], [126.89406984893137, 37.4290316889906], [126.8965687444459, 37.42775778781668], [126.89647795488283, 37.42562435295497], [126.89395825617454, 37.4216776253315], [126.89188937679066, 37.42052739564175], [126.89035196127448, 37.420399692809035], [126.88894543155969, 37.418869476629915], [126.88960545791154, 37.41775931043727], [126.88890763641983, 37.41255627687943], [126.87993581662806, 37.41019311269691], [126.87186369079399, 37.41245799797358], [126.87124142968752, 37.41254820689587]]]}}, {"type": "Feature", "properties": {"sgg": "41220", "name": "평택시", "sidonm": "경기도"}, "geometry": {"type": "Polygon", "coordinates": [[[127.103348232412, 36.96520814619375], [127.10089196701665, 36.9616187046814], [127.09869942666391, 36.95998070786245], [127.09726527910455, 36.960152050274175], [127.09633027054258, 36.95922840399502], [127.0963789368971, 36.95570962547439], [127.09866070397352, 36.95441637584382], [127.10080954665347, 36.95507201824564], [127.10182232733695, 36.954693481275996], [127.10168973857901, 36.95362775805363], [127.099358969035, 36.952066596069386], [127.09751886078642, 36.949812206204804], [127.09686077156486, 36.946531090946934], [127.09695766549413, 36.94439538092676], [127.0960059240183, 36.94224281400788], [127.09470535984542, 36.94184262667285], [127.09364913313121, 36.9423127244212], [127.09144745320037, 36.94390266988821], [127.08989820450196, 36.9458711223032], [127.08612266904618, 36.94780505466421], [127.08380421127474, 36.945658911681136], [127.07831058190105, 36.94241295543642], [127.07393472561634, 36.93839318738574], [127.0713770643182, 36.94003971948903], [127.06063869734844, 36.93951819011961], [127.05651054068483, 36.93709723793165], [127.04805195925807, 36.93349793728932], [127.03815092219867, 36.932452245967106], [127.03484518627764, 36.930522032718585], [127.03449957210046, 36.929512368030494], [127.03173369240481, 36.92833964863846], [127.03010246902063, 36.928633265437846], [127.01585984948298, 36.93446097503086], [126.99540570788413, 36.93551723595457], [126.98532527286692, 36.932466894329366], [126.97285285638561, 36.92621512524931], [126.94323404704777, 36.917997631296984], [126.9170599294352, 36.90535935369537], [126.91203673036479, 36.90446425365602], [126.91021007580841, 36.9046527719729], [126.9086368769204, 36.90509655991407], [126.90589994649658, 36.91631231600503], [126.90615799216354, 36.919527552936515], [126.90511287312631, 36.92462336389801], [126.90447043559409, 36.92602750906142], [126.90062202897494, 36.93056199297342], [126.89585967971065, 36.93371162662913], [126.89266237398485, 36.934754502018585], [126.89132654010187, 36.93372453981923], [126.88698440791879, 36.93608989339985], [126.8642241350312, 36.93269128250594], [126.86546501658141, 36.93901133671317], [126.86240575861946, 36.948846519806736], [126.85904772161368, 36.95049378438659], [126.84988083339762, 36.94537231445373], [126.84424035157586, 36.95380584131208], [126.8466034963623, 36.95496574802088], [126.8465755071546, 36.95597081478692], [126.84504243959394, 36.9577573483527], [126.84402169760243, 36.95816524525707], [126.84231644956354, 36.95741284183004], [126.8359196187504, 36.96658246410749], [126.83884779152278, 36.967921393345264], [126.82535728266298, 36.98712501584344], [126.82442227910086, 36.99032765251737], [126.82728548164272, 36.992902865882236], [126.82562238098718, 36.99520105379399], [126.82421788881977, 36.99596491218855], [126.81975605067252, 36.99544703098702], [126.81325054188324, 36.99599886870663], [126.81242304450463, 36.995384489160706], [126.81082829273372, 36.99558706664961], [126.80973821626401, 36.99798642024347], [126.80807922073468, 36.998597617381634], [126.79965984815335, 36.999401229763066], [126.7970454725539, 36.99710732594398], [126.79360898590704, 36.995094857374475], [126.79020804586875, 36.99411680571007], [126.7871148365307, 36.99523972454273], [126.78358610527881, 36.99808723350123], [126.78428889181922, 36.998495987121856], [126.78585725757921, 36.997306540104624], [126.78667680362618, 36.997841162827996], [126.78287017277485, 37.00214607570502], [126.7815807295213, 37.00167291826025], [126.78115336101584, 37.0005120651555], [126.77990297006401, 37.000070612749255], [126.77751112452437, 37.00194785320772], [126.78184814618369, 37.00371175226026], [126.79311152645059, 37.00520587156572], [126.79522277517778, 37.00593055146544], [126.7976030712369, 37.008034836903725], [126.79691478942877, 37.01206008437089], [126.82101260580427, 37.01337566611827], [126.83806378381279, 37.01365453371029], [126.84323156722066, 37.014571147938156], [126.84692522269957, 37.015849018482555], [126.85310775280576, 37.02000238905766], [126.85804497058122, 37.02609916210266], [126.87242478731036, 37.046618091267625], [126.88120846552152, 37.058291427382315], [126.88253426991315, 37.06080540859113], [126.88376283917516, 37.066483933191584], [126.89137662014801, 37.067026953033086], [126.89622509631414, 37.068498508801206], [126.90107543770684, 37.070203119136316], [126.90206924696922, 37.072036886100356], [126.90491409371272, 37.073637689690514], [126.90574778631718, 37.07329933958881], [126.90597362626981, 37.072200732150186], [126.90489911227178, 37.07152247566107], [126.90576566676036, 37.069657689463305], [126.91039406605958, 37.06882669192409], [126.91487832652764, 37.065772864692164], [126.92204522487859, 37.065299761436], [126.9231835675876, 37.066403493774175], [126.92864721654965, 37.06803713494572], [126.93023889055513, 37.0671045357256], [126.93183391058795, 37.06325918221582], [126.93165480789838, 37.062694015664675], [126.94038363174214, 37.06081298212246], [126.94409063359001, 37.06329805525001], [126.94549324301518, 37.06556077903137], [126.95136834241606, 37.06856053471141], [126.95644783736903, 37.06826807108053], [126.96124506490948, 37.069818993303215], [126.96477702298068, 37.06885694075852], [126.96640427504788, 37.069106529253865], [126.96747840569111, 37.072069156468984], [126.96882702218485, 37.07342726688679], [126.97313629062577, 37.07202905942181], [126.9755436606324, 37.070601960732105], [126.98462666589226, 37.0716502390414], [126.98759825141184, 37.0704518273353], [126.99512804999782, 37.07004808930581], [126.99172606070108, 37.08477063740135], [126.99270759663008, 37.088591227025404], [126.99359342685008, 37.08958206752882], [126.99777231765893, 37.091264084542225], [126.99892736130154, 37.09258711173564], [126.99703591105522, 37.097129202626505], [126.99830804440207, 37.100568995660765], [126.99785335856164, 37.10445330875611], [126.99572816194984, 37.108204325333396], [126.99665501533205, 37.11198300078318], [126.9974412251868, 37.11264318803535], [127.00069081945472, 37.118385416066396], [127.00239422673084, 37.12362068684826], [126.9995140748086, 37.122409780316445], [126.9980983283942, 37.12308776706459], [127.00243007622905, 37.12438150518084], [127.0038318198885, 37.12695307279818], [127.00537499654037, 37.128096389779444], [127.0134601939253, 37.12897605058376], [127.01750491168617, 37.12992329244908], [127.02421863640261, 37.13322139418887], [127.02515737884838, 37.13278690865951], [127.02887179386084, 37.133374145400055], [127.03022959669066, 37.13397780903297], [127.03039621007055, 37.13457227581912], [127.03563343269566, 37.136019580557736], [127.03851568698451, 37.13576134433947], [127.03768398934338, 37.13367246583833], [127.03818877817598, 37.13177582867332], [127.04116932560954, 37.128879210868824], [127.04556587614185, 37.12634852062032], [127.04525437938312, 37.12925777218273], [127.04869600058112, 37.12993571741734], [127.05233410345497, 37.1296238754659], [127.05237136687553, 37.13071806880974], [127.05329926649972, 37.13194866131979], [127.05570355173397, 37.13351825144233], [127.05669373619496, 37.132418871362276], [127.05806925722725, 37.131956398033445], [127.0608213432184, 37.132301276426475], [127.06508963269826, 37.1319372913817], [127.06498218001227, 37.131169566897135], [127.06637241455586, 37.13121553441527], [127.06591555108297, 37.12983310347012], [127.0661357041999, 37.12768932580462], [127.06678934790303, 37.126732039258606], [127.06895815472532, 37.12815987504517], [127.07113515279063, 37.125605551558365], [127.07271318443927, 37.12591137269428], [127.0730404746587, 37.12537011084859], [127.07928031287224, 37.128157786676354], [127.07926681676554, 37.12576752409228], [127.0825543787703, 37.12630508948229], [127.08346595667395, 37.127336521862084], [127.08619642526561, 37.126748733832976], [127.08903674098002, 37.12793818432513], [127.0890244218264, 37.12847228143879], [127.0901679561667, 37.12960239238223], [127.08998276214417, 37.12992490864573], [127.09289667253758, 37.129347393607226], [127.09106554993873, 37.130986252256534], [127.0915283526482, 37.131350174933], [127.08774260766361, 37.13480365716961], [127.09160114161132, 37.1372834687327], [127.09393436349998, 37.13640809683277], [127.09785504092955, 37.13685977622728], [127.09815098373518, 37.137718251817], [127.09770400127567, 37.138805195289194], [127.1003534484917, 37.14229024133789], [127.10249122795136, 37.143403917130335], [127.10364660198648, 37.14357454892091], [127.10415558943492, 37.14192215267306], [127.10923126288027, 37.142686038086715], [127.1108807022752, 37.14381485792879], [127.11412940584704, 37.14461646959946], [127.11895160567077, 37.14377685300055], [127.12269547734505, 37.14450996211115], [127.12332234156054, 37.14355532757607], [127.12111102899192, 37.141669050221175], [127.12058459264817, 37.13949698607337], [127.12149999679839, 37.13895793602294], [127.12161354499666, 37.135375167165336], [127.12061827573179, 37.12950826592649], [127.12020855261427, 37.128987510149315], [127.11781064025678, 37.128843469643044], [127.11494733567731, 37.129738103845405], [127.11260764206904, 37.128065733285105], [127.11256800711402, 37.12624417319667], [127.10904711070687, 37.125997591043905], [127.10866960737441, 37.12480560063334], [127.10978754155951, 37.117407741263285], [127.11261040174631, 37.11385090901244], [127.12441789367453, 37.088334433730836], [127.12643974892659, 37.08159478207882], [127.1242095604987, 37.07754258972452], [127.12144761542964, 37.07640815120948], [127.1098797899744, 37.075962771922775], [127.10807257490428, 37.07654161380057], [127.10364272863713, 37.075747161026534], [127.10482166344728, 37.07441580854542], [127.10271700896035, 37.07299806441991], [127.10231002118495, 37.068681216385585], [127.10404070141549, 37.06614604645183], [127.1065315375092, 37.06492839393776], [127.11398072971653, 37.06508808318047], [127.11541741347702, 37.064733305547044], [127.11846833308299, 37.062671000620156], [127.12023550705166, 37.06270934798999], [127.12570153116515, 37.06468845362742], [127.12817440185614, 37.06346916189248], [127.13061726923144, 37.05811427305051], [127.12738575011443, 37.052516580877004], [127.12388643547122, 37.05156129097706], [127.12217910881425, 37.05041893676032], [127.1196652209101, 37.046094470118156], [127.11477224219499, 37.04216393293031], [127.11228666339838, 37.04196766210243], [127.10989264509917, 37.04077330648197], [127.10529419795047, 37.035746140566545], [127.10532657659633, 37.0351929945959], [127.10704952476128, 37.032915870882064], [127.11240768187574, 37.029080962422235], [127.11693822585583, 37.027210490862394], [127.118835884089, 37.03163030391619], [127.1223107356929, 37.0350600985765], [127.12632704228383, 37.033334266999], [127.13718668291696, 37.03387155499939], [127.14495372343265, 37.03138906437961], [127.15306890996351, 37.029472768276165], [127.15253032663071, 37.02154642039036], [127.14536713368716, 37.016680016001324], [127.14427713070724, 37.014008113535056], [127.14481254366218, 37.011148047358844], [127.1488503866408, 37.008165039860664], [127.15107696585727, 37.00251460745789], [127.15225774477769, 37.002577425156666], [127.153915991268, 36.9977572381468], [127.14906228085125, 36.99782955885448], [127.14477689073931, 36.99722073100129], [127.14173889023449, 36.99514279894365], [127.136175312019, 36.993372050045515], [127.13456181545718, 36.98928748323116], [127.13317461258686, 36.98784540864676], [127.13060721518599, 36.98667807674956], [127.13123070134051, 36.98563876410172], [127.13427963726825, 36.985439719979524], [127.13637369388267, 36.98471940701163], [127.13643274506862, 36.98293276910155], [127.14113920270991, 36.97971068237876], [127.14112435338306, 36.978718571267436], [127.13977537149769, 36.978618928377784], [127.13769596517682, 36.9800622953044], [127.13641285812804, 36.98007370317712], [127.13718979681073, 36.9784934530323], [127.13531275058833, 36.97795410843556], [127.13532349124561, 36.97755944453469], [127.13397140386763, 36.97750834577992], [127.1339839431066, 36.97679510998], [127.12450895939429, 36.97678581299739], [127.12514922531648, 36.97524186451182], [127.11949890893676, 36.96912796526028], [127.11581584419508, 36.971135552201396], [127.11105721736192, 36.97088314859412], [127.11051745618634, 36.97000214186629], [127.103348232412, 36.96520814619375]]]}}, {"type": "Feature", "properties": {"sgg": "41250", "name": "동두천시", "sidonm": "경기도"}, "geometry": {"type": "Polygon", "coordinates": [[[127.08787787049752, 37.872078270750535], [127.08120456979643, 37.87104302701338], [127.07750259653272, 37.87101590262805], [127.0737308458761, 37.87278612121577], [127.07268684904113, 37.871813435571546], [127.06842459035671, 37.87064140575078], [127.06606334953592, 37.87164950781258], [127.0646039982504, 37.87112023754342], [127.06254598960473, 37.869206352218306], [127.06039344604925, 37.86934817654128], [127.05768010952906, 37.87319446497959], [127.05350520204657, 37.876592389950275], [127.0501460487506, 37.8814691640792], [127.04825472170826, 37.882875914537095], [127.04689811107659, 37.88772525398462], [127.04626428011824, 37.89384944743832], [127.036226880672, 37.895931711987195], [127.02876790656146, 37.89893382963342], [127.02442818380526, 37.89789459702395], [127.02258810299818, 37.89883457005136], [127.02089539999307, 37.90060324871069], [127.01481730283659, 37.90296791568335], [127.01248041979555, 37.90319372346004], [127.01061431608339, 37.90480574458167], [127.01055519806187, 37.910336392206524], [127.00790110245758, 37.91614543827301], [127.0127857781066, 37.91855535929677], [127.01291086253232, 37.91975117818009], [127.01260538522281, 37.92065200981071], [127.01103391228473, 37.921206871057535], [127.00904003340952, 37.92505047354949], [127.01004604364417, 37.92757262710981], [127.01128768026994, 37.9273457342003], [127.01259841670345, 37.92819613256105], [127.01399280047119, 37.9299605834413], [127.01675695601156, 37.93661896211751], [127.02054838903032, 37.94004924063705], [127.02209522224383, 37.94063010664821], [127.02495098260641, 37.94041747460756], [127.0275723311146, 37.943154435060336], [127.02872167346682, 37.952085200482145], [127.02794381712971, 37.95346668845348], [127.02872621111416, 37.955160869541686], [127.02930385108272, 37.95572536123596], [127.03920953821459, 37.957825148250535], [127.04179844179886, 37.96000507300578], [127.04168082560153, 37.960849618365515], [127.04493130443637, 37.970004675756506], [127.04443062820249, 37.97226384274311], [127.04579098232294, 37.97414603381162], [127.04891860101823, 37.97575897995239], [127.04881853950795, 37.97885226261309], [127.05279382894818, 37.98073310633915], [127.05325916400604, 37.981338730967465], [127.05705414949219, 37.98034026813573], [127.06439266905214, 37.97959820069188], [127.06416368709175, 37.97710078763306], [127.0634328166341, 37.97602216575017], [127.0660986092734, 37.975278280838985], [127.07617575748546, 37.97667939171628], [127.08018158079761, 37.976676857595415], [127.08457405471667, 37.97562217301077], [127.08633027031843, 37.97398689121651], [127.09253928320811, 37.97086081165149], [127.09414464730294, 37.96801040129623], [127.09269405778683, 37.963839176330026], [127.0922396954542, 37.9600544365129], [127.09256513942137, 37.9592286299145], [127.09448803179042, 37.95719497633599], [127.09883306749774, 37.95532504713722], [127.09924048792593, 37.95458061693382], [127.09911541955411, 37.95246103768691], [127.09803099252767, 37.951070465668906], [127.09631351445613, 37.95018236010687], [127.09557659306971, 37.94901831604612], [127.09628859751426, 37.9468171596766], [127.09604842744854, 37.94364602403637], [127.10234314569725, 37.940781258466835], [127.10800854304198, 37.9390899053997], [127.10947770884562, 37.935523442699306], [127.11524513738814, 37.928303845354485], [127.12089698081648, 37.91702757330068], [127.12196640450655, 37.91648376227753], [127.1271215093326, 37.915660847090045], [127.12913212551001, 37.91634486370693], [127.13284131488187, 37.915922180540775], [127.13512456367809, 37.91332002102118], [127.13624193546129, 37.91310491482655], [127.1387608519853, 37.914027491436606], [127.1459597200287, 37.9118659833296], [127.1478560430291, 37.90662842875511], [127.1467511505463, 37.90442248421338], [127.1467290422571, 37.902803456705385], [127.147751785147, 37.902713011898214], [127.15027359416878, 37.900575435458656], [127.149660583333, 37.897920406776684], [127.15345704312487, 37.8960231384835], [127.1556523276474, 37.89567570812824], [127.15311472219028, 37.88989665496666], [127.1494553468679, 37.88438561232318], [127.14696392041334, 37.87602590961417], [127.14208650621572, 37.875677120735425], [127.13983749128153, 37.87621273486266], [127.13674391734517, 37.87505913691733], [127.13477770428192, 37.873727009304616], [127.13169586526122, 37.873110154736715], [127.12856003966374, 37.87391260515001], [127.12355938320924, 37.86982612865056], [127.12316225646751, 37.867157071021055], [127.12035222458327, 37.86604845102585], [127.11754990228951, 37.86622865606341], [127.11367693524551, 37.86547694168197], [127.11193129146339, 37.86435020140793], [127.1112529707317, 37.862137512114124], [127.10918530066955, 37.85985148862908], [127.10705168049377, 37.86238494414766], [127.10339190180217, 37.865397680380156], [127.09886436556842, 37.86628366581773], [127.0959776820183, 37.867395929373124], [127.09146640088963, 37.87120978058801], [127.08787787049752, 37.872078270750535]]]}}, {"type": "Feature", "properties": {"sgg": "41271", "name": "안산시상록구", "sidonm": "경기도"}, "geometry": {"type": "Polygon", "coordinates": [[[126.83780558826567, 37.275410793343305], [126.83372298259823, 37.2777372443674], [126.82930542506062, 37.27860912035913], [126.82799837198688, 37.27980162498617], [126.82627493297264, 37.2852226619119], [126.82573598317141, 37.28881047537416], [126.82848363391219, 37.288899450376775], [126.8277532844638, 37.29159371703375], [126.82165178584727, 37.29080285377748], [126.813919679971, 37.29505111331134], [126.8209907463374, 37.30362685785579], [126.82371373494026, 37.30440860190738], [126.82867307702396, 37.304084173640476], [126.82969042518644, 37.30354573208871], [126.83573534660087, 37.30352460676171], [126.84093214460253, 37.305393605083296], [126.84191005317446, 37.30615395324195], [126.84262242015615, 37.315807348613895], [126.84325281358437, 37.317428648284725], [126.84102279835894, 37.320301747405885], [126.84182184228685, 37.328070500349334], [126.84145899133883, 37.33421764797818], [126.84028115214743, 37.335023938789774], [126.83710280269062, 37.33903200973119], [126.8418288731962, 37.34280126142669], [126.83633939792128, 37.3453575196871], [126.8345439457061, 37.34994896539271], [126.83480780517614, 37.35064757610356], [126.83711785116948, 37.352560498770615], [126.83695550283544, 37.35577410993824], [126.83899792203293, 37.358584302599596], [126.84056021684599, 37.35893559390598], [126.84101122385644, 37.36188373302181], [126.84075152292982, 37.36368909455812], [126.84165986583301, 37.363210792441976], [126.84334741767695, 37.363288902953535], [126.84825446698284, 37.365053475230695], [126.84977038361181, 37.36359029206009], [126.85027648141542, 37.36203031914075], [126.85448528430472, 37.360291234159355], [126.85662235401179, 37.361101665353004], [126.86483126548198, 37.3615167217338], [126.87155102997673, 37.36591300832663], [126.87315494029318, 37.368509585843206], [126.87932796690028, 37.37351546351649], [126.88191192588266, 37.37622071772795], [126.88648898053886, 37.376576687788805], [126.89109725252328, 37.375271248747616], [126.89560585331078, 37.3601422610302], [126.89723786976528, 37.35806727082639], [126.89399921906481, 37.35561589857142], [126.89374611916581, 37.35365298331416], [126.89191889824377, 37.351396925502634], [126.88867163734895, 37.34944448373841], [126.88731185228832, 37.34674796765817], [126.88767266739676, 37.34359051082679], [126.88682641472546, 37.34032088919262], [126.88535983881472, 37.338201802273474], [126.88071305240088, 37.33347012449157], [126.87923377118942, 37.332760424019135], [126.8767244994036, 37.332645700509424], [126.87398128998123, 37.32994861709666], [126.87274531624193, 37.326295994957505], [126.87335970272045, 37.323074566870766], [126.87464678643609, 37.32209098559341], [126.874213874551, 37.32086162178055], [126.87811594541968, 37.319455876629235], [126.88162928933227, 37.320844342805245], [126.88316270850642, 37.32085910682999], [126.8877407341513, 37.31790607897146], [126.8915304288972, 37.31977683306243], [126.89388834696778, 37.319801328534396], [126.89503122174808, 37.31916832352286], [126.90770124733078, 37.321883582685885], [126.91092807138368, 37.317774771225054], [126.91027539276509, 37.3173501242777], [126.91043582840759, 37.316768405704714], [126.91245787249105, 37.31558311847849], [126.91440734217113, 37.31590815297578], [126.91550855874648, 37.3151379399467], [126.91432595664637, 37.31130619227745], [126.91527731758718, 37.30558204132514], [126.91646411374288, 37.30514565861524], [126.92064186197, 37.30553687880956], [126.92257581142815, 37.30644208113255], [126.92476796306705, 37.30678852241481], [126.93042700862954, 37.30706491420128], [126.93052429516047, 37.305210772340544], [126.93135464167368, 37.303958459326246], [126.9329532092641, 37.30304784371433], [126.93258957102812, 37.30075996197891], [126.93546680305103, 37.298030129083706], [126.93934230170163, 37.296919565428304], [126.9395459653982, 37.29532169615995], [126.93297761091021, 37.291625149076864], [126.93139050784282, 37.288419865347464], [126.92929189604779, 37.286021026056744], [126.92737455910199, 37.278797346317106], [126.92622298390428, 37.27912975913256], [126.92370587001082, 37.28136314591035], [126.91756428308713, 37.28539383570352], [126.91613162292106, 37.288673449515535], [126.91385491766198, 37.29146890590216], [126.9130901717357, 37.29153271115843], [126.91198472800116, 37.29014922986047], [126.90554556446901, 37.289887211774875], [126.90149946513064, 37.29097665252568], [126.89841236208623, 37.293997542886615], [126.89954818777986, 37.290203972228724], [126.89769862546504, 37.28905995592359], [126.89641092697711, 37.2889948062494], [126.89287268615857, 37.28645155338625], [126.89108587164769, 37.283845411968244], [126.89146944556103, 37.282880643431575], [126.89091301320349, 37.282020360418976], [126.88618096081777, 37.28052888796154], [126.88330085015856, 37.28218148224136], [126.87969351242724, 37.28566682167373], [126.87852941148839, 37.28394562882285], [126.87815434424299, 37.27923406705338], [126.87666801839984, 37.27772098882212], [126.87132164343637, 37.274709068262325], [126.8582243085853, 37.27417795776812], [126.85272497796203, 37.27203661068024], [126.84934329135906, 37.26867609304951], [126.84789699292581, 37.26595834199903], [126.84717347351678, 37.265748162292084], [126.8412772235945, 37.2686495129346], [126.8388350637077, 37.27142691790775], [126.83780558826567, 37.275410793343305]]]}}, {"type": "Feature", "properties": {"sgg": "41273", "name": "안산시단원구", "sidonm": "경기도"}, "geometry": {"type": "MultiPolygon", "coordinates": [[[[126.46927547751118, 37.08244660845777], [126.46677868502123, 37.08347162042107], [126.4668648304623, 37.08422277798075], [126.46822245610318, 37.08460191417037], [126.4691662449089, 37.08386647518426], [126.46927547751118, 37.08244660845777]]], [[[126.45963609432152, 37.08988452670785], [126.45830469032511, 37.09159336288499], [126.45878186137317, 37.0922859888701], [126.46232256331862, 37.09379530285364], [126.46409007460669, 37.09212741474955], [126.46525226295584, 37.089666630300954], [126.46445735545005, 37.08870309231633], [126.4621007297381, 37.08871291115672], [126.45963609432152, 37.08988452670785]]], [[[126.45163522565205, 37.094951969777014], [126.44882634292156, 37.09800320098193], [126.44855135889098, 37.099227540471425], [126.45083932790244, 37.1027903718313], [126.4521098893375, 37.10312498007076], [126.45408488611947, 37.10102979497282], [126.45407943598764, 37.09978921387686], [126.45769405156884, 37.096999702628885], [126.45774490028899, 37.096265519002884], [126.45629896462579, 37.09508437727585], [126.45326863862174, 37.09476922166654], [126.45163522565205, 37.094951969777014]]], [[[126.39489345604323, 37.099159959868544], [126.39365229449618, 37.09900191074958], [126.39196426926021, 37.0996351427242], [126.3890850816172, 37.10178841679569], [126.38589171110135, 37.10242772819578], [126.38202369336663, 37.10216259356271], [126.3814006256496, 37.10258712590693], [126.37988584102337, 37.10448262355419], [126.37970947309786, 37.10790845259832], [126.38201014930739, 37.11423306225125], [126.38367044234448, 37.115037414176655], [126.3896361916347, 37.115251181955195], [126.39485613672318, 37.112620607233666], [126.39656264695164, 37.10908175688287], [126.39708255120742, 37.10330640832932], [126.39772402602891, 37.102479731672354], [126.39773072522044, 37.101629115086425], [126.39489345604323, 37.099159959868544]]], [[[126.63077737682319, 37.18737357717798], [126.63302163111186, 37.188900970439406], [126.63916731703324, 37.18916881099858], [126.64012640462111, 37.18873303747119], [126.63864092878133, 37.18806197181773], [126.63378579121574, 37.187409132167005], [126.63024923779965, 37.18541143932423], [126.62993162813076, 37.18609078072184], [126.63077737682319, 37.18737357717798]]], [[[126.6146824199781, 37.22352853791174], [126.61397586724893, 37.22543842878432], [126.61601522527347, 37.22859046870591], [126.61710452547915, 37.22852197751324], [126.61831667639576, 37.224860140050765], [126.6180488157118, 37.223784376813896], [126.6146824199781, 37.22352853791174]]], [[[126.61265068725037, 37.227905046346386], [126.61235970155512, 37.228627348981256], [126.61300380610632, 37.229695802022874], [126.61428754200196, 37.23011215740314], [126.61506561403881, 37.22966284095793], [126.61393536240124, 37.22774563412474], [126.61265068725037, 37.227905046346386]]], [[[126.62682656400021, 37.24926716936871], [126.62801503157125, 37.25046349172605], [126.62999789292375, 37.25091524594717], [126.63057682690747, 37.25094653981188], [126.63119775125324, 37.24989874021281], [126.62842703274053, 37.24724410287093], [126.62682656400021, 37.24926716936871]]], [[[126.58140456567665, 37.291677746119035], [126.58405627585734, 37.29431338966202], [126.58615221887348, 37.293004541417965], [126.5821914288172, 37.288547091140195], [126.57972274157801, 37.28809864536937], [126.57796456365197, 37.28829784679399], [126.5762587919637, 37.28722437548583], [126.57516243962657, 37.284341577051265], [126.57210299963533, 37.282404401877784], [126.57022036491941, 37.279847846499685], [126.56925247055692, 37.27205466565069], [126.5700172898181, 37.27199983426149], [126.57075361058025, 37.27271316922539], [126.57256125338603, 37.276148064773814], [126.57720396057846, 37.27518382930406], [126.58131486146155, 37.27306944057355], [126.58306107556153, 37.27393359383353], [126.58707002892334, 37.27219454499289], [126.58717864824061, 37.27090186146553], [126.58551782960802, 37.26863564270769], [126.58626239525653, 37.267335557564564], [126.59068332783067, 37.26412127951297], [126.59685979439328, 37.26242665727339], [126.60767698582718, 37.26338526999707], [126.60879317817482, 37.263038807187016], [126.60836260937089, 37.26160796963585], [126.6091246831386, 37.260578253562926], [126.61634171488437, 37.25898282620652], [126.61822011541078, 37.257403651442644], [126.61770913455088, 37.25613111419844], [126.61569057085646, 37.254090258849764], [126.61455536042179, 37.25046391470135], [126.6178246112913, 37.24901227884556], [126.62049129400705, 37.248767338012875], [126.6211697914417, 37.24829241107471], [126.61927935411188, 37.246161139184984], [126.62339098853019, 37.24324988013514], [126.62641846193358, 37.244075625229144], [126.6235074534738, 37.23952129211349], [126.62259240989506, 37.23664372979831], [126.62994182103625, 37.23439933708691], [126.63373239686703, 37.23219844780012], [126.64230393948736, 37.229467704506604], [126.64778822083836, 37.22607303482848], [126.65054110597875, 37.225286075806245], [126.65163894892203, 37.220421974098194], [126.64973660846819, 37.21825402770444], [126.6492552171482, 37.21520389624041], [126.64748703269235, 37.21064482960131], [126.64762269545768, 37.20885229525414], [126.64944539549104, 37.208992474825614], [126.65089038270948, 37.209778073141294], [126.65080097866274, 37.2127260438228], [126.65168420279876, 37.213676572311456], [126.65321773116462, 37.21348135429796], [126.65434745296342, 37.211851160248806], [126.65433898750862, 37.21070855032978], [126.65204348302942, 37.20731537310627], [126.64722492560281, 37.20645939382633], [126.64665882935388, 37.205713811062104], [126.64630145127167, 37.204280405101564], [126.65130845048681, 37.19974185414912], [126.65067232850717, 37.19793452344838], [126.64754700160906, 37.19289011025014], [126.64562174141162, 37.19166176701374], [126.64386731597308, 37.19425058309236], [126.64179960373691, 37.19556640994169], [126.64059321270992, 37.19793168812335], [126.64179100395882, 37.19962258191612], [126.64231842843397, 37.2013717085045], [126.64131033670238, 37.20413052917065], [126.64177604376479, 37.20591977184454], [126.64250798376027, 37.20659097026926], [126.64582751687476, 37.206961987451585], [126.64688569767506, 37.20862590693432], [126.64683201625407, 37.21076630707739], [126.63941497740919, 37.21554969620565], [126.62921027858582, 37.21799559850412], [126.62791352082006, 37.22214818473522], [126.62679117097012, 37.22215906930401], [126.6252632351887, 37.22312812648792], [126.62340026416608, 37.226993644100034], [126.62344894074529, 37.234229768043704], [126.62424129325998, 37.23534873762581], [126.6218002501429, 37.23612281007232], [126.61950410845982, 37.23313221548642], [126.62003457595348, 37.230463984726555], [126.61928485501237, 37.22931793248218], [126.61498239763111, 37.23063902527038], [126.61324269666459, 37.233000016585976], [126.61121023997585, 37.2337610915651], [126.60994896067834, 37.23262941179439], [126.61043116386, 37.23032775101805], [126.61004202006464, 37.229569967794355], [126.6084698614751, 37.229238108175714], [126.60280195429365, 37.23018343886461], [126.59950776548222, 37.226904461037016], [126.60254737327196, 37.224199737294406], [126.60422708256598, 37.22424174885473], [126.6073322158826, 37.22264834536206], [126.61161703542138, 37.219023169836824], [126.61259870633, 37.216286997359354], [126.61256473896017, 37.21443997575049], [126.61583184925132, 37.20923190322835], [126.614322589641, 37.20729284632789], [126.60808348571778, 37.20928089973336], [126.60770738694329, 37.21118339784438], [126.60539544412843, 37.21198617914625], [126.60294244275656, 37.207615082656325], [126.59814106939325, 37.21110645147007], [126.60316815590244, 37.216275680493226], [126.60146663978293, 37.220874436258015], [126.6009519082453, 37.220562965855564], [126.60165275870492, 37.218194275688894], [126.59643956452057, 37.2160981755448], [126.5952551190215, 37.21406570738662], [126.59071421202508, 37.21327715483048], [126.58844482471751, 37.213616882588994], [126.58734958797302, 37.21793619474188], [126.58515144046822, 37.22058851939789], [126.57656618511021, 37.22056074585599], [126.57657587710428, 37.2173151903942], [126.57297733126389, 37.20934485645468], [126.56984718405755, 37.206530494709256], [126.56856724627258, 37.20448788048687], [126.5682657472301, 37.20283147776291], [126.56896235090322, 37.20087645286623], [126.56542813725264, 37.197693791913274], [126.56314916853222, 37.194164914704686], [126.56178247367858, 37.19329778696048], [126.56005299575494, 37.197101422645495], [126.56028400195896, 37.19795168015497], [126.55915354533285, 37.19921252391301], [126.55301144700196, 37.20363442132745], [126.54939477270106, 37.20488090215695], [126.54252312367542, 37.20569763769265], [126.54234408784058, 37.20275432075126], [126.53833465025264, 37.19842113848417], [126.53687550833732, 37.197696068422914], [126.53498361102338, 37.1981088259477], [126.53510277583254, 37.19898187807016], [126.53639919850048, 37.19899017755236], [126.53758064679512, 37.199843697423866], [126.54063094890415, 37.20672902561789], [126.54144354980386, 37.20696773611579], [126.54297607308146, 37.20624888589806], [126.54472024395453, 37.206617881748514], [126.54458360742798, 37.210192993819], [126.5432253340389, 37.21384049286856], [126.5470988242734, 37.21567449082272], [126.54710589466815, 37.22072110824462], [126.54620504997676, 37.22277913213944], [126.54357470238817, 37.2244412385432], [126.5425572622224, 37.22278237293374], [126.54105699308222, 37.22326373823103], [126.54037511992836, 37.2289266560311], [126.54124029825805, 37.22903965174455], [126.54267434762005, 37.22813899588481], [126.54398875800244, 37.229087785955194], [126.54429017027746, 37.230883952166664], [126.54353046855019, 37.232240299968204], [126.54444068977935, 37.2335836551584], [126.55096657862325, 37.23390880059678], [126.55436709511757, 37.233607002807034], [126.55670763799908, 37.23457211307526], [126.55826040486492, 37.237100496429726], [126.56580743508485, 37.23619251587797], [126.56676236614577, 37.23717224834127], [126.56427537849176, 37.239658443992575], [126.5603557641862, 37.2425343346873], [126.55979210958755, 37.24859722498608], [126.5622413332342, 37.25175342397568], [126.56301576617436, 37.25619768348881], [126.55950401250354, 37.25710161042653], [126.5580552225522, 37.25956568385444], [126.55877655846699, 37.26163087119574], [126.55756690208516, 37.266734268264024], [126.55500567818554, 37.268514336444206], [126.55479938192404, 37.27108499326979], [126.55082801794875, 37.27292916649581], [126.54886166554355, 37.276536882102675], [126.54909956948569, 37.27897699099336], [126.54861355231243, 37.27995106873471], [126.54197402330816, 37.28132618090456], [126.53947125420878, 37.28265456703127], [126.53895116879224, 37.28546476024976], [126.5372822601622, 37.286574621993815], [126.53377364683182, 37.28758372828379], [126.53266267430352, 37.28877797422775], [126.53294423678892, 37.289145328641], [126.5351468032453, 37.28915541880346], [126.54043144374025, 37.28677588133659], [126.5416417292706, 37.28562526131837], [126.54565251296917, 37.28441941638907], [126.54764310747436, 37.284510939283614], [126.5518513675922, 37.28188231244671], [126.55377521515496, 37.28262668908589], [126.55550499288353, 37.28408760054788], [126.55636780817679, 37.28374029305517], [126.55776349996314, 37.28167038055194], [126.55645855718855, 37.27929502368775], [126.55685455194488, 37.27783804963653], [126.56039730625417, 37.2775427733996], [126.56774417403996, 37.28135168203836], [126.56767206187514, 37.2825612094895], [126.5654572886523, 37.28281865152013], [126.56528581953441, 37.28374572866498], [126.56802148497803, 37.28573337715189], [126.56949897275437, 37.28535854951726], [126.57433378257245, 37.288331538432516], [126.57709873249128, 37.29093500390413], [126.57371047507564, 37.296090846283576], [126.57306408312638, 37.29647897026652], [126.57119712364589, 37.29628293305584], [126.57080768596458, 37.29818964499632], [126.57208172369184, 37.29872356008104], [126.57360115036113, 37.29776536874251], [126.5789957767444, 37.295958582189954], [126.61219561418686, 37.31512519507657], [126.64524838377646, 37.32446562061783], [126.64665661436678, 37.32176266195389], [126.61478388626965, 37.31256555198143], [126.58368690143567, 37.295001202962126], [126.5792314324549, 37.29323693870516], [126.57975515927735, 37.29186323363761], [126.58140456567665, 37.291677746119035]]], [[[126.7476526411052, 37.32478363984019], [126.74972943413228, 37.33358182520485], [126.75765357537526, 37.33804627763676], [126.75953776652463, 37.339950965145874], [126.75982735403534, 37.34085075195972], [126.76149708529393, 37.34146623865443], [126.76394468163775, 37.34162346935277], [126.76821863473378, 37.339422470006625], [126.77059109011583, 37.34042305063469], [126.77390618951729, 37.340745348363306], [126.77638317212852, 37.34200828596941], [126.77919933067791, 37.34066037748087], [126.78279948423945, 37.3400638534826], [126.78404926693653, 37.33855486440014], [126.7840538895443, 37.33747324519763], [126.78739208241997, 37.33856941343515], [126.7920898761892, 37.34313828098624], [126.79051385326852, 37.34798047441566], [126.79080183341839, 37.350373089591926], [126.79158440980997, 37.35247797238464], [126.79527709663095, 37.35514216931423], [126.80215844397989, 37.353095169184876], [126.80546521948247, 37.35341546477985], [126.80894330890682, 37.35514280665806], [126.81665261580113, 37.35765199959959], [126.81855839037897, 37.359707700936205], [126.82371841066046, 37.36314118467663], [126.82561624213625, 37.36322969816474], [126.82644255882796, 37.36412789962679], [126.82762615731967, 37.364199973465524], [126.83162737238747, 37.361652616694336], [126.83959256033579, 37.36288829538151], [126.84075152292982, 37.36368909455812], [126.84101122385644, 37.36188373302181], [126.84056021684599, 37.35893559390598], [126.83899792203293, 37.358584302599596], [126.83695550283544, 37.35577410993824], [126.83711785116948, 37.352560498770615], [126.83480780517614, 37.35064757610356], [126.8345439457061, 37.34994896539271], [126.83633939792128, 37.3453575196871], [126.8418288731962, 37.34280126142669], [126.83710280269062, 37.33903200973119], [126.84028115214743, 37.335023938789774], [126.84145899133883, 37.33421764797818], [126.84182184228685, 37.328070500349334], [126.84102279835894, 37.320301747405885], [126.84325281358437, 37.317428648284725], [126.84262242015615, 37.315807348613895], [126.84191005317446, 37.30615395324195], [126.83868930217916, 37.304442530817354], [126.83544712302967, 37.3035004541163], [126.82969042518644, 37.30354573208871], [126.82867307702396, 37.304084173640476], [126.82371373494026, 37.30440860190738], [126.8209907463374, 37.30362685785579], [126.81632012185375, 37.29800573092627], [126.80715289821173, 37.2992898687083], [126.80669714142616, 37.29777513517174], [126.8041781523221, 37.29625279426537], [126.78299038564512, 37.292349553152945], [126.7725842234774, 37.2894050217247], [126.72557525886887, 37.30232319917191], [126.71715962084404, 37.30751608020175], [126.73852099021138, 37.32967922910069], [126.7465621961848, 37.32473220756153], [126.7476526411052, 37.32478363984019]]]]}}, {"type": "Feature", "properties": {"sgg": "41281", "name": "고양시덕양구", "sidonm": "경기도"}, "geometry": {"type": "Polygon", "coordinates": [[[126.82452589731939, 37.58940064617799], [126.8185806111641, 37.59358658667874], [126.81759357177894, 37.59529399871683], [126.81640886847711, 37.595642300760666], [126.81408043268968, 37.597592604973045], [126.81128425134442, 37.59868066632504], [126.80493593311222, 37.60402118608447], [126.79853401507219, 37.61048063903842], [126.78874702732462, 37.61375247710878], [126.78250929152239, 37.61658545374929], [126.77399907497714, 37.62219154401614], [126.77269188374807, 37.629735235917856], [126.77427278031003, 37.63191285650192], [126.78404595898402, 37.63151066523542], [126.78523063655418, 37.63088128395362], [126.78638746225944, 37.629089009753656], [126.78847642497728, 37.62773160547039], [126.79308234218308, 37.62774013803499], [126.79382751086611, 37.6282606384535], [126.7944643407023, 37.62884972199063], [126.79412880314055, 37.63189927663604], [126.79502403353968, 37.64008193048152], [126.79668631416946, 37.64117006609637], [126.79728813944271, 37.642408109729494], [126.8020897341256, 37.64499561694317], [126.80297845205088, 37.64352156750892], [126.80587532315278, 37.64381805930352], [126.80747367206658, 37.645332670053456], [126.81247733569258, 37.64819323241226], [126.81346594548202, 37.647539190342485], [126.8132505210171, 37.64539854875288], [126.81234333846974, 37.643593425958386], [126.81422448133397, 37.64379872497675], [126.81784544508234, 37.64851056667703], [126.8181624823681, 37.649170368640924], [126.81660236552871, 37.651259180097405], [126.81609088340248, 37.652875224342104], [126.81605051014839, 37.65549338464034], [126.81358825503648, 37.656499825286076], [126.81114181719654, 37.65830097118742], [126.8108628864694, 37.659060568243625], [126.81108901987025, 37.659508085009776], [126.81431875839728, 37.660359463849986], [126.81489253655731, 37.662619405877344], [126.81560571296095, 37.66312274061289], [126.81939742245449, 37.66422401847777], [126.82074770733684, 37.667583154177585], [126.8208346296129, 37.67097984568721], [126.82127941944493, 37.67178796469949], [126.83237602925416, 37.67783609336069], [126.83218361485817, 37.67937621159468], [126.83351991361275, 37.683086000822385], [126.83541847061043, 37.68303250762311], [126.83993442111053, 37.68430509883044], [126.84146008800424, 37.68539294030009], [126.84807881323648, 37.686329911860575], [126.84895917442633, 37.69022511077659], [126.85254993171426, 37.68880042009899], [126.85493977034456, 37.692131552636006], [126.85496952216995, 37.69352660222082], [126.85382803751861, 37.695256505830336], [126.84975787359262, 37.698041758028246], [126.8465612326688, 37.707162321687576], [126.841775585064, 37.71640812625439], [126.84076755899885, 37.72133597976581], [126.83991823755049, 37.723222867354124], [126.83563195260213, 37.72806795134153], [126.83622576472283, 37.72747888190368], [126.83707744284172, 37.72757155278996], [126.83939081210409, 37.728627813328714], [126.84124770662467, 37.73150101158739], [126.84804185931259, 37.733686169960905], [126.8510903899162, 37.73416826889077], [126.85439812701954, 37.73365806187265], [126.85646910601163, 37.73457065756975], [126.85656146506118, 37.73571919531149], [126.85890715455392, 37.734066857311525], [126.85892926616644, 37.73339774099631], [126.8609441084243, 37.732682002854204], [126.86495067644208, 37.732540292832724], [126.86764765250754, 37.72958945641676], [126.87149002789518, 37.7293001774467], [126.87342669866197, 37.72613674784511], [126.8760164578002, 37.72550263630993], [126.87712887106359, 37.72622168659621], [126.88098675850982, 37.72616085716312], [126.88327215552002, 37.719812933015604], [126.88270471484641, 37.71931311068625], [126.88359765061749, 37.719386508420286], [126.88465702539511, 37.7182000469524], [126.88614202881108, 37.718452271593996], [126.88692140073101, 37.71888107419862], [126.8881932581728, 37.7208232659618], [126.88922767489636, 37.723448088958335], [126.8917237722017, 37.72530419285554], [126.89468774012963, 37.726768319965885], [126.89927369965551, 37.72676135906123], [126.90215536136581, 37.72843330937612], [126.90188696130313, 37.73428939335738], [126.90118465498291, 37.735270517917805], [126.90088022060415, 37.73713469927248], [126.90357970864824, 37.74159757686114], [126.90890450135306, 37.74485219747562], [126.9081757324816, 37.745418609926624], [126.90879203078772, 37.74695732139928], [126.91557565829666, 37.748117799088455], [126.9218264543984, 37.74703212135274], [126.92554787889455, 37.74807105960408], [126.92781300369911, 37.74928308300413], [126.92925519153742, 37.74902193374046], [126.92973676495457, 37.748117300703576], [126.93299466834836, 37.745381570486195], [126.93005746677217, 37.74283826984814], [126.93102403970393, 37.73750600669212], [126.93006454853047, 37.73590152990437], [126.92856758285957, 37.736031733677294], [126.92642601837372, 37.73512553838867], [126.92261198903756, 37.73193776221231], [126.92188584920495, 37.730182263195154], [126.92203816961907, 37.72920057144929], [126.92341193740103, 37.72856848823685], [126.92307215334297, 37.72501333428065], [126.92504064412448, 37.71991024363328], [126.92308127628426, 37.71624468554184], [126.9204654977077, 37.71367729972487], [126.92454154955907, 37.71173056490976], [126.92466854489105, 37.707869015672074], [126.9233941094751, 37.705981363127705], [126.92241315469802, 37.703072287788835], [126.92275250626602, 37.70258916080597], [126.92174073217059, 37.699032985711675], [126.91873998138955, 37.69417800061326], [126.91579233364995, 37.691100172019844], [126.91414937941057, 37.687913721600964], [126.91401854540979, 37.682198662742564], [126.91476279630402, 37.6799422811022], [126.91450296624578, 37.679003611177336], [126.91137969682897, 37.674387914155524], [126.91029645358645, 37.67379776649286], [126.9082652753134, 37.67397123870024], [126.9072911852867, 37.674276178863956], [126.90688232822966, 37.675421010501395], [126.9061422220245, 37.67339949040132], [126.90805166764257, 37.67026007440398], [126.911340969884, 37.66870371869899], [126.92036057644988, 37.66958549892627], [126.92043328178073, 37.67145619904911], [126.92177746782349, 37.671932528538115], [126.92802928084396, 37.670697772956665], [126.93005600838026, 37.6722927965117], [126.9319512863673, 37.67236390631091], [126.93816030566809, 37.6714292249847], [126.93982164432147, 37.670756645126566], [126.94292742255945, 37.67308887593013], [126.94457848317984, 37.676452986960676], [126.94471026331976, 37.676926597810294], [126.94307704771684, 37.67943043072641], [126.94479238283098, 37.68512589794018], [126.94789956063224, 37.68689694743677], [126.9510074889552, 37.68772152482571], [126.95254967809349, 37.689211503807535], [126.95444350902818, 37.692646341580186], [126.95995647569907, 37.6914920881918], [126.9657738638618, 37.69235669431074], [126.97299229596429, 37.68667708421989], [126.97534731185075, 37.68617049912737], [126.97929380929132, 37.686224043738314], [126.98207177690087, 37.685418289448485], [126.98928168543495, 37.68154701330274], [126.9911576286972, 37.679409952400334], [126.99257165636698, 37.67878173817097], [126.99425696395392, 37.66648354847951], [126.9928446150757, 37.66502408592706], [126.98801896272771, 37.66333802695061], [126.98499617433961, 37.6593026707282], [126.98128631720417, 37.65742065589698], [126.97944805866928, 37.655827338345496], [126.98099414364795, 37.65289963417085], [126.98363130924037, 37.64990593410161], [126.98464225717636, 37.64745872488037], [126.9849433081877, 37.64582411683296], [126.98324887066583, 37.643646742606435], [126.98411387379824, 37.64190644423866], [126.98589486369177, 37.64056897420317], [126.98636747030174, 37.6406509135974], [126.98462538828213, 37.63656487056026], [126.98359478613389, 37.636454469730175], [126.97853512979675, 37.63384988645762], [126.97507466788086, 37.63138628651299], [126.97178590780638, 37.63228533903874], [126.97087421235798, 37.632994435542614], [126.96876404251695, 37.63697561867808], [126.96882344891381, 37.63868166382999], [126.96500569504917, 37.64275985460244], [126.96173169440684, 37.64515941183055], [126.95676540403868, 37.6526492624794], [126.9546230281742, 37.65475074904568], [126.95125098366289, 37.654950303920366], [126.94707601736364, 37.658987929545745], [126.94103060645497, 37.65706100831906], [126.93937932835772, 37.655500627182164], [126.93704253969295, 37.65193036444436], [126.93473472597515, 37.650641689933956], [126.92974154343452, 37.650404717547076], [126.92541979258209, 37.64744315025331], [126.92126892195863, 37.64555766524389], [126.91388671245683, 37.64470720460874], [126.90527090887042, 37.648914873430456], [126.90758429277841, 37.64649416089275], [126.91222682533144, 37.644377663610754], [126.91246668819639, 37.64168518354049], [126.91082172015804, 37.64016048647162], [126.90981678027804, 37.63510912446462], [126.906530709959, 37.63252383868431], [126.90716880893552, 37.630575658206766], [126.90881073596854, 37.62905050142664], [126.90793736298467, 37.6253934627425], [126.90643541231006, 37.62402597775657], [126.90524472501262, 37.61949872435838], [126.90339266421643, 37.61880208820669], [126.90103131509832, 37.612457094366334], [126.90198363933314, 37.60939063630221], [126.90220738931254, 37.60709223275102], [126.90171484135661, 37.60573097011439], [126.90208416732567, 37.603820877787086], [126.90026058441242, 37.60315477546994], [126.90023001066805, 37.60202680440989], [126.9014896752708, 37.59936750673278], [126.90136025780366, 37.59617719367432], [126.90055611396696, 37.594297244701984], [126.89898909138753, 37.59265897581402], [126.89984123859193, 37.589866904828185], [126.89696151598842, 37.5886207710837], [126.88726180929973, 37.58859447774934], [126.8854418368198, 37.591088381708076], [126.88658094993887, 37.59383560969486], [126.88482247645315, 37.593391561253085], [126.88337931436384, 37.591715426544994], [126.88028648989977, 37.5896407938631], [126.87763206444966, 37.58620286290891], [126.87667182198187, 37.584121335104435], [126.87663442804337, 37.58155907811828], [126.87763166707012, 37.579748480666574], [126.87707656896659, 37.57890294324922], [126.87334512579619, 37.57884665357865], [126.86799067087887, 37.57739286210846], [126.86495408181973, 37.57583670668176], [126.86172335873313, 37.57585615430218], [126.8541170751827, 37.57385570359623], [126.85355733358531, 37.571805247320704], [126.83209323243436, 37.58576677415693], [126.82452589731939, 37.58940064617799]], [[126.88636131671231, 37.6478781153139], [126.88541688330292, 37.647538969507906], [126.88865784520127, 37.64870275382391], [126.88636131671231, 37.6478781153139]]]}}, {"type": "Feature", "properties": {"sgg": "41285", "name": "고양시일산동구", "sidonm": "경기도"}, "geometry": {"type": "Polygon", "coordinates": [[[126.79524096714351, 37.64051473722663], [126.79412880314055, 37.63189927663604], [126.79433996478957, 37.62867040230311], [126.79308234218308, 37.62774013803499], [126.78847642497728, 37.62773160547039], [126.78638746225944, 37.629089009753656], [126.78523063655418, 37.63088128395362], [126.78404595898402, 37.63151066523542], [126.77427278031003, 37.63191285650192], [126.77269188374807, 37.629735235917856], [126.77399907497714, 37.62219154401614], [126.76823849610726, 37.62369155354388], [126.7641531253972, 37.62579440725573], [126.76090918627611, 37.62823363135772], [126.74092368353017, 37.6389250758077], [126.74086416613967, 37.6539023600725], [126.74178263417431, 37.65455013178386], [126.74404870720738, 37.65413228782398], [126.74508972900858, 37.65949711490522], [126.75022211615595, 37.65871886324401], [126.7509679794334, 37.66410561610725], [126.75518765952557, 37.66222051239516], [126.75804008495156, 37.66610280866648], [126.76045395203269, 37.665010469121725], [126.7626841314831, 37.663289444331326], [126.76901095906445, 37.66723261906335], [126.77755614097613, 37.678758027116714], [126.77795171655413, 37.68322080366168], [126.77692575201941, 37.69084531563919], [126.77814374157545, 37.69579222688614], [126.7797237569208, 37.69841867322954], [126.78126716588682, 37.69919551711902], [126.77708841895827, 37.700610456373866], [126.77522086918299, 37.702152705873864], [126.77373427346723, 37.70261785010149], [126.77334781351969, 37.70425095698598], [126.7738647654919, 37.70677198094185], [126.77327912482949, 37.709231183665466], [126.77482796484597, 37.71022428241698], [126.77785377281856, 37.71410047783344], [126.78256290837693, 37.717610570076495], [126.78451841865756, 37.719694588885424], [126.78502904524058, 37.72089063953011], [126.79014525811883, 37.723760491318146], [126.79194665830178, 37.724201837758606], [126.7936541553232, 37.72594711207222], [126.79607937786187, 37.72960671043001], [126.79557983354394, 37.73356126424819], [126.79357103627265, 37.7349697433217], [126.79538746055206, 37.736205401792986], [126.7981653370724, 37.73716274624945], [126.80075579863609, 37.73527862008136], [126.80134079108444, 37.730296652354106], [126.80282756871775, 37.73037535005618], [126.80690420797622, 37.72697326653318], [126.81398922495102, 37.72347824516388], [126.82302965103383, 37.72880651258718], [126.8238564400602, 37.72882815743195], [126.82541147801233, 37.72714709919395], [126.82608371648872, 37.72700335365171], [126.83175338897748, 37.72881122255317], [126.83412591625628, 37.72690146427685], [126.83563195260213, 37.72806795134153], [126.83991823755049, 37.723222867354124], [126.84076755899885, 37.72133597976581], [126.841775585064, 37.71640812625439], [126.8465612326688, 37.707162321687576], [126.84975787359262, 37.698041758028246], [126.85382803751861, 37.695256505830336], [126.85496952216995, 37.69352660222082], [126.85493977034456, 37.692131552636006], [126.85254993171426, 37.68880042009899], [126.84895917442633, 37.69022511077659], [126.84807881323648, 37.686329911860575], [126.84146008800424, 37.68539294030009], [126.83993442111053, 37.68430509883044], [126.83541847061043, 37.68303250762311], [126.83351991361275, 37.683086000822385], [126.83218361485817, 37.67937621159468], [126.83237602925416, 37.67783609336069], [126.82100728876006, 37.671475441502544], [126.82074770733684, 37.667583154177585], [126.81939742245449, 37.66422401847777], [126.81560571296095, 37.66312274061289], [126.81489253655731, 37.662619405877344], [126.81431875839728, 37.660359463849986], [126.81108901987025, 37.659508085009776], [126.8108628864694, 37.659060568243625], [126.81114181719654, 37.65830097118742], [126.81358825503648, 37.656499825286076], [126.81605051014839, 37.65549338464034], [126.81660236552871, 37.651259180097405], [126.8181624823681, 37.649170368640924], [126.81472979751774, 37.6441627558862], [126.81234333846974, 37.643593425958386], [126.8132505210171, 37.64539854875288], [126.81346594548202, 37.647539190342485], [126.81297465623784, 37.64812064362319], [126.81203295225656, 37.64813430871202], [126.80747367206658, 37.645332670053456], [126.80587532315278, 37.64381805930352], [126.80297845205088, 37.64352156750892], [126.8020897341256, 37.64499561694317], [126.79728813944271, 37.642408109729494], [126.79668631416946, 37.64117006609637], [126.79524096714351, 37.64051473722663]]]}}, {"type": "Feature", "properties": {"sgg": "41287", "name": "고양시일산서구", "sidonm": "경기도"}, "geometry": {"type": "Polygon", "coordinates": [[[126.75022211615595, 37.65871886324401], [126.74508972900858, 37.65949711490522], [126.74404870720738, 37.65413228782398], [126.74178263417431, 37.65455013178386], [126.74086416613967, 37.6539023600725], [126.74092368353017, 37.6389250758077], [126.71826484875429, 37.64928975033891], [126.70158732942453, 37.65931903525035], [126.67346434319872, 37.67491414355302], [126.67128162879636, 37.67649077499669], [126.66846293122464, 37.68017528378052], [126.66678537503994, 37.684156322182126], [126.66632684092707, 37.687759464469366], [126.66704641081864, 37.689140199901644], [126.67654831891679, 37.70008467370003], [126.68347898645052, 37.695126040900824], [126.68738695123216, 37.69158383419772], [126.6914034525092, 37.68911255616649], [126.69661925354069, 37.69489520651498], [126.69928666651494, 37.6970291860328], [126.70183531881334, 37.696297266158616], [126.7045770456152, 37.69620535958238], [126.71190837546409, 37.69973704702825], [126.71707220360916, 37.7002392221619], [126.72352187607189, 37.703028533804684], [126.72744548956973, 37.70409288692074], [126.73064558879918, 37.70404026955666], [126.72989091958758, 37.70494112438159], [126.73613048103769, 37.704630105136644], [126.7401667922455, 37.7050532737557], [126.74802082672635, 37.70313763031862], [126.75553264733564, 37.70488778603628], [126.7600832041942, 37.703327022613465], [126.76397733507844, 37.704699835895575], [126.7649512224414, 37.70405171654362], [126.76637255412528, 37.706039507853724], [126.76607518655422, 37.70696988446362], [126.77061669337368, 37.70567332244718], [126.77334781351969, 37.70425095698598], [126.77373427346723, 37.70261785010149], [126.77522086918299, 37.702152705873864], [126.77708841895827, 37.700610456373866], [126.78126716588682, 37.69919551711902], [126.7797237569208, 37.69841867322954], [126.77814374157545, 37.69579222688614], [126.77692575201941, 37.69084531563919], [126.77795171655413, 37.68322080366168], [126.77755614097613, 37.678758027116714], [126.76901095906445, 37.66723261906335], [126.7626841314831, 37.663289444331326], [126.76045395203269, 37.665010469121725], [126.75804008495156, 37.66610280866648], [126.75518765952557, 37.66222051239516], [126.7509679794334, 37.66410561610725], [126.75022211615595, 37.65871886324401]]]}}, {"type": "Feature", "properties": {"sgg": "41290", "name": "과천시", "sidonm": "경기도"}, "geometry": {"type": "Polygon", "coordinates": [[[127.00212247336209, 37.40706391128952], [126.9997141991974, 37.404623672755974], [126.9949800777088, 37.40513623208737], [126.99267652364416, 37.40669926396827], [126.99199051484318, 37.40768219344384], [126.98827406000514, 37.40793995787971], [126.98578430859381, 37.40664470151531], [126.98256974682245, 37.400674863707884], [126.98083268484922, 37.40281589457139], [126.97816529114597, 37.40345201298118], [126.97615402539546, 37.40609991091706], [126.975260527257, 37.41260271641134], [126.97376439451027, 37.41496216215216], [126.96392691931317, 37.41920044901258], [126.96263495297917, 37.421063940351374], [126.96180701935567, 37.424563035382555], [126.96091249941706, 37.426027772947236], [126.96183958966355, 37.4268741168247], [126.96264453916007, 37.43106879092443], [126.96423853614226, 37.43138937304131], [126.9643123232593, 37.437638640415145], [126.96547671626905, 37.440305766413964], [126.96380325483926, 37.44076820569039], [126.9639925224085, 37.44485047971796], [126.96441050842971, 37.44558015357388], [126.96556631221624, 37.44609691093395], [126.97081222311287, 37.44746129495068], [126.97398314583471, 37.447599378096996], [126.98235574666255, 37.455158240783824], [126.99683201181607, 37.46218492617583], [126.99721949982252, 37.46393659915106], [126.99646108240796, 37.46480405943685], [126.99627509882059, 37.46671749087119], [127.00342193700581, 37.46725934879104], [127.0051557557203, 37.46306059579489], [127.01106032839904, 37.45538864973786], [127.01785917295153, 37.455608123024405], [127.02469213248413, 37.45781147244004], [127.02610497921987, 37.45851014202381], [127.02986236271967, 37.46345355304681], [127.02986111865329, 37.4654453005473], [127.03126894028551, 37.46577535727362], [127.03272117313513, 37.4652527121224], [127.03473491489402, 37.463847834388574], [127.03342946289989, 37.46107522675779], [127.03492464383925, 37.45786795873334], [127.03583473655377, 37.45754591860271], [127.03835863543168, 37.4456510084154], [127.03681304896406, 37.442147655472056], [127.035413112466, 37.441172670533135], [127.03579942857027, 37.43927170156024], [127.03731179420541, 37.438487802121266], [127.04105997621345, 37.43811482660867], [127.04472260923981, 37.434303207358965], [127.04634318648793, 37.433554014079974], [127.04746704771722, 37.4308710922291], [127.04591520843624, 37.42908721146393], [127.04182910582954, 37.42691491657111], [127.04167534027411, 37.415633660359624], [127.03792636559967, 37.41390533352209], [127.0348587273116, 37.41406456474101], [127.02834219892056, 37.41210192375207], [127.02115483307105, 37.41239752557661], [127.01814044177091, 37.41317848511997], [127.00849000486528, 37.41220245797694], [127.00412698008756, 37.40777089854013], [127.00212247336209, 37.40706391128952]]]}}, {"type": "Feature", "properties": {"sgg": "41310", "name": "구리시", "sidonm": "경기도"}, "geometry": {"type": "Polygon", "coordinates": [[[127.16662379436175, 37.57892027848271], [127.14924237405107, 37.56848658796402], [127.13382468198465, 37.56844520191191], [127.121746500119, 37.563994420093046], [127.1193555103727, 37.56265796260859], [127.11668259708428, 37.56002073681968], [127.11348438997406, 37.56025063398706], [127.1137691771839, 37.55888549092249], [127.11002219824084, 37.55845873405385], [127.10896038693978, 37.55982369013402], [127.1011460799232, 37.56002336317411], [127.10334184502871, 37.569649304038116], [127.10419009584623, 37.571051498355146], [127.10397418028565, 37.5717290402408], [127.10163697061417, 37.57255829098158], [127.10093021118088, 37.573559795823115], [127.1026716405845, 37.57830360868785], [127.10276863963259, 37.5817626404008], [127.09975048588927, 37.58305151357613], [127.1026655861381, 37.584104673555004], [127.10932809122542, 37.58466434029016], [127.11014333874036, 37.58741619339008], [127.1123997606826, 37.59186378093394], [127.11390575571913, 37.59334278726775], [127.11782383634053, 37.59400532907511], [127.11836564712655, 37.595015524601116], [127.11383192229505, 37.599963685482244], [127.11801121467134, 37.60457760024447], [127.11831716768972, 37.60761387125097], [127.11661509079283, 37.60882189786028], [127.11758668705428, 37.61170699061383], [127.11667056251804, 37.615768458165135], [127.11696815201357, 37.61743077296312], [127.11567458701147, 37.61929460112488], [127.11394516421774, 37.61942866310911], [127.11085169680668, 37.62077727645071], [127.10613794160076, 37.62059826863749], [127.10406500435579, 37.62165829567524], [127.10350738000311, 37.62290365585501], [127.10536971117268, 37.627139509498804], [127.11084223615458, 37.630471179502955], [127.11203734637901, 37.63261805396303], [127.1123843166474, 37.63522852209713], [127.11195292820503, 37.640271212478744], [127.11115471503085, 37.64241159163724], [127.11192730754436, 37.643424763327445], [127.11540351493682, 37.6440219850112], [127.11650541212616, 37.64340029928896], [127.1270249122876, 37.641318130385685], [127.12902788881225, 37.64169399412112], [127.13059052766076, 37.64115358652584], [127.13338952203978, 37.64360269583983], [127.14087480162459, 37.6463004361198], [127.14204672215038, 37.64597276440893], [127.14385667810431, 37.64452933825234], [127.1462568657447, 37.644093776156275], [127.14910742899659, 37.63993020867912], [127.15026170865916, 37.63942569345341], [127.14943938137817, 37.63305846786547], [127.14813606835438, 37.63154596704367], [127.14448417251769, 37.62910928257513], [127.14304061586618, 37.62570573476633], [127.14325271391085, 37.62105308330319], [127.14701519587628, 37.61513028165977], [127.14840230943807, 37.60614800938693], [127.15072671622471, 37.60045051450459], [127.15408496250109, 37.59708148019659], [127.15657640703334, 37.595933457071915], [127.164453840087, 37.594220340338985], [127.16798040573991, 37.59419313272543], [127.1686055878021, 37.593705907313776], [127.16919749010557, 37.59209866051794], [127.16852293693339, 37.59063207625877], [127.16600033889117, 37.58988135215148], [127.16372869681994, 37.590004144864245], [127.16187233686885, 37.58929526488446], [127.16092426177407, 37.58835198839456], [127.16045940377806, 37.58664682812097], [127.1622783962542, 37.584527035701505], [127.16554591995498, 37.58423042011547], [127.17076195721104, 37.58091809496362], [127.16855713087293, 37.57982923347749], [127.16856621812114, 37.5789466401408], [127.16662379436175, 37.57892027848271]]]}}, {"type": "Feature", "properties": {"sgg": "41360", "name": "남양주시", "sidonm": "경기도"}, "geometry": {"type": "Polygon", "coordinates": [[[127.2024063422074, 37.588408153147256], [127.20195231988089, 37.589532568280895], [127.2007795051891, 37.590357716062044], [127.19756966005849, 37.591590017584245], [127.1940240101492, 37.59194471809535], [127.18337787775668, 37.591701327386886], [127.18022163456492, 37.5878854172316], [127.17076195721104, 37.58091809496362], [127.16554591995498, 37.58423042011547], [127.1622783962542, 37.584527035701505], [127.16082253692322, 37.58579414913902], [127.16061695343966, 37.58774727250571], [127.16187233686885, 37.58929526488446], [127.16372869681994, 37.590004144864245], [127.16600033889117, 37.58988135215148], [127.16830841891155, 37.590474864251505], [127.16918357541522, 37.592524508762786], [127.16798040573991, 37.59419313272543], [127.164453840087, 37.594220340338985], [127.15598527026489, 37.5961552662086], [127.15408496250109, 37.59708148019659], [127.15061261266254, 37.60063376312275], [127.14840230943807, 37.60614800938693], [127.14701519587628, 37.61513028165977], [127.14325271391085, 37.62105308330319], [127.14306451659148, 37.625892836625425], [127.14437154230644, 37.62896247501059], [127.14901839282157, 37.632353041937236], [127.14975218457674, 37.63417480743421], [127.15026170865916, 37.63942569345341], [127.14910742899659, 37.63993020867912], [127.14613605095448, 37.64417340778112], [127.14385667810431, 37.64452933825234], [127.14174911443789, 37.64613184885215], [127.14036154930389, 37.64620987431542], [127.13338952203978, 37.64360269583983], [127.13059052766076, 37.64115358652584], [127.12902788881225, 37.64169399412112], [127.1270249122876, 37.641318130385685], [127.11650541212616, 37.64340029928896], [127.11540351493682, 37.6440219850112], [127.11198927098907, 37.64345332687808], [127.11115471503085, 37.64241159163724], [127.10974875942422, 37.64249144899672], [127.10802800922103, 37.644638824979516], [127.10656795572935, 37.64548959251487], [127.0978142702977, 37.6452815729829], [127.09445212499575, 37.64575907901987], [127.09229618018492, 37.64992255081743], [127.0936018870392, 37.65331721238588], [127.09281808479378, 37.65490311643604], [127.08921128152483, 37.65495032506607], [127.08657643377425, 37.65541206875153], [127.08603443399842, 37.65591267225598], [127.09244495585239, 37.65809256043153], [127.09396031613478, 37.66257066784949], [127.09572830788656, 37.670417231369676], [127.0957388320299, 37.67226500448962], [127.09361088871749, 37.67662240242924], [127.09227021681814, 37.6774818929083], [127.09182776444449, 37.679187298896515], [127.09281142909215, 37.681804565526235], [127.09467357148607, 37.68400121912899], [127.09563299178052, 37.684322232478905], [127.09628522507205, 37.68573840107765], [127.09579195526719, 37.68886098597054], [127.09283501347736, 37.68967891237454], [127.0889917161366, 37.689755713182386], [127.08492587944606, 37.69084335023972], [127.08513534546033, 37.69141643366331], [127.08428931674722, 37.694010392015066], [127.08111169633146, 37.696090674589485], [127.0803557598973, 37.69959776168512], [127.08384074446305, 37.70174104662776], [127.09115922250034, 37.702529189057806], [127.09400517651352, 37.70380295869411], [127.09495755764662, 37.70274076721295], [127.09663008884273, 37.70221376712027], [127.099087944101, 37.704770913721674], [127.10150612900043, 37.70494624311778], [127.10365495794386, 37.707213984624495], [127.10706670800576, 37.70765804192706], [127.10901358230244, 37.708639076384], [127.109304407241, 37.71280643317884], [127.11166606368285, 37.717225111675596], [127.11261200738291, 37.71778141379042], [127.11656462226652, 37.71795375299951], [127.11819598708583, 37.72080105173056], [127.12300668791717, 37.72213697843665], [127.12366104289836, 37.7228703027096], [127.12411777498545, 37.72597228996795], [127.12576770058203, 37.72747149326406], [127.1256456736925, 37.733538159795444], [127.12366723324567, 37.734980696518136], [127.12371484262724, 37.738612198745656], [127.12629489145132, 37.743798427910214], [127.12904481159467, 37.74554462115908], [127.12822968807423, 37.74714958690348], [127.12848454433028, 37.747825256814394], [127.13622365516224, 37.74931179480239], [127.13825675773802, 37.74731147946694], [127.14248418667157, 37.74777052728048], [127.14204320018018, 37.74992335977333], [127.14670654041863, 37.75483612452198], [127.14940620038469, 37.75544243948644], [127.15375667376084, 37.75549924013617], [127.157177365734, 37.75470368192213], [127.15980228944494, 37.75305285222126], [127.16625631459223, 37.752942866020845], [127.17326433818994, 37.75511441335536], [127.17556006040428, 37.75663385274934], [127.17626224695715, 37.75734106943702], [127.17699031133226, 37.759767609168826], [127.17936154561883, 37.7622583742355], [127.18142328726873, 37.76381761999851], [127.18380523703415, 37.764688178115286], [127.18600335656903, 37.76440675868655], [127.18729044957118, 37.763424359113195], [127.19092423848515, 37.76257768827481], [127.19861371706848, 37.76328598950896], [127.20019205998032, 37.763991920774906], [127.20415223045349, 37.76347916140742], [127.20488048325777, 37.76306863192388], [127.20478255362764, 37.761642042257655], [127.20528298064342, 37.761241079094326], [127.21096062173224, 37.764610317355945], [127.21265072593718, 37.76465388423366], [127.21298289506178, 37.76151132789994], [127.21341410083497, 37.76101664917526], [127.22075414336094, 37.75792470104348], [127.22202579019458, 37.75693399597031], [127.22163277460436, 37.75502338738068], [127.2253505927322, 37.75349309711183], [127.22762236476933, 37.75427688876623], [127.23068134130155, 37.75732589027126], [127.23340903139874, 37.758458803632095], [127.23649147132865, 37.76219152879235], [127.24047325688583, 37.76270510607472], [127.2515764739003, 37.76620814486268], [127.25354775740765, 37.76771749441126], [127.25879030411879, 37.76865895820081], [127.25972576839244, 37.768400739149236], [127.26037509073558, 37.77011919328696], [127.26152461698875, 37.771069930832596], [127.26094550992845, 37.772617907387605], [127.26174958963448, 37.77438500188921], [127.2633555560785, 37.77692699216577], [127.26621681047347, 37.77899182009301], [127.266523837898, 37.780450292744206], [127.26973125156424, 37.77882748914831], [127.27287092298165, 37.77611384248425], [127.27401774176352, 37.77405583082673], [127.28185513928356, 37.77492079103806], [127.28999585904062, 37.77501444588176], [127.29156279394374, 37.7760390713277], [127.29313147448488, 37.77623677828107], [127.30210065518628, 37.77337808832558], [127.30989467858112, 37.76829618531055], [127.31143626819112, 37.76819613733776], [127.3153137896116, 37.76903036878405], [127.31857475061531, 37.767228278691626], [127.32185469188356, 37.76425440382654], [127.3237027649989, 37.76175697862561], [127.32644736219369, 37.76025035845253], [127.33009180819373, 37.755848184069656], [127.33395760562557, 37.752839882348596], [127.33185355872801, 37.75114015024158], [127.33106753916569, 37.74954255021312], [127.33293042559562, 37.746455904737054], [127.33531071961204, 37.743827376279434], [127.34240895199606, 37.737803886266455], [127.34337812372927, 37.733031433574695], [127.3429437379436, 37.72936581725381], [127.34499579497516, 37.72769769484195], [127.35545440472052, 37.72368992399443], [127.35404296963505, 37.71941361167123], [127.3541478797828, 37.71726744349384], [127.35471503597117, 37.71662594419279], [127.35338749096617, 37.71094014672298], [127.35516823069132, 37.708582101306135], [127.35512204569054, 37.707177090022476], [127.35365735711044, 37.70501051043078], [127.3534354562361, 37.70382426773393], [127.35848755830314, 37.6992300472861], [127.36134764293605, 37.69380537926917], [127.37024464217652, 37.69302458177129], [127.37211578251126, 37.69202952214276], [127.37213074812362, 37.691570983307365], [127.37075170535742, 37.69047097565396], [127.3671412279449, 37.690109808559654], [127.36676987220696, 37.68965196108505], [127.36692986117835, 37.68822115366615], [127.36856946914477, 37.68579287668064], [127.3741690975222, 37.682194759151486], [127.37506184659982, 37.6773341438307], [127.37919772392932, 37.67459492286802], [127.37754979652871, 37.66989939115414], [127.3763740265911, 37.660106375943634], [127.37442027368988, 37.65432804810952], [127.3720493102167, 37.65065569679413], [127.37112753436035, 37.64818839305886], [127.36597510234999, 37.640053656048636], [127.35215833163575, 37.62779237406179], [127.34709961573172, 37.61777534155523], [127.34390791437171, 37.605151154565284], [127.34146716704632, 37.59179326369411], [127.33918891848846, 37.58654431246164], [127.32132916844974, 37.5583524290559], [127.31710261523307, 37.55219081569394], [127.3116895223446, 37.54546831688114], [127.30889237456844, 37.540600992409296], [127.30477135947757, 37.525395063848926], [127.30561801276076, 37.520769094260075], [127.30710334111875, 37.5163751852271], [127.30365500188576, 37.512510491221015], [127.29992977218784, 37.50972916715542], [127.2923967949354, 37.5071393714671], [127.28906482999521, 37.50713574450646], [127.28797525804482, 37.50907735956804], [127.28684693826301, 37.51667044040359], [127.28478419362258, 37.52149016968254], [127.28283518474655, 37.52358559194634], [127.27898980120284, 37.5263647912772], [127.26346662767205, 37.533274068346635], [127.248547743644, 37.54140166894712], [127.2404361214357, 37.54395073286565], [127.23842102288489, 37.54499636763308], [127.2361832118215, 37.550453194220744], [127.23442751250147, 37.552059723890885], [127.23430499449238, 37.55747096300773], [127.23363758988133, 37.558691922310985], [127.2290627591046, 37.5633572904539], [127.22185549059084, 37.56466872084184], [127.22011469947277, 37.56696273384476], [127.21966876555392, 37.57389783549082], [127.21293726138448, 37.57697367850979], [127.21067544327602, 37.57986705690931], [127.20843457041856, 37.58181178989717], [127.20618533626214, 37.58510494777836], [127.2024063422074, 37.588408153147256]]]}}, {"type": "Feature", "properties": {"sgg": "41370", "name": "오산시", "sidonm": "경기도"}, "geometry": {"type": "Polygon", "coordinates": [[[127.07488092889177, 37.126391878208814], [127.07410408356739, 37.12553616016081], [127.0730404746587, 37.12537011084859], [127.07271318443927, 37.12591137269428], [127.07113515279063, 37.125605551558365], [127.06895815472532, 37.12815987504517], [127.06678934790303, 37.126732039258606], [127.0661357041999, 37.12768932580462], [127.06591555108297, 37.12983310347012], [127.06637241455586, 37.13121553441527], [127.06498218001227, 37.131169566897135], [127.06508963269826, 37.1319372913817], [127.0608213432184, 37.132301276426475], [127.05806925722725, 37.131956398033445], [127.05669373619496, 37.132418871362276], [127.05570355173397, 37.13351825144233], [127.05329926649972, 37.13194866131979], [127.05237136687553, 37.13071806880974], [127.05233410345497, 37.1296238754659], [127.04869600058112, 37.12993571741734], [127.04525437938312, 37.12925777218273], [127.04556587614185, 37.12634852062032], [127.04271804308226, 37.12781814524184], [127.03818877817598, 37.13177582867332], [127.03768398934338, 37.13367246583833], [127.03851568698451, 37.13576134433947], [127.03563343269566, 37.136019580557736], [127.03446446825849, 37.1372256521681], [127.03257294876185, 37.1401968847175], [127.03092089216351, 37.144415533739604], [127.02982448603517, 37.14531598252899], [127.03034084576876, 37.14637493582693], [127.03013131814123, 37.14952350242778], [127.028073140464, 37.1521710524253], [127.02783434211463, 37.153794922249325], [127.0304867791237, 37.156007184235925], [127.02975744049786, 37.15875914346949], [127.0269744188379, 37.16066126629116], [127.02809505248347, 37.163121926457094], [127.01904850562534, 37.167291952217525], [127.01662683318271, 37.1678454793493], [127.01239135073811, 37.167568971995635], [127.00653029279879, 37.168064181800894], [127.0000689382201, 37.17355367735002], [126.9952535935849, 37.17501377206125], [126.99515257906978, 37.17727254521086], [126.99649720676064, 37.178461362466315], [126.99976996436222, 37.177576071396665], [127.0030091093062, 37.17913793969035], [127.00455789657474, 37.18041448672718], [127.00461312694559, 37.18147697351799], [127.00242608866436, 37.18204803992761], [127.00784506905812, 37.18699690420797], [127.00981837133574, 37.1924045003446], [127.01103647065358, 37.19375152983414], [127.01360426018219, 37.19480882619722], [127.01752759400223, 37.19546148590908], [127.02413034878757, 37.19784423796193], [127.02665101671123, 37.200417705675434], [127.03688785120988, 37.19994211265703], [127.03872316287297, 37.19832787147226], [127.04154257419783, 37.197490738047236], [127.04250711207189, 37.19763832290502], [127.04609860011163, 37.196263973755386], [127.04944025396142, 37.195906026746236], [127.05196222209506, 37.19708291062097], [127.05441219589108, 37.19746285478773], [127.0566159158458, 37.19720520837618], [127.06146608313912, 37.199400718442], [127.06497235523975, 37.197748879515956], [127.0660226865167, 37.19571779068923], [127.06564660929077, 37.19215585724556], [127.06863618418403, 37.190618454132235], [127.06814255734976, 37.189147523656295], [127.06532443080881, 37.186445406596384], [127.06606117303959, 37.184316260900445], [127.07105904208225, 37.18403760461313], [127.07213953856551, 37.18201945345088], [127.07221798246965, 37.17597583085148], [127.07302525921163, 37.17455839338753], [127.0722943356721, 37.17396820459094], [127.07072820079858, 37.173923371130456], [127.07072333733072, 37.1704567910619], [127.07136550301254, 37.169421104996374], [127.07127447117107, 37.16820649885931], [127.07321473435535, 37.1669796403418], [127.07346781981225, 37.16549208242126], [127.07590068492492, 37.16367939717052], [127.07539281900019, 37.16260039635024], [127.0762516976428, 37.162172597577445], [127.07890490410249, 37.162515002188066], [127.07987794417186, 37.161353139936004], [127.08324078076029, 37.161697961035514], [127.0838205058632, 37.16084804457762], [127.08895355840001, 37.160524542726584], [127.09162183277257, 37.15946505316917], [127.09386111016404, 37.15945250111411], [127.0951751108636, 37.15850777870878], [127.09570704355747, 37.157412825428494], [127.09799023590622, 37.15585079615151], [127.09872743035082, 37.153084974608426], [127.0982024635132, 37.15287755166528], [127.09775603738964, 37.1517009264326], [127.09921473154738, 37.15115748284594], [127.10094927307202, 37.146087206018066], [127.10364660198648, 37.14357454892091], [127.1003534484917, 37.14229024133789], [127.09770400127567, 37.138805195289194], [127.09815098373518, 37.137718251817], [127.09785504092955, 37.13685977622728], [127.09393436349998, 37.13640809683277], [127.09160114161132, 37.1372834687327], [127.08774260766361, 37.13480365716961], [127.0915283526482, 37.131350174933], [127.09106554993873, 37.130986252256534], [127.09289667253758, 37.129347393607226], [127.08998276214417, 37.12992490864573], [127.0901679561667, 37.12960239238223], [127.0890244218264, 37.12847228143879], [127.08903674098002, 37.12793818432513], [127.08619642526561, 37.126748733832976], [127.08346595667395, 37.127336521862084], [127.0825543787703, 37.12630508948229], [127.07926681676554, 37.12576752409228], [127.07928031287224, 37.128157786676354], [127.07488092889177, 37.126391878208814]]]}}, {"type": "Feature", "properties": {"sgg": "41390", "name": "시흥시", "sidonm": "경기도"}, "geometry": {"type": "Polygon", "coordinates": [[[126.75765357537526, 37.33804627763676], [126.7496192811723, 37.333449301033056], [126.7476526411052, 37.32478363984019], [126.7465621961848, 37.32473220756153], [126.73852099021138, 37.32967922910069], [126.71715962084404, 37.30751608020175], [126.70610723924304, 37.31044402971416], [126.6923962577354, 37.318999101289194], [126.68136380607433, 37.32008050974661], [126.68046711052415, 37.31947594991758], [126.67715988175435, 37.32009390247851], [126.67731927345866, 37.321515802125106], [126.67603979859842, 37.32180043537671], [126.67531399866438, 37.32378643852837], [126.67106449501567, 37.32988698791891], [126.69148874590753, 37.33593401711225], [126.69181156713032, 37.337421872410296], [126.69114843998017, 37.33920627533859], [126.68559087335449, 37.34087677424653], [126.68844729679088, 37.348859970538136], [126.69291369015825, 37.348293387839476], [126.70147965402336, 37.350691573171595], [126.70074459580007, 37.35160870812702], [126.70114417786061, 37.351871159397724], [126.70246971926967, 37.35093271677894], [126.70319662752708, 37.35126841959407], [126.70019197408591, 37.35395200046819], [126.7004521683918, 37.35465839303705], [126.7182925519615, 37.37381772672761], [126.73060159369993, 37.386197650827704], [126.73282081477169, 37.386401180626], [126.74258944196124, 37.38263586188136], [126.74569639307812, 37.38752245816379], [126.74497527292839, 37.3885350090392], [126.74205108221922, 37.38455449905932], [126.73983158616508, 37.38546886906697], [126.74055114311994, 37.38690447032742], [126.73744550862678, 37.388217374044814], [126.73548576900524, 37.38701717388694], [126.7341918767743, 37.38754961902471], [126.73351453430665, 37.3890324783675], [126.73453803229495, 37.3920428983046], [126.73670054826894, 37.394355350273685], [126.73654154837307, 37.39542661589188], [126.74225407346134, 37.399716546538414], [126.74581910282696, 37.401170693665605], [126.74704135325078, 37.40337983261183], [126.750575879332, 37.40760623569069], [126.75058994744568, 37.40980902483931], [126.75223918842153, 37.414478371110924], [126.75328961988788, 37.41691612813735], [126.75505149429486, 37.41805086094771], [126.75369009495193, 37.42253943913569], [126.7596752848379, 37.4265334425289], [126.7638149210869, 37.4257591092596], [126.76736934433276, 37.426593557963244], [126.76902586132348, 37.427340971234365], [126.77035223152424, 37.42904817687087], [126.77127482748675, 37.43138230699046], [126.77130731529849, 37.435231800175956], [126.76883815718544, 37.44293488511684], [126.77070656768568, 37.4485062004156], [126.7717375779374, 37.45027217487829], [126.77831583751951, 37.450789381866805], [126.77976935646252, 37.454325945045106], [126.77829432721298, 37.45507784290576], [126.77744777918323, 37.45751850443531], [126.77984193551697, 37.46579138667863], [126.77942109854247, 37.46837930960338], [126.77795621966149, 37.46999707437676], [126.77822709716354, 37.47179487957215], [126.78046840996635, 37.47150018237439], [126.78432257487653, 37.472409533683695], [126.78436410606298, 37.47127421069877], [126.78518635225161, 37.47005550810269], [126.78790827760115, 37.46925941961509], [126.78778384050446, 37.46684067702755], [126.78926886749365, 37.46565530596121], [126.79252715928246, 37.46526370199124], [126.79477040116103, 37.46571763670376], [126.79651795987898, 37.4640246886252], [126.7988097642539, 37.46453757251679], [126.80106459775043, 37.463748195580365], [126.80093753234253, 37.46288597157175], [126.8024011276309, 37.46265477915118], [126.80307894797792, 37.46173856928813], [126.80410042833815, 37.461504747380836], [126.80888945495994, 37.46209263633409], [126.81150775606666, 37.45987818322783], [126.81183705763704, 37.45885795104738], [126.81268149427244, 37.45917612862719], [126.81334881136401, 37.458719902822665], [126.81322719253603, 37.45993309060435], [126.81547724355998, 37.46098382973417], [126.8177409602437, 37.459185868560304], [126.81972798781526, 37.45945185021443], [126.82090218974567, 37.458616708862984], [126.82318878179714, 37.45834593213372], [126.82379474592156, 37.459240243657185], [126.82541814943431, 37.45897541656627], [126.82807586246622, 37.45961976897566], [126.82922751769254, 37.458703416368145], [126.82928485523814, 37.45778353048131], [126.83224555974788, 37.459033772318925], [126.83314261957152, 37.46035062849384], [126.83628165634634, 37.45811671951235], [126.83760544687503, 37.45839825276648], [126.83835171927467, 37.45732558984695], [126.83701254585736, 37.45600629281988], [126.83883242602121, 37.45569767026412], [126.83810906084052, 37.45294437772347], [126.83846656562726, 37.450727164302755], [126.83836220492324, 37.44621988466399], [126.83771444390942, 37.44243468461608], [126.83780503243456, 37.436932281932044], [126.83974582387287, 37.43660174893658], [126.8417444279463, 37.43442822207118], [126.84185799280701, 37.43380026868901], [126.84061791966514, 37.43310483020428], [126.84004457647296, 37.43171150335372], [126.84191431827689, 37.427852609093414], [126.84193004295568, 37.4263789695589], [126.84550703509258, 37.4229082701916], [126.84459863470771, 37.42096646588715], [126.8463182574987, 37.41246936453525], [126.84714775627556, 37.411447524481225], [126.85284363304994, 37.40829427751273], [126.85374360089598, 37.40547125544367], [126.85769100486401, 37.40223876860144], [126.86197071959414, 37.40151426752884], [126.87061082037326, 37.402155478176056], [126.87498748064499, 37.401574776899864], [126.87700377716085, 37.40205411663258], [126.87727460324393, 37.40013683706961], [126.87770972315325, 37.39978070979685], [126.87758191780716, 37.39713126594393], [126.87609271251853, 37.39466150894793], [126.87792523462406, 37.38729005392973], [126.88013894648161, 37.38218978232223], [126.88191192588266, 37.37622071772795], [126.87932796690028, 37.37351546351649], [126.87315494029318, 37.368509585843206], [126.87155102997673, 37.36591300832663], [126.86483126548198, 37.3615167217338], [126.85996454450165, 37.361476966656745], [126.85662235401179, 37.361101665353004], [126.85448528430472, 37.360291234159355], [126.85342512768696, 37.36044091335185], [126.85027648141542, 37.36203031914075], [126.84977038361181, 37.36359029206009], [126.84825446698284, 37.365053475230695], [126.84334741767695, 37.363288902953535], [126.84165986583301, 37.363210792441976], [126.84075152292982, 37.36368909455812], [126.83959256033579, 37.36288829538151], [126.83162737238747, 37.361652616694336], [126.82762615731967, 37.364199973465524], [126.82644255882796, 37.36412789962679], [126.82561624213625, 37.36322969816474], [126.82371841066046, 37.36314118467663], [126.81855839037897, 37.359707700936205], [126.81665261580113, 37.35765199959959], [126.80894330890682, 37.35514280665806], [126.80577998263782, 37.353489421313796], [126.80215844397989, 37.353095169184876], [126.79527709663095, 37.35514216931423], [126.79158440980997, 37.35247797238464], [126.79080183341839, 37.350373089591926], [126.79051385326852, 37.34798047441566], [126.7920898761892, 37.34313828098624], [126.78739208241997, 37.33856941343515], [126.7840538895443, 37.33747324519763], [126.78404926693653, 37.33855486440014], [126.78279948423945, 37.3400638534826], [126.77919933067791, 37.34066037748087], [126.77638317212852, 37.34200828596941], [126.77390618951729, 37.340745348363306], [126.77059109011583, 37.34042305063469], [126.76821863473378, 37.339422470006625], [126.76394468163775, 37.34162346935277], [126.76149708529393, 37.34146623865443], [126.75982735403534, 37.34085075195972], [126.75953776652463, 37.339950965145874], [126.75765357537526, 37.33804627763676]]]}}, {"type": "Feature", "properties": {"sgg": "41410", "name": "군포시", "sidonm": "경기도"}, "geometry": {"type": "Polygon", "coordinates": [[[126.94812045281051, 37.33183423903106], [126.94696090264453, 37.324766499067394], [126.9450513718034, 37.32034191109648], [126.94070307505714, 37.32122845423208], [126.93878096665642, 37.322445233340886], [126.93709124866402, 37.32228960468488], [126.93558731534772, 37.32172698534809], [126.93216109377907, 37.31844644126907], [126.9296395281222, 37.31703043222624], [126.92947060567431, 37.316042581248055], [126.93024151470887, 37.312964692167306], [126.93284686433631, 37.30885112352838], [126.93277786189623, 37.30771056441165], [126.93137119744661, 37.30709761037696], [126.92476796306705, 37.30678852241481], [126.92257581142815, 37.30644208113255], [126.92091308814288, 37.30557651511882], [126.91646411374288, 37.30514565861524], [126.91527731758718, 37.30558204132514], [126.91432594983036, 37.31094338561643], [126.91550855874648, 37.3151379399467], [126.91440734217113, 37.31590815297578], [126.91245787249105, 37.31558311847849], [126.91043582840759, 37.316768405704714], [126.91027539276509, 37.3173501242777], [126.91092807138368, 37.317774771225054], [126.90770124733078, 37.321883582685885], [126.89503122174808, 37.31916832352286], [126.89388834696778, 37.319801328534396], [126.8915304288972, 37.31977683306243], [126.8877407341513, 37.31790607897146], [126.88316270850642, 37.32085910682999], [126.88162928933227, 37.320844342805245], [126.87811594541968, 37.319455876629235], [126.874213874551, 37.32086162178055], [126.87464678643609, 37.32209098559341], [126.87335970272045, 37.323074566870766], [126.87274531624193, 37.326295994957505], [126.87398128998123, 37.32994861709666], [126.8767244994036, 37.332645700509424], [126.87923377118942, 37.332760424019135], [126.88071305240088, 37.33347012449157], [126.88535983881472, 37.338201802273474], [126.88677663328924, 37.340193992159236], [126.88767266739676, 37.34359051082679], [126.88745097242499, 37.347302322459406], [126.88867163734895, 37.34944448373841], [126.89191889824377, 37.351396925502634], [126.89374611916581, 37.35365298331416], [126.89408675501956, 37.35570538034182], [126.89723786976528, 37.35806727082639], [126.90118869704526, 37.35682768091791], [126.90407602171966, 37.356987609231815], [126.9074334924326, 37.36009506755996], [126.9083088498347, 37.36338936928926], [126.91163659280095, 37.367836324667785], [126.91170591228109, 37.36908738379795], [126.91482673779718, 37.375412424886], [126.91667754088682, 37.375880141726434], [126.91753037900642, 37.37678121145729], [126.92141780726472, 37.376518614550996], [126.9269472561717, 37.37763845213979], [126.93276542443216, 37.377470334413005], [126.94007611539308, 37.375851238119886], [126.94118537511306, 37.37676239726842], [126.9408169706462, 37.379126761608966], [126.94379812109456, 37.37798931557868], [126.94669408597204, 37.37565818924537], [126.94555143567499, 37.37303435435952], [126.94707458458723, 37.36997906391843], [126.95034333628651, 37.36737359447971], [126.95312516466127, 37.3662935269521], [126.95701969199604, 37.36603091744259], [126.96213627602094, 37.36155526752112], [126.96051616918426, 37.35639429176955], [126.96236504950208, 37.35533907353355], [126.9594326561588, 37.35061714335784], [126.95955426415111, 37.34822228521162], [126.95823897638957, 37.34723151395389], [126.95757988334272, 37.34434089753001], [126.95444437036028, 37.34110134783784], [126.9513387720142, 37.34175425387358], [126.94856348150984, 37.3397515082416], [126.94812045281051, 37.33183423903106]]]}}, {"type": "Feature", "properties": {"sgg": "41430", "name": "의왕시", "sidonm": "경기도"}, "geometry": {"type": "Polygon", "coordinates": [[[126.97069840912758, 37.33005614258977], [126.96692202659356, 37.323238361971136], [126.97000341451498, 37.31692400004181], [126.96770523980321, 37.31593794042539], [126.96666268436336, 37.31304881551076], [126.96634986009674, 37.308205988996754], [126.96397506329482, 37.30437030714423], [126.9610752166736, 37.3019687121463], [126.95430209847191, 37.303142571590826], [126.95290695188073, 37.302133881275836], [126.95229328176649, 37.30064969341378], [126.94158757536634, 37.301022473194784], [126.93474649732423, 37.30306543631546], [126.9329532092641, 37.30304784371433], [126.93135464167368, 37.303958459326246], [126.93052429516047, 37.305210772340544], [126.93042700862954, 37.30706491420128], [126.93236371355208, 37.30742137779465], [126.933005728252, 37.308358376991606], [126.93029052107678, 37.31282634042301], [126.92947060567431, 37.316042581248055], [126.9296395281222, 37.31703043222624], [126.93216109377907, 37.31844644126907], [126.93558731534772, 37.32172698534809], [126.93709124866402, 37.32228960468488], [126.93878096665642, 37.322445233340886], [126.94070307505714, 37.32122845423208], [126.9450513718034, 37.32034191109648], [126.94696090264453, 37.324766499067394], [126.9474012390843, 37.32696342173518], [126.94856348150984, 37.3397515082416], [126.9513387720142, 37.34175425387358], [126.95444437036028, 37.34110134783784], [126.95757988334272, 37.34434089753001], [126.95823897638957, 37.34723151395389], [126.95955426415111, 37.34822228521162], [126.9594326561588, 37.35061714335784], [126.96236504950208, 37.35533907353355], [126.96051616918426, 37.35639429176955], [126.96202055975083, 37.36148272843534], [126.96624249150477, 37.362476403160784], [126.9661028839637, 37.36335236242408], [126.96434043454829, 37.36514940121078], [126.96535389643537, 37.3673510923106], [126.9653662106099, 37.37197852115409], [126.97222734197067, 37.381255260231946], [126.97279657593296, 37.38676857623711], [126.9741636543356, 37.38846698154161], [126.97888750911977, 37.3923649366683], [126.98100990707415, 37.3931933893607], [126.9817108100739, 37.39414967018548], [126.9795063009424, 37.39589204939503], [126.98219007396912, 37.398838343004364], [126.98256974682245, 37.400674863707884], [126.98578430859381, 37.40664470151531], [126.98827406000514, 37.40793995787971], [126.99016609240377, 37.408033762097105], [126.99202169399412, 37.407666553408895], [126.9947740915345, 37.405207461818705], [126.9997736566246, 37.404627111574996], [127.00212247336209, 37.40706391128952], [127.00412698008756, 37.40777089854013], [127.00860149670959, 37.412227721767294], [127.01814044177091, 37.41317848511997], [127.02115483307105, 37.41239752557661], [127.02834219892056, 37.41210192375207], [127.0348587273116, 37.41406456474101], [127.03792636559967, 37.41390533352209], [127.04167534027411, 37.415633660359624], [127.0468957289285, 37.413494996792345], [127.04674694820645, 37.41075876049592], [127.04279101446623, 37.40824109185007], [127.04237206474109, 37.407225453218174], [127.04296533842663, 37.405120760613556], [127.04369971656885, 37.40420642770929], [127.04352698884253, 37.40362890339125], [127.0407497853139, 37.402272696065936], [127.03845798711578, 37.40196534444998], [127.03740989577302, 37.40106885231458], [127.03824183475142, 37.3985235046], [127.03871191386324, 37.391068714608565], [127.03703546450683, 37.389384464921804], [127.0353643893056, 37.388793154927704], [127.03145617101568, 37.381236595157496], [127.02969112188279, 37.37933557071427], [127.02888689203216, 37.37924673889712], [127.02741419579306, 37.37678461028227], [127.02710110045314, 37.37538171679986], [127.02797231599783, 37.37198362251753], [127.0272553494611, 37.369136910337346], [127.0255921833714, 37.36770719952024], [127.0233668141899, 37.36333107163286], [127.01824761552555, 37.360352681264146], [127.01613190585938, 37.35724329921847], [127.01687051023275, 37.35374554764737], [127.0188076940644, 37.35156311737541], [127.01850993547828, 37.350443073873905], [127.01461020553634, 37.34915055587573], [127.01330550123632, 37.34782579858821], [127.01269558713778, 37.34687909081712], [127.01261795861186, 37.345133471061615], [127.01093899279634, 37.34321561278761], [127.00910002456936, 37.338793477191864], [127.00652934063926, 37.3386205337903], [127.00611881535663, 37.3380699870098], [127.00046651030817, 37.33849368449755], [126.99141394401062, 37.33401242781888], [126.98710775533263, 37.329448508020306], [126.98277935878322, 37.326747023477566], [126.98093781840896, 37.32659362012859], [126.97354499516788, 37.330181136095725], [126.97119432204674, 37.33178863450821], [126.97069840912758, 37.33005614258977]]]}}, {"type": "Feature", "properties": {"sgg": "41450", "name": "하남시", "sidonm": "경기도"}, "geometry": {"type": "Polygon", "coordinates": [[[127.17603375046762, 37.48287920201944], [127.17584124283789, 37.47677005459245], [127.177828190005, 37.47489699226256], [127.1808704815818, 37.47379639741742], [127.18105370146309, 37.473289546856094], [127.18003706798096, 37.473760117875386], [127.17773121888236, 37.473406666505866], [127.17073526870294, 37.469945283180444], [127.16708332425124, 37.46927817917335], [127.16405105307831, 37.46930001923504], [127.16224749203174, 37.470418411306866], [127.16279715069004, 37.47125938009386], [127.15436269368145, 37.47173364742644], [127.15445251626403, 37.4736852785665], [127.1434452606241, 37.47410418499762], [127.14424494819606, 37.47732471748754], [127.14739957071382, 37.47721780909402], [127.14771968602788, 37.48175024300532], [127.14983972331646, 37.48527063558697], [127.15763863747891, 37.48914280054281], [127.15729725853221, 37.48962864923902], [127.15841848445004, 37.490695555392406], [127.15997722650022, 37.494222384615014], [127.16009543352675, 37.497160050159195], [127.1613782187471, 37.50025065997565], [127.15761697184965, 37.503088356557335], [127.15647122324073, 37.50190086665547], [127.15190324575013, 37.50314993193299], [127.15012265324374, 37.50450970356701], [127.1476861402132, 37.50326991283001], [127.14523689417602, 37.50350250614558], [127.14437217717085, 37.5043877056885], [127.14113544171697, 37.5054539593477], [127.1412831267495, 37.506942921065594], [127.13997196562046, 37.50859391438828], [127.14112530726499, 37.51232372030165], [127.1420614099831, 37.512790463765526], [127.1435243959871, 37.51268902694083], [127.14328742751904, 37.513978778417645], [127.14113212588735, 37.51564465122405], [127.14466293981724, 37.51554693704178], [127.14539865670228, 37.51609622618857], [127.14461305227165, 37.51696019781759], [127.14500923973918, 37.51693322084499], [127.1447315398553, 37.519416757654255], [127.14580008867549, 37.521989966841396], [127.14776346110432, 37.52216933126086], [127.14958219406137, 37.5258827242293], [127.15311249197217, 37.52909184171363], [127.15355242225388, 37.533996519079544], [127.16319304745531, 37.54501868568689], [127.17397469013639, 37.545525555061786], [127.17559059921466, 37.54521453185278], [127.17904635644585, 37.5466413585008], [127.18090901654152, 37.54588134835599], [127.18355190345548, 37.54582646715933], [127.1828256101531, 37.546563686343575], [127.18138944438635, 37.55285240857274], [127.18196925443641, 37.56094137282262], [127.17975931386641, 37.56505007744942], [127.17923290446176, 37.56881742965425], [127.17605910489591, 37.57427884350548], [127.1753594908595, 37.577286308390285], [127.17550975335656, 37.57837960964092], [127.17697308008422, 37.57945501374762], [127.17766725925382, 37.58083494134746], [127.17395294565993, 37.579582003364855], [127.16856621812114, 37.5789466401408], [127.16855713087293, 37.57982923347749], [127.17324185798472, 37.58258750838386], [127.17747112740527, 37.58623161488245], [127.18022163456492, 37.5878854172316], [127.18337787775668, 37.591701327386886], [127.196458873559, 37.59176518272942], [127.19928754122971, 37.591143732008774], [127.20162139474121, 37.58978974358069], [127.20243278652127, 37.58817950224885], [127.20618533626214, 37.58510494777836], [127.20843457041856, 37.58181178989717], [127.21067544327602, 37.57986705690931], [127.21293726138448, 37.57697367850979], [127.21966876555392, 37.57389783549082], [127.22011469947277, 37.56696273384476], [127.22185549059084, 37.56466872084184], [127.2290627591046, 37.5633572904539], [127.23363758988133, 37.558691922310985], [127.23430499449238, 37.55747096300773], [127.23442751250147, 37.552059723890885], [127.2361832118215, 37.550453194220744], [127.23842102288489, 37.54499636763308], [127.2404361214357, 37.54395073286565], [127.248547743644, 37.54140166894712], [127.26346662767205, 37.533274068346635], [127.27898980120284, 37.5263647912772], [127.28164795215199, 37.524679683641324], [127.28478419362258, 37.52149016968254], [127.28684693826301, 37.51667044040359], [127.28758295516984, 37.51349671607281], [127.28296266520653, 37.51351704773884], [127.27964840858894, 37.51263039247952], [127.27821044060772, 37.51127568179398], [127.27793972492702, 37.5095501638943], [127.27622097880236, 37.508227549424966], [127.2714232204241, 37.5076358566396], [127.26844194432617, 37.50622166930264], [127.26120171795303, 37.507242700529396], [127.2543946871939, 37.50595671669129], [127.25326850308358, 37.50325250388836], [127.25553463919462, 37.49615333582832], [127.25792588163476, 37.49462368556889], [127.25914511570146, 37.49211136755402], [127.2589616596115, 37.49020986391182], [127.25765061964499, 37.48878452404513], [127.2553960717006, 37.48791005929766], [127.25369912186541, 37.48646322077407], [127.25379702764393, 37.48460542412811], [127.2482579902374, 37.48192914437338], [127.2470354145852, 37.4805870004807], [127.24622324522292, 37.47781568270298], [127.24173640546135, 37.47686403136434], [127.2393616384808, 37.475141710982925], [127.23746092972115, 37.47493131513384], [127.22615205734617, 37.479732464840126], [127.21573197308597, 37.48230148033377], [127.20683876645876, 37.480311451186104], [127.20414913298374, 37.48063599926217], [127.2025856145696, 37.48170574909062], [127.20133201436404, 37.48043960853157], [127.19804284954179, 37.47958510685328], [127.19238228827462, 37.480723127156615], [127.18842052989572, 37.48027220334822], [127.18547243226114, 37.48101595573664], [127.18318620903972, 37.4835717949962], [127.17747685775495, 37.48555413366183], [127.17579207698006, 37.48527851442624], [127.17603375046762, 37.48287920201944]]]}}, {"type": "Feature", "properties": {"sgg": "41461", "name": "용인시처인구", "sidonm": "경기도"}, "geometry": {"type": "Polygon", "coordinates": [[[127.18623374004416, 37.084492615124], [127.18190336480046, 37.08714590967007], [127.1762605547396, 37.08767036903575], [127.17308216757883, 37.08587480083665], [127.16620329237995, 37.086595709077656], [127.16308249294535, 37.087835358551], [127.1617971417298, 37.08890439601097], [127.15370436689288, 37.091012910691454], [127.14628302637729, 37.09140566286078], [127.14471170132364, 37.090847717443324], [127.14211462300892, 37.08783478351593], [127.13733618906521, 37.0891431069343], [127.13597085671205, 37.090808988963], [127.13578952019506, 37.091686017197254], [127.1338478141835, 37.09240793871169], [127.13217437134215, 37.09145739088846], [127.12593759129325, 37.09062660123822], [127.12305828090808, 37.09134760785021], [127.11261040174631, 37.11385090901244], [127.10978754155951, 37.117407741263285], [127.10866960737441, 37.12480560063334], [127.10904711070687, 37.125997591043905], [127.11256800711402, 37.12624417319667], [127.11260764206904, 37.128065733285105], [127.11494733567731, 37.129738103845405], [127.11781064025678, 37.128843469643044], [127.12020855261427, 37.128987510149315], [127.12077016843456, 37.12980847334986], [127.12161354499666, 37.135375167165336], [127.12149999679839, 37.13895793602294], [127.12058004370714, 37.13942035112546], [127.12106608758, 37.141581924420315], [127.12332234156054, 37.14355532757607], [127.12269547734505, 37.14450996211115], [127.1270792773717, 37.145649477492405], [127.12948936699448, 37.148750018236605], [127.13059262482636, 37.151850949051955], [127.12882948826955, 37.15848210150787], [127.12788179999275, 37.15982336351027], [127.12794355420098, 37.160723843098374], [127.12914510966604, 37.16202677192796], [127.13120633746792, 37.162870390799036], [127.13387207959073, 37.164928245164496], [127.13378607816463, 37.16612009776966], [127.13255950654954, 37.16806335188171], [127.1330128302789, 37.169092366596615], [127.1438323413319, 37.17018003209921], [127.14559625634993, 37.16964559997646], [127.1484078926318, 37.1696753840016], [127.1511488477143, 37.171604619935955], [127.15563396484512, 37.176763674642004], [127.15762283267158, 37.17678859303235], [127.15923126974118, 37.17794811543492], [127.16065007293409, 37.1803060445935], [127.15907821780459, 37.18413478481523], [127.16025709589968, 37.18598606245333], [127.16131889933395, 37.19041389877723], [127.16095850981604, 37.19163878503641], [127.15571974196577, 37.19665986109267], [127.15545589464939, 37.19773522795958], [127.15284612233475, 37.197231603814], [127.15195695744559, 37.19910601898741], [127.15338581255322, 37.20190741133056], [127.15431100443907, 37.202120491585084], [127.15536722913419, 37.20346273629585], [127.1558867972433, 37.205953334404775], [127.15776878111936, 37.20716767796265], [127.15171809087629, 37.21413927716269], [127.15160402018091, 37.21854357488899], [127.14983127526253, 37.221693126372], [127.15161158158922, 37.22300060856146], [127.1530261786613, 37.22336900064011], [127.1562138827903, 37.227886473729356], [127.15557733325913, 37.229993878225905], [127.15025184046479, 37.23634104866014], [127.14922559568247, 37.24067045092381], [127.15037076301233, 37.24279654813164], [127.1527799193407, 37.24312139783395], [127.15812386121773, 37.24780966456318], [127.15949060776519, 37.25408388922074], [127.16299931666327, 37.254651668849405], [127.16605221567517, 37.25423102864108], [127.16994147762675, 37.254979955368334], [127.17511645055194, 37.258338488684764], [127.1741493947018, 37.260146490448484], [127.17215614997097, 37.269891867318755], [127.17690448955871, 37.28195434479774], [127.17709953013188, 37.28498356726154], [127.17442238418305, 37.28956320921368], [127.1717687685162, 37.290760369119134], [127.17045772911669, 37.29193980659681], [127.17058841444756, 37.292851663096826], [127.17167837032557, 37.29374885844841], [127.17191477506546, 37.29464578371097], [127.1701465709023, 37.299702203555576], [127.16723530480509, 37.3016928272869], [127.16554585927807, 37.30226388651121], [127.16544085335957, 37.30304191979367], [127.16311777821187, 37.30415330455683], [127.15624872202355, 37.3046130577409], [127.15076470748039, 37.30601862317296], [127.14875472974218, 37.3061002458442], [127.14571988031359, 37.31122800240597], [127.14335742031702, 37.312944816876296], [127.14279565044396, 37.31494984202207], [127.14322494351829, 37.31634941949133], [127.14282535934522, 37.31733062099146], [127.13723693863422, 37.32063872888066], [127.13706271574861, 37.32342348675869], [127.13725415313553, 37.3243896982132], [127.13864765860774, 37.32493140240444], [127.14024114747679, 37.32421514794618], [127.1409417800519, 37.325075847958416], [127.14246435710068, 37.325774528618034], [127.14133578775598, 37.328857241421964], [127.14185843051624, 37.336314426384206], [127.14820193755428, 37.33770018770808], [127.15266953983763, 37.34000516397111], [127.15755444436003, 37.34106501291797], [127.1620637026494, 37.34331792498792], [127.17376335392056, 37.344667916772316], [127.17673482650605, 37.34441557927061], [127.17876396170762, 37.34322360697194], [127.1916208150132, 37.3472419487724], [127.19608498100679, 37.34404343745781], [127.19802794744616, 37.341447979702046], [127.19826239307453, 37.339494750587306], [127.19692191195921, 37.33472073704905], [127.20066526990814, 37.32873264107065], [127.20147354280654, 37.32860848767613], [127.20830864449351, 37.33087900925967], [127.21264937888812, 37.33742019501802], [127.21410568363373, 37.33806805088349], [127.21681128438924, 37.34067184700131], [127.21810243695178, 37.34276953079601], [127.21831480046816, 37.34504947466637], [127.21909001950014, 37.34625348929143], [127.2206000598443, 37.347008587892894], [127.22192881055486, 37.34664441234923], [127.22287107302004, 37.345624675475975], [127.22361126978163, 37.346014004608705], [127.22158099792352, 37.34930043810087], [127.21791532051118, 37.35219587012376], [127.21669951009993, 37.35464758696576], [127.21701502261115, 37.355209654113864], [127.21863148291284, 37.35563245710188], [127.21966657474674, 37.35440339247834], [127.22262083425262, 37.35437542797486], [127.2250056884878, 37.3552823830758], [127.22898639366976, 37.359102178645955], [127.23369288947218, 37.35798953077233], [127.2354127200044, 37.358408011419804], [127.23805875667549, 37.36042396165252], [127.23901387185226, 37.35932980770442], [127.23889575388742, 37.355526809629374], [127.23981650254045, 37.354163238037366], [127.24186741733621, 37.353312540684065], [127.24356049531252, 37.35453422172218], [127.24691409029766, 37.355646201546996], [127.25441695861753, 37.350757912469554], [127.25835298223059, 37.34975533748507], [127.2613796997845, 37.34839813260183], [127.26358245150894, 37.34423250755313], [127.26503211032835, 37.342676439596644], [127.26892275846946, 37.3423535230243], [127.27441631764286, 37.342934254015944], [127.28080333463544, 37.346164217851], [127.28334323898032, 37.34531376107707], [127.28367385647293, 37.33855727112602], [127.28323923321695, 37.33658919244681], [127.28099155990785, 37.33459192470906], [127.28110939430003, 37.333831563191715], [127.28015182293696, 37.33219485211826], [127.27978884632017, 37.3301344993593], [127.28036626476043, 37.328084908036075], [127.28232167390112, 37.327413604865896], [127.2820521945047, 37.322278556329415], [127.28311104570231, 37.3190737039317], [127.28175377730689, 37.31643360247319], [127.27948674480379, 37.313768036404134], [127.27726426420323, 37.30920620244352], [127.27896277939128, 37.306739593923695], [127.27860339037379, 37.3054397161021], [127.28168870529016, 37.29795489844158], [127.28151739807274, 37.29695853990306], [127.27779638374172, 37.29039846086429], [127.27854568429277, 37.28663540425772], [127.27994575219124, 37.28550563463439], [127.28175679347704, 37.278043156467234], [127.28051538118105, 37.2770358015257], [127.27625840153564, 37.275176546101925], [127.27572674904125, 37.27474966682066], [127.27596490255716, 37.27360196036829], [127.2800582286777, 37.269628829232346], [127.28118272009294, 37.269100213641394], [127.28457445226393, 37.26898249144668], [127.28741784666886, 37.27083775509636], [127.29148383162354, 37.27164835916163], [127.29667565909887, 37.270492203964686], [127.2990070471565, 37.26925545255499], [127.30038835757718, 37.26618101428167], [127.30103399753999, 37.265680621976394], [127.30215841626527, 37.2661748965822], [127.30284889442498, 37.26738054532162], [127.30276917563313, 37.269581004558106], [127.30413532781289, 37.27092969165308], [127.3055601873598, 37.2708666889142], [127.31072641619578, 37.27328431734384], [127.31655225951067, 37.27381603631525], [127.31921003807078, 37.274979550659594], [127.32297531071607, 37.274091728280986], [127.33089373447451, 37.27023854995333], [127.33664605671228, 37.2712066195569], [127.33879971089392, 37.27053918912106], [127.34093781899976, 37.2658232118145], [127.34087824308298, 37.26499947155659], [127.34018037216458, 37.26315669370129], [127.33666363613466, 37.26116971395656], [127.33618379148255, 37.25777847534661], [127.33693934702688, 37.255320473194395], [127.33856901170094, 37.252392339639734], [127.336070947868, 37.2516341308042], [127.33344231263999, 37.24931605869792], [127.33115236221917, 37.24312134367716], [127.33445063573068, 37.23780770929725], [127.3341968871987, 37.23140962471498], [127.3333854044708, 37.227157224203566], [127.3308723539218, 37.22304211587494], [127.33186540392924, 37.22000015042191], [127.33853056109655, 37.21629224075199], [127.33958160682438, 37.21207375693377], [127.34217549771817, 37.20808080392795], [127.34519203501337, 37.207509009518276], [127.34723534278211, 37.20612010959577], [127.34840245330716, 37.204355912754615], [127.35591666627832, 37.202617736287614], [127.35614193454903, 37.20119152645992], [127.35684306234347, 37.20063124707444], [127.36136488052945, 37.20048114050421], [127.36204759892742, 37.20111404340093], [127.37038447071039, 37.20391896061082], [127.37820671284301, 37.19555314276862], [127.37597102604593, 37.190997521496435], [127.37392655894298, 37.189908074294344], [127.37203829372504, 37.189759579276284], [127.37224454943393, 37.18602995644528], [127.37528779608603, 37.18510218130021], [127.38121157258513, 37.18755840550348], [127.38193110790534, 37.18673433096306], [127.3823816181454, 37.182742639520356], [127.38827639871117, 37.181413124721175], [127.39445721274423, 37.18081709694338], [127.39902316413773, 37.180956288279], [127.40186172270087, 37.18018120187648], [127.40357038146968, 37.1803290856005], [127.40503327464099, 37.18163844570998], [127.40948247816414, 37.18408250873058], [127.41036888162036, 37.184166562536014], [127.41121616708844, 37.18338747675777], [127.41414821113185, 37.17339293940613], [127.41302350947696, 37.170019694628145], [127.41063284827854, 37.16750634373392], [127.40969472258674, 37.1643822880184], [127.41042926725171, 37.160486332177335], [127.41216074510244, 37.15694062296328], [127.41231635590003, 37.1550669045995], [127.41484307795632, 37.15207941522941], [127.41791611723063, 37.151360444038595], [127.42350126381949, 37.151827288420144], [127.42982266646477, 37.14773652311438], [127.42954393668168, 37.14700842477805], [127.42728809336226, 37.14592074616091], [127.42586277605902, 37.14304106786915], [127.42561870992071, 37.14074454458194], [127.42643992347507, 37.1386109416645], [127.4261499997539, 37.1364259402558], [127.42560911303907, 37.13397481545329], [127.42418423482978, 37.13113447670583], [127.42140841045443, 37.12767571162363], [127.4209098087064, 37.126066339240154], [127.41746815422934, 37.12380254566539], [127.41501445324018, 37.12282840108227], [127.41373468351036, 37.1215733705354], [127.41256645333749, 37.11942815246123], [127.4126575580028, 37.11787561487084], [127.41397712838588, 37.116206802741004], [127.41520745233706, 37.115696017617836], [127.42027397138071, 37.115732204891515], [127.42565700318973, 37.113110305604], [127.42306812278723, 37.111190942186184], [127.42420066876763, 37.11041975538851], [127.4245913575867, 37.10943519657941], [127.42107293560407, 37.106510031087055], [127.42417688015863, 37.09969952247884], [127.42375502993426, 37.09884064126847], [127.42171833047718, 37.097283224503556], [127.41983962882239, 37.09737323991695], [127.4162818501466, 37.09573794842792], [127.41612009408827, 37.09309235381268], [127.40197313014995, 37.0938780500389], [127.39898630505341, 37.095384325135946], [127.39795314342649, 37.09643358794812], [127.39371899796866, 37.10458215227733], [127.39408251787633, 37.10544108633954], [127.39323024841138, 37.10650175068188], [127.38894653171852, 37.10832252885614], [127.38746748293535, 37.10817870906852], [127.38413871277909, 37.105942228849656], [127.38171134842932, 37.10591503306587], [127.37920020027286, 37.10520441839021], [127.37888339233409, 37.10293859841241], [127.37694572885103, 37.10109543907981], [127.37435552500554, 37.102620640515816], [127.37404707884146, 37.10496176970263], [127.37299616328512, 37.10582263766954], [127.36926223378468, 37.10676958322641], [127.35904092327267, 37.10756585337581], [127.35822327136397, 37.10724704930504], [127.35507019228172, 37.10372880133482], [127.35442203231372, 37.10059611416858], [127.35280474009231, 37.10000649910642], [127.34767501057658, 37.10357417802095], [127.34495274092676, 37.1033182503918], [127.34343057380948, 37.10401823601377], [127.33968577813623, 37.10932150320829], [127.33335653179381, 37.11173535768994], [127.33077685676844, 37.11682024524325], [127.33005775266729, 37.116558930482526], [127.32958908440469, 37.118811817679266], [127.32672014092037, 37.11944201824201], [127.31636114993667, 37.10984092359697], [127.31328232593688, 37.109469977152585], [127.31214149459349, 37.10711191923172], [127.310634215038, 37.10538338207272], [127.30570384126248, 37.107114029945926], [127.30410127008835, 37.10909114702309], [127.30333650661333, 37.111757677188265], [127.2998888672431, 37.11237431244447], [127.29908495989454, 37.116839509743095], [127.29713674267472, 37.12033484082995], [127.29492599833803, 37.12119978387143], [127.2932376806751, 37.12293096355567], [127.29230726352563, 37.126645450855676], [127.288611936415, 37.129682344591515], [127.28788361793897, 37.13146811156594], [127.28626647833678, 37.13202408899247], [127.28424984195712, 37.130775347856414], [127.28206421253564, 37.134004070185064], [127.27435794450851, 37.13364376342522], [127.27307390719984, 37.1350114355784], [127.27192504643071, 37.141030747842755], [127.27312442168031, 37.143313613513676], [127.27224651054416, 37.14481170646089], [127.26915348478025, 37.14713695402953], [127.26803125791021, 37.14932635900328], [127.26953803285058, 37.15144312375386], [127.26876796759568, 37.154240525805115], [127.2669436996165, 37.15532991845062], [127.26386464363387, 37.15589058799043], [127.26167496999724, 37.15408450185032], [127.26047351714485, 37.15206628493031], [127.2554785896981, 37.15134396527373], [127.25349934082828, 37.14686298202298], [127.25025725653718, 37.14523724864942], [127.25128470448962, 37.14267261021092], [127.252808899214, 37.14119747135221], [127.2537134153582, 37.138093964264996], [127.2511609931812, 37.13360294166614], [127.25290789796385, 37.1308753285378], [127.25337840920578, 37.129000190023625], [127.25102539693474, 37.122996280298665], [127.24581234078657, 37.122054531355964], [127.24301777428596, 37.122504788521894], [127.23644507284217, 37.12124534707146], [127.23385541860763, 37.11767807473007], [127.22939189530113, 37.1171279740168], [127.22710276778747, 37.11533227589681], [127.22616790144396, 37.11394192048831], [127.22321792765645, 37.11290383579818], [127.22016203385112, 37.113427616992645], [127.21469624091378, 37.11092553877033], [127.21204697502364, 37.1105664527022], [127.20960725100996, 37.11244672801537], [127.20860536568344, 37.11009606352293], [127.20884227148721, 37.10884038710644], [127.20982532336348, 37.10765394581345], [127.20942742021583, 37.105578674103285], [127.20741128233013, 37.10341582939314], [127.20501967976422, 37.10241833310443], [127.20232142732624, 37.100398038381904], [127.1989079572614, 37.09685921647406], [127.19760456950215, 37.09299780069505], [127.19527272046582, 37.089069499061274], [127.19222601593303, 37.08703456327218], [127.18889931627446, 37.08661121836342], [127.18623374004416, 37.084492615124]]]}}, {"type": "Feature", "properties": {"sgg": "41463", "name": "용인시기흥구", "sidonm": "경기도"}, "geometry": {"type": "Polygon", "coordinates": [[[127.14983127526253, 37.221693126372], [127.15160402018091, 37.21854357488899], [127.14846968844893, 37.21907389330226], [127.14429921732761, 37.21864116233241], [127.1400208284669, 37.21750373403473], [127.13617576844422, 37.21564072428447], [127.12965728435836, 37.217456009393885], [127.12671525292849, 37.21751212591331], [127.11738471629546, 37.219964561509755], [127.11517517236503, 37.21914618201571], [127.10464549323467, 37.21985516109881], [127.09558244025135, 37.218293294333165], [127.08896314367269, 37.21635856570277], [127.08191780568684, 37.22015457062858], [127.07558339692721, 37.22589990688454], [127.0748248840411, 37.226742233344446], [127.07455991747064, 37.228133924748334], [127.07260253359519, 37.22916238452791], [127.07071023090404, 37.2289126029386], [127.06876647951148, 37.230111850370626], [127.06799639340564, 37.234681443555054], [127.06801524183162, 37.23669041589833], [127.06849221600083, 37.2373164211716], [127.06805168409994, 37.238756500421175], [127.06667990835032, 37.24014808570359], [127.06709464242009, 37.24037275211155], [127.06688291124728, 37.24122227219689], [127.06597970585186, 37.24105289882057], [127.06621168726228, 37.243882199339524], [127.0682806132478, 37.24488965767232], [127.06961848176353, 37.246191415116435], [127.07548683090508, 37.247424990732014], [127.08003514715102, 37.24754042543945], [127.08126936651945, 37.2484968265944], [127.0824864125986, 37.25009058267616], [127.08192886447955, 37.25085885308019], [127.08258404940048, 37.25160793785304], [127.08181515221604, 37.25268120112246], [127.08243871904678, 37.25445083748968], [127.08336115172489, 37.254743006546995], [127.08469846603053, 37.256609091726304], [127.08377901077125, 37.25847288226469], [127.08104842260938, 37.2584970540441], [127.08122497149147, 37.260592298820555], [127.08284175262358, 37.262149536375986], [127.0841511220123, 37.262452730248114], [127.08620366981569, 37.264773130473046], [127.08552868391035, 37.270508152007324], [127.07905050134846, 37.26730900229016], [127.07750912918324, 37.266983789333366], [127.07760851655785, 37.265695905998705], [127.07599161853601, 37.26572740626982], [127.07768238846303, 37.26287151698375], [127.0769008525062, 37.261392114039026], [127.07590037849853, 37.26150967228793], [127.07492375888683, 37.263084739337266], [127.0748875786492, 37.26450543590208], [127.07359844429799, 37.26611429756931], [127.06994641419139, 37.26672868451782], [127.06847685547157, 37.26867823820608], [127.0650397961788, 37.27024873501022], [127.06465737194159, 37.271105907789334], [127.06692552892557, 37.27393559166973], [127.06793482071738, 37.27446884428573], [127.0695382561455, 37.27874279235638], [127.07541111503502, 37.282238873946945], [127.08168263906177, 37.28463299515125], [127.08413476308137, 37.28631822665879], [127.0865185335492, 37.286080948032634], [127.08883418116694, 37.28696676749261], [127.08789383640881, 37.29027828429297], [127.08831098648984, 37.29317439401815], [127.09057974788645, 37.29714363993999], [127.08988322859707, 37.29841355682057], [127.0930288182659, 37.301413939150855], [127.09328861396413, 37.3071890793218], [127.09147387891387, 37.30928419381296], [127.09229343127315, 37.30993829121793], [127.09287586968513, 37.31153461111432], [127.09439574895787, 37.31237933273496], [127.09392587384336, 37.31313732013338], [127.09982532661813, 37.313141381476036], [127.1003517281152, 37.31896162585717], [127.09728163046265, 37.32019851321902], [127.0987378519966, 37.32186311411878], [127.10219724993378, 37.32239875356679], [127.10456507845076, 37.32364041545992], [127.1108005091742, 37.32423028079846], [127.11171023307853, 37.32397172735182], [127.11304226226231, 37.32229192821417], [127.1130987509391, 37.320901413886], [127.1245272080601, 37.32128412410313], [127.12708159515269, 37.318421291183476], [127.1258468293068, 37.31522540906975], [127.12709090433746, 37.31539378108856], [127.13039791863991, 37.317924667107164], [127.13462937729015, 37.319843119102664], [127.13394875514368, 37.32157055421635], [127.13258836021396, 37.32236857413742], [127.13560794565296, 37.32448265434092], [127.13678381682723, 37.32464964637656], [127.13725415313553, 37.3243896982132], [127.13723693863422, 37.32063872888066], [127.14282535934522, 37.31733062099146], [127.14322494351829, 37.31634941949133], [127.14279565044396, 37.31494984202207], [127.14335742031702, 37.312944816876296], [127.14571988031359, 37.31122800240597], [127.14875472974218, 37.3061002458442], [127.15076470748039, 37.30601862317296], [127.15624872202355, 37.3046130577409], [127.16311777821187, 37.30415330455683], [127.16544085335957, 37.30304191979367], [127.16554585927807, 37.30226388651121], [127.16723530480509, 37.3016928272869], [127.1701465709023, 37.299702203555576], [127.17191477506546, 37.29464578371097], [127.17167837032557, 37.29374885844841], [127.17058841444756, 37.292851663096826], [127.17045772911669, 37.29193980659681], [127.1717687685162, 37.290760369119134], [127.17442238418305, 37.28956320921368], [127.17709953013188, 37.28498356726154], [127.17690448955871, 37.28195434479774], [127.17215614997097, 37.269891867318755], [127.1741493947018, 37.260146490448484], [127.17511645055194, 37.258338488684764], [127.16994147762675, 37.254979955368334], [127.16605221567517, 37.25423102864108], [127.16299931666327, 37.254651668849405], [127.15949060776519, 37.25408388922074], [127.15812386121773, 37.24780966456318], [127.1527799193407, 37.24312139783395], [127.15058925318611, 37.24296187816447], [127.14963573102976, 37.24188059703013], [127.14922559568247, 37.24067045092381], [127.15025184046479, 37.23634104866014], [127.15557733325913, 37.229993878225905], [127.1562138827903, 37.227886473729356], [127.1530261786613, 37.22336900064011], [127.15161158158922, 37.22300060856146], [127.14983127526253, 37.221693126372]]]}}, {"type": "Feature", "properties": {"sgg": "41465", "name": "용인시수지구", "sidonm": "경기도"}, "geometry": {"type": "Polygon", "coordinates": [[[127.09439574895787, 37.31237933273496], [127.09287586968513, 37.31153461111432], [127.09229343127315, 37.30993829121793], [127.09147387891387, 37.30928419381296], [127.09328861396413, 37.3071890793218], [127.0930288182659, 37.301413939150855], [127.08927393908193, 37.297635121585635], [127.08559364835422, 37.2981315778418], [127.08251127342844, 37.29697823173738], [127.07979844684168, 37.295353674443895], [127.07934432974142, 37.29327478564497], [127.0605887323512, 37.2965833858392], [127.0600896638569, 37.299455839705544], [127.06088516125602, 37.301392275555955], [127.0609553808064, 37.30374854352557], [127.06054880908984, 37.30429350192902], [127.05817834925789, 37.304899118080115], [127.06061731958967, 37.31094262670583], [127.05811267518868, 37.3133670497766], [127.05773830012212, 37.3155064473423], [127.05394637562658, 37.31609276414704], [127.04945283521491, 37.31580307008633], [127.04056368407967, 37.320129350798304], [127.0372573324354, 37.3263653233896], [127.03718398499917, 37.32728219603714], [127.03826505789314, 37.32850216296585], [127.0368554114896, 37.32943859988637], [127.03594701932074, 37.331000069833046], [127.03601960050918, 37.33238961334525], [127.03485929928235, 37.334291485082105], [127.03153495011198, 37.33700386494246], [127.03206804934035, 37.34238478027626], [127.03344092364888, 37.34470695410112], [127.02877859223024, 37.347576341667015], [127.0263107404538, 37.348615467690045], [127.02508349180493, 37.34854234860914], [127.0188076940644, 37.35156311737541], [127.01687051023275, 37.35374554764737], [127.01609156596106, 37.35693103138642], [127.01636580556902, 37.357746775077295], [127.01824761552555, 37.360352681264146], [127.02370168651763, 37.36372677400648], [127.0255921833714, 37.36770719952024], [127.0272553494611, 37.369136910337346], [127.02794237427015, 37.37214238803066], [127.03060321261833, 37.37197155887198], [127.04608774298211, 37.36841183707405], [127.04713938889107, 37.36666324421706], [127.05288114275268, 37.36360406393324], [127.05294665767083, 37.36112664216762], [127.054140247417, 37.360154275978346], [127.05547233611532, 37.35998464708711], [127.05798512368064, 37.36078502544858], [127.06116431723245, 37.360722500010986], [127.0702347914762, 37.35803363193603], [127.07347500938377, 37.355396423902874], [127.0752089120173, 37.35143298379344], [127.07761553161657, 37.34907687798075], [127.08004192939165, 37.34992937177604], [127.08355588978169, 37.352030749671115], [127.08619652048715, 37.351532988341205], [127.08700748820002, 37.350930768933125], [127.08730722743633, 37.3496101616985], [127.08817247980734, 37.34881770612168], [127.09245796143517, 37.34712780529746], [127.09699149272102, 37.343218934150975], [127.10115598031132, 37.34310789911906], [127.10224979511966, 37.34241196367596], [127.10270015460546, 37.33996058258117], [127.1039652961785, 37.33861274616817], [127.10895863437398, 37.33601172199929], [127.11031409948193, 37.334639560195306], [127.11339768027035, 37.335664862717806], [127.11466750970958, 37.335281409099636], [127.11707307597652, 37.33340081434626], [127.12071627538178, 37.33440745512825], [127.12329187362045, 37.337006052485215], [127.1304711079624, 37.3376203367418], [127.13634402208058, 37.33964062278096], [127.13954485484308, 37.33883917035849], [127.14185843051624, 37.336314426384206], [127.14133578775598, 37.328857241421964], [127.14243213206865, 37.32572710833815], [127.1409417800519, 37.325075847958416], [127.14024114747679, 37.32421514794618], [127.13864765860774, 37.32493140240444], [127.13755507228628, 37.3243117371181], [127.13653667670471, 37.324698463860166], [127.13395249705896, 37.323427447619835], [127.13258836021396, 37.32236857413742], [127.13394875514368, 37.32157055421635], [127.13462937729015, 37.319843119102664], [127.13039791863991, 37.317924667107164], [127.12709090433746, 37.31539378108856], [127.1258468293068, 37.31522540906975], [127.12708159515269, 37.318421291183476], [127.12455835810758, 37.32127409674028], [127.1130987509391, 37.320901413886], [127.11304226226231, 37.32229192821417], [127.11171023307853, 37.32397172735182], [127.1108005091742, 37.32423028079846], [127.10456507845076, 37.32364041545992], [127.10219724993378, 37.32239875356679], [127.09847009748114, 37.321681955275984], [127.09728163046265, 37.32019851321902], [127.1003517281152, 37.31896162585717], [127.09982532661813, 37.313141381476036], [127.09392587384336, 37.31313732013338], [127.09439574895787, 37.31237933273496]]]}}, {"type": "Feature", "properties": {"sgg": "41480", "name": "파주시", "sidonm": "경기도"}, "geometry": {"type": "Polygon", "coordinates": [[[126.7600832041942, 37.703327022613465], [126.75553264733564, 37.70488778603628], [126.75403704442381, 37.704731743180204], [126.75210179142344, 37.70384858788305], [126.74802082672635, 37.70313763031862], [126.7401667922455, 37.7050532737557], [126.73613048103769, 37.704630105136644], [126.72989091958758, 37.70494112438159], [126.73064558879918, 37.70404026955666], [126.72744548956973, 37.70409288692074], [126.72352187607189, 37.703028533804684], [126.71707220360916, 37.7002392221619], [126.71190837546409, 37.69973704702825], [126.7045770456152, 37.69620535958238], [126.70183531881334, 37.696297266158616], [126.69928666651494, 37.6970291860328], [126.69661925354069, 37.69489520651498], [126.6914034525092, 37.68911255616649], [126.68738695123216, 37.69158383419772], [126.68347898645052, 37.695126040900824], [126.67654831891679, 37.70008467370003], [126.67972324344882, 37.70515073402786], [126.68362249619508, 37.713392119079074], [126.68543902880637, 37.72370441001296], [126.68479503998236, 37.725649039367084], [126.67739221662292, 37.735011859518636], [126.67400254079905, 37.75000607664066], [126.67617415563828, 37.75499986306866], [126.6736473352811, 37.76427347590684], [126.67289369276628, 37.76937519170541], [126.66638340008295, 37.7859459094941], [126.66328121564607, 37.787429088062815], [126.66215954716547, 37.790153041762885], [126.66506370758424, 37.798641484280964], [126.66604788775722, 37.812066498521446], [126.67164167524261, 37.82660891842371], [126.67396347842937, 37.83104831110479], [126.67175719138531, 37.83286700419698], [126.67137762331389, 37.83471749861941], [126.66890804642817, 37.83466298600411], [126.66019641556521, 37.838827113339164], [126.6593486087684, 37.84024172336886], [126.66096200899435, 37.84360152251073], [126.66500708883896, 37.843188642244435], [126.67101318145522, 37.84577384160919], [126.67620967332171, 37.84397847227135], [126.67959991189171, 37.84596912604804], [126.68011655763328, 37.84717937209733], [126.67990392745865, 37.851688848351074], [126.68593486196926, 37.85865034795879], [126.6888031961625, 37.8637624261018], [126.69217981196105, 37.8684284346493], [126.68647720481609, 37.872449373279395], [126.68344646989061, 37.873998946790415], [126.6815271730724, 37.872830845599935], [126.68013992808655, 37.87034040121928], [126.6726135836675, 37.870063562635615], [126.67522746560057, 37.87442722127883], [126.67193299370054, 37.877216106130064], [126.67207002380697, 37.87798992215553], [126.67551804893598, 37.87717479879615], [126.67993344661929, 37.87845392001824], [126.68206490493233, 37.87972161687798], [126.67941105560492, 37.88076320383936], [126.67874528354659, 37.881517893936945], [126.67877428561357, 37.882297707911746], [126.68020964183222, 37.88405400622617], [126.67973799457228, 37.88460608341088], [126.67649347653789, 37.88460821594077], [126.67635589425444, 37.88228306526104], [126.67564596690586, 37.88163818366387], [126.67413207661667, 37.881455201908956], [126.6725457889845, 37.88215269776847], [126.672329927172, 37.88302429980302], [126.67446525872325, 37.88465034004175], [126.6744755245517, 37.88589531110864], [126.67174776629406, 37.8867751809477], [126.67016155406543, 37.887963884173004], [126.6722010859348, 37.88869247136066], [126.67737446978916, 37.89773030642521], [126.67702299119001, 37.90446267136988], [126.67585501199233, 37.90617595524312], [126.68045020094584, 37.911110449366106], [126.68280161190411, 37.91279923954037], [126.68457139335679, 37.91259745647213], [126.68233080531024, 37.91525083222759], [126.68144402717195, 37.915582647724406], [126.6784831768657, 37.91432507694587], [126.67436041616968, 37.9139615667622], [126.67009914550904, 37.91428308448058], [126.6678865734911, 37.915849206665015], [126.66591943241107, 37.9183419637394], [126.66577016133718, 37.922050793946774], [126.66678134361014, 37.924445218723235], [126.66863576102239, 37.92585080916814], [126.66920718295502, 37.927966088192484], [126.66755805604653, 37.93269289849787], [126.66929227035584, 37.93708873875478], [126.67184754149194, 37.93970693338576], [126.66993679723187, 37.94048328871551], [126.66905675293133, 37.94140395335888], [126.66939808779499, 37.94468487902447], [126.6721272264261, 37.94761759401243], [126.6723661207291, 37.94845182741031], [126.67068903252843, 37.951970760321814], [126.67038387779681, 37.95569988264043], [126.6729412358271, 37.955464405878566], [126.67546590901478, 37.95439609250282], [126.67636720349853, 37.95350901786606], [126.67918349158519, 37.95577985906959], [126.67966687068747, 37.95751349877681], [126.68129819846975, 37.95810523639417], [126.68730753204127, 37.957197144330586], [126.68820387750303, 37.96031194995414], [126.69001392383024, 37.96103552214559], [126.6911762089983, 37.96336467336635], [126.69156080231178, 37.96624272341786], [126.69457878462067, 37.96702317873316], [126.6983182425261, 37.96925449972264], [126.7006604419469, 37.9691245271294], [126.70097622624856, 37.97137173172773], [126.70248547786578, 37.97431878696709], [126.70769660567986, 37.97564331793954], [126.70884674688917, 37.97515546169833], [126.70966157721125, 37.97351246320621], [126.70947982482845, 37.9705865440776], [126.71203861546878, 37.96839799380804], [126.71527540400751, 37.96931697368399], [126.71665362463071, 37.96886253241929], [126.71767075479713, 37.96765100635562], [126.71772742146611, 37.96568655911516], [126.71939457262842, 37.96495209153481], [126.72197404628885, 37.96650108059752], [126.72418112329751, 37.96642747366583], [126.72556906169466, 37.96688064246884], [126.72777827046218, 37.968678073794685], [126.73041381397836, 37.96879454019917], [126.73505800061442, 37.96744419706126], [126.73657656452403, 37.965817613226186], [126.73756517124546, 37.96639998507823], [126.73996353839392, 37.97270033634066], [126.74455273361953, 37.974218296064834], [126.74698444500767, 37.976500594265396], [126.74806090488869, 37.97903330218218], [126.7521604748128, 37.98165172862921], [126.75864286057592, 37.98365867020293], [126.76054447785195, 37.9833830939531], [126.76080705929415, 37.98408101030741], [126.76312039830825, 37.98505449098584], [126.76511255306268, 37.98453972334153], [126.77019233685715, 37.980558413500084], [126.77142196671826, 37.97898767833304], [126.77280171410196, 37.978352931312685], [126.77420641127243, 37.978795346265194], [126.77533051571929, 37.98041326656404], [126.77264610636136, 37.981499700172485], [126.77181926577906, 37.982353021484535], [126.77347760693735, 37.98400021704364], [126.77586018006652, 37.98445428153926], [126.77917521835698, 37.982934591020054], [126.78224032590002, 37.980463562052336], [126.78385444829232, 37.981032471186566], [126.78362331938584, 37.982270038212214], [126.79369340834563, 37.992314816342635], [126.79640135844062, 37.99369422547962], [126.79723887859251, 37.99282503736286], [126.80090816955057, 37.99199741364024], [126.79850474830519, 37.987711059067934], [126.80202827471825, 37.979550687803076], [126.80451096686137, 37.970749998294856], [126.81044583882863, 37.96766857328148], [126.81133777941368, 37.968865694594676], [126.81251554598302, 37.96929507168763], [126.81470922053, 37.96822410813466], [126.81847094793652, 37.964094432639754], [126.81747868053071, 37.96217669098713], [126.81753996826029, 37.96128829867117], [126.81885896219357, 37.95852450094216], [126.82073135840041, 37.95745942287981], [126.82830256544563, 37.95980231054265], [126.8311378511882, 37.963241096801845], [126.83268435470121, 37.96398212951201], [126.83593890937223, 37.9640341541065], [126.83678090735596, 37.96472863346197], [126.83781383377145, 37.9733055665172], [126.83881123281542, 37.97761816439771], [126.84023117472226, 37.980945253522876], [126.84397529388228, 37.98500601722908], [126.84738370323024, 37.986771204486], [126.85027309782514, 37.98744175443119], [126.85493957197824, 37.987239867615585], [126.86596965250938, 37.97735535535704], [126.87184088613996, 37.97114999392311], [126.8787369533301, 37.96766823860909], [126.88350686507125, 37.96642477822778], [126.88775853286057, 37.9661382845875], [126.89345867710767, 37.96803009712786], [126.89496443409844, 37.96984856833515], [126.89543108631801, 37.97219516189733], [126.89267118997635, 37.978283746612085], [126.89198183090863, 37.98084320227178], [126.89116178669609, 37.988188898200576], [126.89174071537883, 37.99237720831572], [126.89415285944438, 37.997146133409544], [126.89395709446761, 37.99896685541639], [126.89469489081323, 37.99944720580592], [126.89546025319424, 37.99937118666976], [126.89824314171844, 37.9971356111689], [126.90483741952117, 37.994418014831716], [126.92162859085599, 37.98593173948954], [126.9317026854187, 37.98228446514432], [126.93567744420244, 37.98172790842207], [126.94090539323933, 37.98239391077789], [126.95246164959137, 37.988001459232464], [126.95659200348761, 37.991715709990494], [126.96166273770095, 37.9976525588488], [126.96956520493069, 38.00333386218724], [126.97866372978132, 38.00365845217579], [126.98207571737412, 38.00468746882668], [126.98581332009869, 38.003144655008235], [126.99214685442607, 38.0033704871662], [126.99609072479215, 38.00139897119221], [127.00099268276364, 37.996251021787195], [127.01030348663409, 37.99323143022632], [127.01314590971965, 37.99352037536843], [127.01528215638315, 37.99230908686715], [127.01704422262794, 37.986928911972434], [127.01589808127765, 37.985776189378285], [127.01259799746566, 37.98456610552514], [127.01129315145315, 37.97611669625399], [127.00852804143148, 37.973837380363555], [127.00643780155512, 37.973246188826906], [127.00078305343655, 37.97392983579975], [126.99635472817104, 37.973198943372324], [126.99121676968842, 37.96693768206001], [126.98952321247656, 37.96376570284194], [126.98852481792312, 37.960093128058425], [126.98175769167914, 37.95659130298156], [126.97912253507752, 37.954078653441705], [126.97742180072018, 37.9486103699113], [126.97743859414452, 37.94614213515443], [126.97621031155674, 37.94430696102358], [126.97335568839246, 37.94203426604021], [126.97032407944748, 37.94203414748618], [126.96689301855906, 37.93934182041535], [126.96481916082074, 37.93901695473836], [126.96443236258423, 37.93831331544984], [126.96409368957394, 37.93294008401302], [126.96505301442588, 37.92823970117355], [126.96304889206857, 37.927076916136684], [126.9618424060857, 37.925273341807205], [126.96154669257555, 37.92428169482425], [126.9620025582077, 37.92291156280491], [126.96001730621946, 37.92016366867159], [126.9571681152193, 37.922271968348646], [126.95632563506473, 37.9223435714647], [126.9496002574581, 37.918965136313126], [126.95055857095802, 37.91679524642735], [126.95473027363586, 37.912469289535764], [126.95316114441194, 37.90870696336885], [126.95083818204537, 37.90720904417889], [126.94917700837136, 37.905350248931285], [126.94762092788382, 37.9025680962705], [126.94673355848859, 37.89964260677463], [126.94711154945112, 37.89843663841207], [126.94853522865957, 37.89674776409954], [126.948179927867, 37.893757816930155], [126.94599632321982, 37.88846205776746], [126.94808315013785, 37.88464915309495], [126.94649466825591, 37.88047210307718], [126.94709910848029, 37.879472181754885], [126.94567498232648, 37.87546930366309], [126.94426435611797, 37.87363234550649], [126.94492539576464, 37.87033232877164], [126.9461196255796, 37.86829147113385], [126.94633973135406, 37.86698562157968], [126.94507941118124, 37.8646791198053], [126.94283093134581, 37.86254706551244], [126.93976514902383, 37.85698613834997], [126.93850349266448, 37.8540610389008], [126.93886629612291, 37.85249900979274], [126.93561986809411, 37.84938864916087], [126.93451225021502, 37.846243278914834], [126.93648521599881, 37.84079098368371], [126.93297616252924, 37.83857044420197], [126.9272828301592, 37.83805056759223], [126.92643777686104, 37.838574844233335], [126.9253312111924, 37.841585435752805], [126.91932851472042, 37.84163485496827], [126.91393019712237, 37.8410695851872], [126.91237977321197, 37.84023604065236], [126.91192503207964, 37.83846386348851], [126.91300338282078, 37.83602893788213], [126.91136100605827, 37.828636808610234], [126.90919346902804, 37.828544838276294], [126.9029901534786, 37.826387606181704], [126.90230760650456, 37.82472352968232], [126.90562179155717, 37.82005122229436], [126.91021627566545, 37.81648486728863], [126.91012742471455, 37.81462209812104], [126.90871535442012, 37.81200686236008], [126.90878555100484, 37.810505411986114], [126.9116401126658, 37.80823939656134], [126.91191090560268, 37.80614520835053], [126.90987798875119, 37.8046546439246], [126.90671927313217, 37.803593261178186], [126.90554703218832, 37.802097940149274], [126.9052954676804, 37.79663811928648], [126.90389467124947, 37.79094941161407], [126.90649367156188, 37.790972672454245], [126.91203734954155, 37.792076407149686], [126.91460451749597, 37.791675714563816], [126.91952105458252, 37.790394267122615], [126.92127506461964, 37.78821045737831], [126.92721060712641, 37.785081492750315], [126.93209545250888, 37.7887836164679], [126.93811523886998, 37.786943382565674], [126.93679472487071, 37.78425220551281], [126.9351666806834, 37.78274719651536], [126.93338397574834, 37.77993680008315], [126.936291199406, 37.77420810549826], [126.93280019785661, 37.77068639903912], [126.93391021676048, 37.7675831413538], [126.93089710020699, 37.763067874229684], [126.92869340965667, 37.75759073326544], [126.93164579348861, 37.755359603460455], [126.93200164341081, 37.75391695934287], [126.93154971988658, 37.75187442474892], [126.92970874242381, 37.74853178461585], [126.9289254715045, 37.749184827005465], [126.92781300369911, 37.74928308300413], [126.92554787889455, 37.74807105960408], [126.9218264543984, 37.74703212135274], [126.91557565829666, 37.748117799088455], [126.90879203078772, 37.74695732139928], [126.9081757324816, 37.745418609926624], [126.90890450135306, 37.74485219747562], [126.90357970864824, 37.74159757686114], [126.90088022060415, 37.73713469927248], [126.90118465498291, 37.735270517917805], [126.90188696130313, 37.73428939335738], [126.90215536136581, 37.72843330937612], [126.89927369965551, 37.72676135906123], [126.89468774012963, 37.726768319965885], [126.8917237722017, 37.72530419285554], [126.88873439019646, 37.72280099057739], [126.8881932581728, 37.7208232659618], [126.88692140073101, 37.71888107419862], [126.88465702539511, 37.7182000469524], [126.88359765061749, 37.719386508420286], [126.88270471484641, 37.71931311068625], [126.88327215552002, 37.719812933015604], [126.88098675850982, 37.72616085716312], [126.87712887106359, 37.72622168659621], [126.8760164578002, 37.72550263630993], [126.87342669866197, 37.72613674784511], [126.87149002789518, 37.7293001774467], [126.86764765250754, 37.72958945641676], [126.86495067644208, 37.732540292832724], [126.8609441084243, 37.732682002854204], [126.85892926616644, 37.73339774099631], [126.85890715455392, 37.734066857311525], [126.85656146506118, 37.73571919531149], [126.85646910601163, 37.73457065756975], [126.85439812701954, 37.73365806187265], [126.8510903899162, 37.73416826889077], [126.84804185931259, 37.733686169960905], [126.84124770662467, 37.73150101158739], [126.83939081210409, 37.728627813328714], [126.83707744284172, 37.72757155278996], [126.83622576472283, 37.72747888190368], [126.83563195260213, 37.72806795134153], [126.83412591625628, 37.72690146427685], [126.83175338897748, 37.72881122255317], [126.82608371648872, 37.72700335365171], [126.82541147801233, 37.72714709919395], [126.8238564400602, 37.72882815743195], [126.82302965103383, 37.72880651258718], [126.81398922495102, 37.72347824516388], [126.80690420797622, 37.72697326653318], [126.80282756871775, 37.73037535005618], [126.80134079108444, 37.730296652354106], [126.80075579863609, 37.73527862008136], [126.7981653370724, 37.73716274624945], [126.7972555022759, 37.737012731348486], [126.79357103627265, 37.7349697433217], [126.79557983354394, 37.73356126424819], [126.79607937786187, 37.72960671043001], [126.7936541553232, 37.72594711207222], [126.79194665830178, 37.724201837758606], [126.79014525811883, 37.723760491318146], [126.78502904524058, 37.72089063953011], [126.78451841865756, 37.719694588885424], [126.78256290837693, 37.717610570076495], [126.77785377281856, 37.71410047783344], [126.77482796484597, 37.71022428241698], [126.77327912482949, 37.709231183665466], [126.7738647654919, 37.70677198094185], [126.77334781351969, 37.70425095698598], [126.77061669337368, 37.70567332244718], [126.76607518655422, 37.70696988446362], [126.76637255412528, 37.706039507853724], [126.7649512224414, 37.70405171654362], [126.76397733507844, 37.704699835895575], [126.7600832041942, 37.703327022613465]]]}}, {"type": "Feature", "properties": {"sgg": "41500", "name": "이천시", "sidonm": "경기도"}, "geometry": {"type": "Polygon", "coordinates": [[[127.41049710503866, 37.184106941646995], [127.40908063085621, 37.18389853692435], [127.40503327464099, 37.18163844570998], [127.40357038146968, 37.1803290856005], [127.40186172270087, 37.18018120187648], [127.39902316413773, 37.180956288279], [127.39445721274423, 37.18081709694338], [127.38827639871117, 37.181413124721175], [127.3823816181454, 37.182742639520356], [127.38193110790534, 37.18673433096306], [127.38121157258513, 37.18755840550348], [127.37528779608603, 37.18510218130021], [127.37224454943393, 37.18602995644528], [127.37203829372504, 37.189759579276284], [127.37392655894298, 37.189908074294344], [127.37597102604593, 37.190997521496435], [127.37820671284301, 37.19555314276862], [127.37038447071039, 37.20391896061082], [127.36204759892742, 37.20111404340093], [127.36136488052945, 37.20048114050421], [127.35684306234347, 37.20063124707444], [127.35614193454903, 37.20119152645992], [127.35591666627832, 37.202617736287614], [127.34840245330716, 37.204355912754615], [127.34723534278211, 37.20612010959577], [127.34519203501337, 37.207509009518276], [127.34217549771817, 37.20808080392795], [127.33958160682438, 37.21207375693377], [127.33853056109655, 37.21629224075199], [127.33186540392924, 37.22000015042191], [127.3308723539218, 37.22304211587494], [127.3333854044708, 37.227157224203566], [127.3341968871987, 37.23140962471498], [127.33445063573068, 37.23780770929725], [127.33115236221917, 37.24312134367716], [127.33344231263999, 37.24931605869792], [127.336070947868, 37.2516341308042], [127.33856901170094, 37.252392339639734], [127.33693934702688, 37.255320473194395], [127.33618379148255, 37.25777847534661], [127.33666363613466, 37.26116971395656], [127.34018037216458, 37.26315669370129], [127.34087824308298, 37.26499947155659], [127.34095696399939, 37.26576689993931], [127.33879971089392, 37.27053918912106], [127.33886494343263, 37.27134149030833], [127.34068128666185, 37.27282337316171], [127.34331146814745, 37.27317842974157], [127.34503406521246, 37.27403139287273], [127.34907789414028, 37.276806169205685], [127.34815017375388, 37.27923650862951], [127.34318667522399, 37.282361273283854], [127.34245968607178, 37.28603602093008], [127.34014667082197, 37.288107596185874], [127.34316651410447, 37.29105974164129], [127.34600145050156, 37.29125388337048], [127.3473853374669, 37.29000385959168], [127.34801499995044, 37.29000692326834], [127.35308393162583, 37.29231998232193], [127.35455801487426, 37.29433054096348], [127.35714117461356, 37.29460415034164], [127.35754611276553, 37.296381490547574], [127.35711417174497, 37.298811388188255], [127.35511194014082, 37.29999541725517], [127.35449145549468, 37.3006729568334], [127.3545011914262, 37.30147633824975], [127.3570259943731, 37.30366868099017], [127.35771731380953, 37.30507343812418], [127.36131309038055, 37.30719035329091], [127.36432024092002, 37.30768397285376], [127.36493592771433, 37.30848579222061], [127.36494744998951, 37.3099302911152], [127.36361600977582, 37.31217211066504], [127.36341475086907, 37.31581351198633], [127.36499540165022, 37.31658404823927], [127.3673899882867, 37.31511945295336], [127.36960109339135, 37.31523232998523], [127.37211833674336, 37.31700068377441], [127.37268396842106, 37.3187195749346], [127.37591135338657, 37.320729730938545], [127.37679740882186, 37.32069234756541], [127.37838833382497, 37.31934300253666], [127.3814811526868, 37.31900589152841], [127.38717456627762, 37.318887515265246], [127.39030534013096, 37.31969157269055], [127.39250567316668, 37.32098026386948], [127.3926337894429, 37.32222437083995], [127.39363574402033, 37.32354243672257], [127.39786411350488, 37.326100380065604], [127.39990711613139, 37.32723573281526], [127.40502898366928, 37.327671496433005], [127.4079837841495, 37.33091884401304], [127.41248423454223, 37.33393065330199], [127.41497032959882, 37.33411161860609], [127.42062818047157, 37.338647294949176], [127.42155358816572, 37.34030196461777], [127.42119431385548, 37.341780006668806], [127.42193649307404, 37.342911495066616], [127.42367710307037, 37.34410947440209], [127.43000289572525, 37.346569674400506], [127.43378781296767, 37.35080613115742], [127.43532877066245, 37.35441366654589], [127.4424563377744, 37.358444301586474], [127.44385078920536, 37.357686678852836], [127.44912578490008, 37.35218608680957], [127.4548048469092, 37.354115111907646], [127.45609877365558, 37.355948798582695], [127.46021699366062, 37.358196966023115], [127.4625231243545, 37.358789255181655], [127.46377333131949, 37.358139509375796], [127.46468296814233, 37.35836288707604], [127.47049352258136, 37.3615159535646], [127.47490907929685, 37.35736946405913], [127.47577449705985, 37.356842328585046], [127.47690651270237, 37.35686960026265], [127.4781771341389, 37.35592000325235], [127.48386794802478, 37.35057117193819], [127.48525699286488, 37.3502810697209], [127.48724214526345, 37.34904593063089], [127.48952451695213, 37.342363682783024], [127.499794680754, 37.33973305194342], [127.50209272371609, 37.33791222316906], [127.50824745782438, 37.33823758186519], [127.51030932727667, 37.33957711297446], [127.51375747298827, 37.33931085185487], [127.51556693997256, 37.337561928370725], [127.51690033978208, 37.33449565695422], [127.52053638043995, 37.33026214807804], [127.5217955171466, 37.3296613699856], [127.52668388796911, 37.32966374875844], [127.52918503136038, 37.326613124088546], [127.52654095713324, 37.322468409435835], [127.5289530446061, 37.32123969467797], [127.52965098815856, 37.32017813036144], [127.52880157239639, 37.316199811392195], [127.53555986169387, 37.313534351529796], [127.54261230822921, 37.31305653625031], [127.54471940210968, 37.31223771554356], [127.54607280455063, 37.310920059397006], [127.54636209539511, 37.30994193222809], [127.54638860131317, 37.30143274086317], [127.54305214000742, 37.296439133602576], [127.54272540967368, 37.29475268435292], [127.53681221712512, 37.289699906720635], [127.53437513092565, 37.28928036238365], [127.53066848121172, 37.27924429619808], [127.52918995761365, 37.27351626785016], [127.52996091770684, 37.2674676697763], [127.53236175704942, 37.26065919408216], [127.53273879979749, 37.25729572876495], [127.53317601857665, 37.25620379974147], [127.53629408257439, 37.25325302207971], [127.53707417191994, 37.25160546376847], [127.53736836209346, 37.24662732097421], [127.5328110741221, 37.24353801851318], [127.52969257616759, 37.242930392556346], [127.52555455728871, 37.24048854637071], [127.525214122005, 37.239746266141836], [127.52696346277254, 37.229461765763254], [127.52549899837878, 37.22757406556385], [127.5276086924173, 37.22739075811907], [127.53007648049017, 37.217790017687534], [127.52986632060285, 37.21176753831764], [127.53147435273308, 37.20822689721515], [127.53147108592907, 37.20535358245931], [127.53079901127357, 37.2050134752918], [127.53007829178479, 37.20276125756544], [127.53127941427111, 37.19999248413127], [127.53108918854859, 37.19812661011056], [127.5279273199495, 37.19698823808578], [127.52623790348194, 37.19523086880915], [127.52588675155435, 37.193941925039674], [127.51960339237533, 37.18760619168112], [127.51597293569685, 37.185316010691665], [127.51740573036558, 37.18481440141703], [127.51754814726603, 37.18213408598463], [127.52286487194317, 37.18123819471521], [127.52659455195109, 37.17601826067806], [127.52678866971002, 37.173463828444284], [127.52789382538597, 37.17295765521124], [127.54681127798487, 37.17419001118609], [127.55282539300912, 37.17543932454139], [127.55668606862442, 37.1770443912044], [127.55776504949729, 37.17819760660853], [127.55790071459298, 37.17975811611582], [127.55876003270512, 37.18087644872418], [127.56617655245344, 37.1763960097043], [127.56887907986192, 37.17364853069837], [127.57050788128811, 37.170227823535804], [127.57252024944398, 37.17130042091506], [127.57278212612773, 37.17202139365941], [127.5753167675492, 37.17429588614209], [127.57708118626012, 37.17507222295896], [127.57760899802057, 37.176225690907714], [127.57759800950568, 37.17717894534066], [127.57444961481892, 37.18243058307155], [127.57278830919918, 37.183597820791604], [127.5723618316344, 37.18457949730363], [127.57637441325473, 37.18915503657138], [127.57814509198991, 37.18950430658055], [127.57859703145633, 37.18867583358505], [127.58048365069696, 37.18747005246981], [127.58381169254464, 37.18695506570337], [127.59048617168376, 37.18789889469139], [127.59303457967837, 37.189627635691615], [127.59526066559663, 37.1897396702551], [127.59600415051993, 37.189629773725294], [127.59809901805185, 37.18793344205759], [127.59930177266972, 37.18310983103159], [127.60167499788427, 37.183373753661506], [127.60484308736928, 37.178910097394265], [127.61238765498369, 37.1733752501016], [127.61397604071288, 37.17015004286484], [127.6140779064548, 37.16766428814881], [127.61580241609768, 37.163342573303574], [127.61947065675349, 37.16244314832063], [127.62533141992229, 37.16487542936606], [127.62659262043414, 37.16596255006942], [127.62950924690104, 37.16642475507825], [127.6305022505279, 37.16610496432254], [127.63116979154869, 37.163910228366056], [127.6301869282866, 37.159324213738316], [127.62868019624602, 37.15618217191827], [127.62893660082605, 37.15309647283823], [127.63018400039091, 37.14953707301969], [127.63311818546511, 37.1452605519458], [127.6370850637044, 37.142306923768956], [127.6378341333709, 37.141034772498564], [127.63414749649353, 37.123725439427815], [127.63404911174727, 37.12154345022044], [127.63508956320389, 37.11604298132551], [127.6344265169475, 37.1059849273832], [127.6350099511685, 37.10363603542693], [127.63454617566862, 37.10123398189269], [127.63333966416579, 37.09838582726765], [127.63149954720369, 37.09651701440975], [127.62284623671208, 37.0928672069908], [127.61451698373294, 37.087888560437214], [127.60988935556891, 37.0861038971667], [127.60427665776673, 37.086085528621695], [127.6008882327837, 37.08553423985253], [127.59981941264512, 37.083841064871905], [127.60016520395246, 37.081848988078505], [127.6044977861611, 37.07746820211683], [127.60515564263902, 37.07328038500488], [127.60507006535887, 37.070314469555036], [127.60415392852339, 37.06850323515588], [127.60298712691241, 37.06860759771719], [127.60210572819722, 37.07062988940858], [127.5958910386304, 37.07393771886643], [127.58907058515815, 37.072735009391835], [127.58767639501359, 37.07379586208004], [127.58407428134579, 37.07488820859598], [127.57950144586859, 37.07536283286516], [127.57598850977804, 37.073801734306], [127.57360370396324, 37.06987381476292], [127.56982184203932, 37.06588276351227], [127.5664808517585, 37.06314419962142], [127.56512757988737, 37.06027051441797], [127.56501127764608, 37.05894110767683], [127.56791743235469, 37.055540659206876], [127.56711125447517, 37.0525220955149], [127.56846199756184, 37.049107861397175], [127.56813462783742, 37.04770080818919], [127.56240827898972, 37.044608138634686], [127.56213927487177, 37.04391907875133], [127.56094656932672, 37.04326639144322], [127.55811119730934, 37.04318416433876], [127.5504295762257, 37.04540110479128], [127.54446307013993, 37.04871176083213], [127.54387536797283, 37.04952932194204], [127.54010524348918, 37.05095566949261], [127.53199223572301, 37.055642309970835], [127.530700219337, 37.05580648346134], [127.52789955722572, 37.05514675810618], [127.52313274384461, 37.05543874930058], [127.51980182248924, 37.05676845128487], [127.51858173095889, 37.05755769660609], [127.51826138285922, 37.05839707437722], [127.51251826371288, 37.056219488252204], [127.51153849948223, 37.055332209182474], [127.50999736390263, 37.05258374468979], [127.51008635490437, 37.051616074588516], [127.50900557170579, 37.04945555730863], [127.50465342204298, 37.047959683522855], [127.49929144355924, 37.04777469349588], [127.49688522110102, 37.04837697239491], [127.4907188162117, 37.051301622379235], [127.48995938220688, 37.05281503301848], [127.49354897296597, 37.056531518963055], [127.49780675822758, 37.05718070589294], [127.5048098766891, 37.06039311415767], [127.50722908934078, 37.062606010909356], [127.50846374093277, 37.06406512444368], [127.50678820076809, 37.06931590344318], [127.50762420334017, 37.06990533984776], [127.51109885606563, 37.070104507519964], [127.51254108635254, 37.07134608575709], [127.51474129729148, 37.076167365716934], [127.51407154114138, 37.07800749355966], [127.51491721843412, 37.080258750884425], [127.51594966065655, 37.08132790170205], [127.51859670643756, 37.082370921994226], [127.51619361169602, 37.084378083582244], [127.51562214617867, 37.085720569808316], [127.514820596761, 37.09343650205173], [127.51348470994805, 37.0955730471998], [127.5105344535182, 37.096767738505996], [127.51091039601172, 37.09932212531431], [127.51183051555043, 37.10018402739944], [127.51462938297229, 37.10118542659273], [127.51331726845513, 37.10549876716962], [127.50774456353749, 37.10577659418221], [127.50486214960685, 37.10840778647943], [127.50388710592198, 37.1096560599949], [127.50294215062297, 37.118234516728904], [127.49881518004942, 37.12348196506569], [127.49748750966103, 37.12436308641914], [127.4937339224211, 37.12391448897693], [127.49248030320082, 37.12308849611907], [127.48048975499499, 37.12662971631378], [127.47518361174605, 37.12739492988503], [127.4699619390356, 37.12953573362635], [127.45796260980168, 37.13035232507988], [127.45345199646212, 37.135236406519624], [127.4502827462266, 37.14146957734532], [127.44802468997763, 37.144187520175386], [127.44782854051982, 37.14491871166859], [127.44970962979825, 37.14613871875127], [127.450333390046, 37.148076999719734], [127.44967421196027, 37.14859955895492], [127.4470623889895, 37.14857926603112], [127.44586743805078, 37.14941366673473], [127.44420504288382, 37.1493903603315], [127.44160455587352, 37.14923924655457], [127.43883886740787, 37.14799952569364], [127.43385357854079, 37.14828755642581], [127.43269396947716, 37.14879282568273], [127.42982266646477, 37.14773652311438], [127.42350126381949, 37.151827288420144], [127.41791611723063, 37.151360444038595], [127.41484307795632, 37.15207941522941], [127.41231635590003, 37.1550669045995], [127.41216074510244, 37.15694062296328], [127.41042926725171, 37.160486332177335], [127.40969472258674, 37.1643822880184], [127.41063284827854, 37.16750634373392], [127.41302350947696, 37.170019694628145], [127.41414821113185, 37.17339293940613], [127.41298588158396, 37.17659750806683], [127.41181869648949, 37.182353553204045], [127.41049710503866, 37.184106941646995]]]}}, {"type": "Feature", "properties": {"sgg": "41550", "name": "안성시", "sidonm": "경기도"}, "geometry": {"type": "Polygon", "coordinates": [[[127.29566485063054, 36.92889073046906], [127.30407765078967, 36.91514051678887], [127.29778659253196, 36.90263205600277], [127.29408743448008, 36.899115960559705], [127.29067110253496, 36.89684852877622], [127.289801866995, 36.893818800322194], [127.28855840198274, 36.89353353381547], [127.28481839541382, 36.89568900824778], [127.27952713246016, 36.90024081752145], [127.28050287269316, 36.90281085265437], [127.28033057062174, 36.904271323487954], [127.27855546665111, 36.90607269892627], [127.27491182731895, 36.90831845300367], [127.27175931683911, 36.91330880978378], [127.26694195243408, 36.91376317847095], [127.2591328774544, 36.91560980825642], [127.25757565983747, 36.916544529169265], [127.25405805571735, 36.92180755964943], [127.25312045378018, 36.92226411422914], [127.2497621379731, 36.921439640241005], [127.24883502698125, 36.92085393001155], [127.24820833319782, 36.919214286064005], [127.2440184977727, 36.9174045505125], [127.23757608980394, 36.9206492738817], [127.23609273220836, 36.92383460598122], [127.23365330264323, 36.92362319403037], [127.22884977397099, 36.92438643912184], [127.2202078911625, 36.9303012445027], [127.21653425358727, 36.93037444370227], [127.21261026864244, 36.929716255871035], [127.21073389210042, 36.930406993476545], [127.20988003185738, 36.93129551410471], [127.20982790285997, 36.93243753666382], [127.21016396008034, 36.93412233407789], [127.21160453192432, 36.93564984406052], [127.21166591883583, 36.93787836248604], [127.20589275340826, 36.941782016217076], [127.20682849149608, 36.94607635449214], [127.20447614338647, 36.95015408781335], [127.20189088793852, 36.95211477658484], [127.19539161516985, 36.95207162787064], [127.19011197699335, 36.95285822726444], [127.1879840606963, 36.955238952133094], [127.18190050102531, 36.95753244380671], [127.18079670052063, 36.956857056628486], [127.17994216998763, 36.95788971064851], [127.17766653709832, 36.958269642630114], [127.17798738526784, 36.959797081770205], [127.17707884742697, 36.96070636306772], [127.17586548648364, 36.961062522749245], [127.17603606562393, 36.962070964895126], [127.17233803466289, 36.96319348038963], [127.16989420128951, 36.96247726308072], [127.16505017987032, 36.962018999936106], [127.16126515548271, 36.964165876674514], [127.15539399790197, 36.96571704313559], [127.15540046366628, 36.9664182597074], [127.15677070453856, 36.96722562290827], [127.15380596513312, 36.969418808819945], [127.14913073685074, 36.969876549679505], [127.14430057523515, 36.97151191417936], [127.13564288445386, 36.96783942755154], [127.13458390833918, 36.96611339146915], [127.13346567736758, 36.965316204409675], [127.13173913071384, 36.96502480994814], [127.11949890893676, 36.96912796526028], [127.12514922531648, 36.97524186451182], [127.12450895939429, 36.97678581299739], [127.1339839431066, 36.97679510998], [127.13397140386763, 36.97750834577992], [127.13532349124561, 36.97755944453469], [127.13531275058833, 36.97795410843556], [127.13718979681073, 36.9784934530323], [127.13641285812804, 36.98007370317712], [127.13769596517682, 36.9800622953044], [127.13977537149769, 36.978618928377784], [127.14112435338306, 36.978718571267436], [127.14113920270991, 36.97971068237876], [127.13643274506862, 36.98293276910155], [127.13637369388267, 36.98471940701163], [127.13427963726825, 36.985439719979524], [127.13123070134051, 36.98563876410172], [127.13060721518599, 36.98667807674956], [127.13317461258686, 36.98784540864676], [127.13456181545718, 36.98928748323116], [127.136175312019, 36.993372050045515], [127.14173889023449, 36.99514279894365], [127.14477689073931, 36.99722073100129], [127.14906228085125, 36.99782955885448], [127.153915991268, 36.9977572381468], [127.15225774477769, 37.002577425156666], [127.15107696585727, 37.00251460745789], [127.1488503866408, 37.008165039860664], [127.14481254366218, 37.011148047358844], [127.14427713070724, 37.014008113535056], [127.14536713368716, 37.016680016001324], [127.15253032663071, 37.02154642039036], [127.15306890996351, 37.029472768276165], [127.14495372343265, 37.03138906437961], [127.13718668291696, 37.03387155499939], [127.12632704228383, 37.033334266999], [127.1223107356929, 37.0350600985765], [127.118835884089, 37.03163030391619], [127.11693822585583, 37.027210490862394], [127.11240768187574, 37.029080962422235], [127.10704952476128, 37.032915870882064], [127.10529419795047, 37.035746140566545], [127.10793523611154, 37.038740888243936], [127.1100536483437, 37.0408989092817], [127.11194771843076, 37.04186514305748], [127.11477224219499, 37.04216393293031], [127.1196652209101, 37.046094470118156], [127.12217910881425, 37.05041893676032], [127.12388643547122, 37.05156129097706], [127.12738575011443, 37.052516580877004], [127.13063363232446, 37.058232786185364], [127.12817440185614, 37.06346916189248], [127.12570153116515, 37.06468845362742], [127.12023550705166, 37.06270934798999], [127.11846833308299, 37.062671000620156], [127.11541741347702, 37.064733305547044], [127.11398072971653, 37.06508808318047], [127.10673157262906, 37.064855816324865], [127.10404070141549, 37.06614604645183], [127.10231002118495, 37.068681216385585], [127.10271700896035, 37.07299806441991], [127.10482166344728, 37.07441580854542], [127.10364272863713, 37.075747161026534], [127.10807257490428, 37.07654161380057], [127.1098797899744, 37.075962771922775], [127.12144761542964, 37.07640815120948], [127.12388622014078, 37.077236206821816], [127.12643974892659, 37.08159478207882], [127.12511491831596, 37.08659801692574], [127.12305828090808, 37.09134760785021], [127.12593759129325, 37.09062660123822], [127.13217437134215, 37.09145739088846], [127.1338478141835, 37.09240793871169], [127.13578952019506, 37.091686017197254], [127.13597085671205, 37.090808988963], [127.13733618906521, 37.0891431069343], [127.14211462300892, 37.08783478351593], [127.14471170132364, 37.090847717443324], [127.14628302637729, 37.09140566286078], [127.15370436689288, 37.091012910691454], [127.1617971417298, 37.08890439601097], [127.16308249294535, 37.087835358551], [127.16620329237995, 37.086595709077656], [127.17308216757883, 37.08587480083665], [127.1762605547396, 37.08767036903575], [127.1790372852305, 37.08761142360896], [127.18212107528909, 37.08706649276269], [127.18623374004416, 37.084492615124], [127.18889931627446, 37.08661121836342], [127.19238047359312, 37.08709467447731], [127.19527272046582, 37.089069499061274], [127.19760456950215, 37.09299780069505], [127.1989079572614, 37.09685921647406], [127.20232142732624, 37.100398038381904], [127.20501967976422, 37.10241833310443], [127.20741128233013, 37.10341582939314], [127.20942742021583, 37.105578674103285], [127.20982532336348, 37.10765394581345], [127.20884227148721, 37.10884038710644], [127.20860536568344, 37.11009606352293], [127.20931949390618, 37.11227249993306], [127.20999019712491, 37.11235193060695], [127.21204697502364, 37.1105664527022], [127.21469624091378, 37.11092553877033], [127.22016203385112, 37.113427616992645], [127.22321792765645, 37.11290383579818], [127.22616790144396, 37.11394192048831], [127.22710276778747, 37.11533227589681], [127.22939189530113, 37.1171279740168], [127.23385541860763, 37.11767807473007], [127.23644507284217, 37.12124534707146], [127.24301777428596, 37.122504788521894], [127.24581234078657, 37.122054531355964], [127.25116013543708, 37.123119412564584], [127.25337840920578, 37.129000190023625], [127.25290789796385, 37.1308753285378], [127.2511609931812, 37.13360294166614], [127.2537134153582, 37.138093964264996], [127.252808899214, 37.14119747135221], [127.25128470448962, 37.14267261021092], [127.25025725653718, 37.14523724864942], [127.25349934082828, 37.14686298202298], [127.2554785896981, 37.15134396527373], [127.26047351714485, 37.15206628493031], [127.26167496999724, 37.15408450185032], [127.26386464363387, 37.15589058799043], [127.2669436996165, 37.15532991845062], [127.26876796759568, 37.154240525805115], [127.26953803285058, 37.15144312375386], [127.26803125791021, 37.14932635900328], [127.26915348478025, 37.14713695402953], [127.27224651054416, 37.14481170646089], [127.27312442168031, 37.143313613513676], [127.27192504643071, 37.141030747842755], [127.27307390719984, 37.1350114355784], [127.27435794450851, 37.13364376342522], [127.28206421253564, 37.134004070185064], [127.28424984195712, 37.130775347856414], [127.28626647833678, 37.13202408899247], [127.28788361793897, 37.13146811156594], [127.288611936415, 37.129682344591515], [127.29230726352563, 37.126645450855676], [127.2932376806751, 37.12293096355567], [127.29492599833803, 37.12119978387143], [127.29713674267472, 37.12033484082995], [127.29908495989454, 37.116839509743095], [127.2998888672431, 37.11237431244447], [127.30333650661333, 37.111757677188265], [127.30410127008835, 37.10909114702309], [127.30570384126248, 37.107114029945926], [127.310634215038, 37.10538338207272], [127.31214149459349, 37.10711191923172], [127.31328232593688, 37.109469977152585], [127.31636114993667, 37.10984092359697], [127.32672014092037, 37.11944201824201], [127.32958908440469, 37.118811817679266], [127.33005775266729, 37.116558930482526], [127.33077685676844, 37.11682024524325], [127.33335653179381, 37.11173535768994], [127.33968577813623, 37.10932150320829], [127.34343057380948, 37.10401823601377], [127.34495274092676, 37.1033182503918], [127.34767501057658, 37.10357417802095], [127.35280474009231, 37.10000649910642], [127.35442203231372, 37.10059611416858], [127.35507019228172, 37.10372880133482], [127.35822327136397, 37.10724704930504], [127.35904092327267, 37.10756585337581], [127.36926223378468, 37.10676958322641], [127.37299616328512, 37.10582263766954], [127.37404707884146, 37.10496176970263], [127.37435552500554, 37.102620640515816], [127.37694572885103, 37.10109543907981], [127.37888339233409, 37.10293859841241], [127.37920020027286, 37.10520441839021], [127.38171134842932, 37.10591503306587], [127.38413871277909, 37.105942228849656], [127.38746748293535, 37.10817870906852], [127.38902608775774, 37.1083176454973], [127.39323024841138, 37.10650175068188], [127.39408251787633, 37.10544108633954], [127.39381775698979, 37.104379419761024], [127.39795314342649, 37.09643358794812], [127.39898630505341, 37.095384325135946], [127.40197313014995, 37.0938780500389], [127.41612009408827, 37.09309235381268], [127.4162818501466, 37.09573794842792], [127.41983962882239, 37.09737323991695], [127.42171833047718, 37.097283224503556], [127.42375502993426, 37.09884064126847], [127.42417688015863, 37.09969952247884], [127.42107293560407, 37.106510031087055], [127.4245913575867, 37.10943519657941], [127.42420066876763, 37.11041975538851], [127.42306812278723, 37.111190942186184], [127.42565700318973, 37.113110305604], [127.42027397138071, 37.115732204891515], [127.41520745233706, 37.115696017617836], [127.41397712838588, 37.116206802741004], [127.4126575580028, 37.11787561487084], [127.41256645333749, 37.11942815246123], [127.41373468351036, 37.1215733705354], [127.41501445324018, 37.12282840108227], [127.41746815422934, 37.12380254566539], [127.4209098087064, 37.126066339240154], [127.42140841045443, 37.12767571162363], [127.42418423482978, 37.13113447670583], [127.42560911303907, 37.13397481545329], [127.42643992347507, 37.1386109416645], [127.42561870992071, 37.14074454458194], [127.42586277605902, 37.14304106786915], [127.42728809336226, 37.14592074616091], [127.42954393668168, 37.14700842477805], [127.43026289535274, 37.1481457780481], [127.43269396947716, 37.14879282568273], [127.43385357854079, 37.14828755642581], [127.43883886740787, 37.14799952569364], [127.44160455587352, 37.14923924655457], [127.4453796795014, 37.14942583749028], [127.4470623889895, 37.14857926603112], [127.45008536827488, 37.14839804003391], [127.44970962979825, 37.14613871875127], [127.44782854051982, 37.14491871166859], [127.44802468997763, 37.144187520175386], [127.4502827462266, 37.14146957734532], [127.45345199646212, 37.135236406519624], [127.45834890208873, 37.130150823907776], [127.4699619390356, 37.12953573362635], [127.47518361174605, 37.12739492988503], [127.48048975499499, 37.12662971631378], [127.49248030320082, 37.12308849611907], [127.4937339224211, 37.12391448897693], [127.49680291181959, 37.124490396077036], [127.49881518004942, 37.12348196506569], [127.50294215062297, 37.118234516728904], [127.50394282415968, 37.10953911071521], [127.50774456353749, 37.10577659418221], [127.51317909348712, 37.10561836499741], [127.51364393068174, 37.104928720817924], [127.51460404848757, 37.10111669586402], [127.51183051555043, 37.10018402739944], [127.51091039601172, 37.09932212531431], [127.5105344535182, 37.096767738505996], [127.51348470994805, 37.0955730471998], [127.514820596761, 37.09343650205173], [127.51562214617867, 37.085720569808316], [127.51619361169602, 37.084378083582244], [127.5186037540855, 37.08243514870728], [127.51594966065655, 37.08132790170205], [127.51491721843412, 37.080258750884425], [127.51407154114138, 37.07800749355966], [127.51474129729148, 37.076167365716934], [127.51254108635254, 37.07134608575709], [127.51109885606563, 37.070104507519964], [127.50762420334017, 37.06990533984776], [127.50678820076809, 37.06931590344318], [127.50846374093277, 37.06406512444368], [127.50722908934078, 37.062606010909356], [127.5048098766891, 37.06039311415767], [127.49780675822758, 37.05718070589294], [127.49354897296597, 37.056531518963055], [127.48970403988564, 37.05249301766658], [127.48179434389718, 37.053324174902414], [127.47137293505243, 37.052544836782616], [127.46803673152135, 37.0529979060048], [127.46858596291194, 37.0515868427325], [127.46843271476182, 37.05064732363389], [127.46127415277407, 37.047059413396966], [127.45771856487724, 37.04359977632789], [127.45718839274465, 37.04223171601322], [127.4572094115823, 37.04058590949618], [127.45933603270092, 37.03896696465517], [127.45975082271616, 37.03647984532016], [127.45974124159771, 37.035474135365874], [127.45805696588808, 37.03296942384359], [127.457835234687, 37.03021248884566], [127.45929503028664, 37.027185348660645], [127.45941390125036, 37.0253741741447], [127.4580072963241, 37.02058384586881], [127.45427837506648, 37.02143030971761], [127.44959314973013, 37.01820952365457], [127.44833107514752, 37.01645225236177], [127.44764042152205, 37.012582171281004], [127.44670427543596, 37.01103156441478], [127.44399843766867, 37.01191477287523], [127.44111132735999, 37.01161855287262], [127.43838061719016, 37.00991861607215], [127.43446395130877, 37.005256378359356], [127.4297345763771, 37.00187822504848], [127.42220287719003, 37.00477314900264], [127.41508727195931, 36.99966095000167], [127.41202874044698, 37.0002804296421], [127.40968952749874, 36.99939925339054], [127.408145802024, 36.99818039354481], [127.4019565494404, 36.99877552426492], [127.39403804841021, 36.997944402525654], [127.3925362280613, 36.99649746330527], [127.39069749441265, 36.99088163771361], [127.38536456855753, 36.985057581808555], [127.38491569480533, 36.983657766168335], [127.38608278146444, 36.98139177710204], [127.38961179319072, 36.98016477306809], [127.3941213569405, 36.977296801134436], [127.39959665855967, 36.97003595222194], [127.40185704887993, 36.96774918631385], [127.39807313569891, 36.96431785211769], [127.39659867733265, 36.963985109449155], [127.3915742948149, 36.96474455812905], [127.3875945076214, 36.964065377211895], [127.38532532858346, 36.9604767470384], [127.3858899481964, 36.95979960087476], [127.38538175255121, 36.95914282978116], [127.38005635372056, 36.95855215133564], [127.37912586188617, 36.95755909581791], [127.37863331043036, 36.95580481087467], [127.3791712501419, 36.95397977320933], [127.37852771077901, 36.951466248384584], [127.37549500023763, 36.94818434728433], [127.37310709756618, 36.94846140915809], [127.37252215083764, 36.94929048191997], [127.36204675352215, 36.94927209750121], [127.35945588137633, 36.94850334094913], [127.35789456139054, 36.94747819285804], [127.35605617053245, 36.95020179409329], [127.35597600949602, 36.951063056423955], [127.35509535710013, 36.95167344739208], [127.35162911120517, 36.95267979128017], [127.3497353751849, 36.95256716472006], [127.3435093539804, 36.947976288052985], [127.34280776230659, 36.946290105092], [127.34342979642655, 36.944296119901935], [127.34304773030419, 36.94352061150741], [127.33866953878079, 36.94277340181909], [127.3321773031832, 36.939516416718035], [127.33109249431523, 36.938185040112366], [127.32702955185152, 36.93578267684557], [127.32454796827396, 36.93578944697837], [127.3231836476947, 36.93643469120414], [127.31648835755597, 36.93464618971716], [127.31502729726009, 36.93221894323014], [127.30914734415009, 36.92909412682449], [127.30037856420498, 36.92920092958864], [127.29705837649482, 36.929833892976866], [127.29566485063054, 36.92889073046906]]]}}, {"type": "Feature", "properties": {"sgg": "41570", "name": "김포시", "sidonm": "경기도"}, "geometry": {"type": "MultiPolygon", "coordinates": [[[[126.55132906633892, 37.59983643890771], [126.55180218872306, 37.59926515426121], [126.55066237609374, 37.59624894018654], [126.54963247805759, 37.59584409290798], [126.54719626099151, 37.602400700795876], [126.54804739958365, 37.60472617248768], [126.54923786167046, 37.60464906557305], [126.54991553885976, 37.599862877944], [126.55037677485281, 37.59942193243034], [126.55132906633892, 37.59983643890771]]], [[[126.66678537503994, 37.684156322182126], [126.66994803421838, 37.677922514036354], [126.67346434319872, 37.67491414355302], [126.70158732942453, 37.65931903525035], [126.71826484875429, 37.64928975033891], [126.72838763870998, 37.64450615201247], [126.73498667297629, 37.641962329967846], [126.74276941291384, 37.637981366478606], [126.76090918627611, 37.62823363135772], [126.7641531253972, 37.62579440725573], [126.76823849610726, 37.62369155354388], [126.77489435747943, 37.62174859269872], [126.78250929152239, 37.61658545374929], [126.78874702732462, 37.61375247710878], [126.79853401507219, 37.61048063903842], [126.80493593311222, 37.60402118608447], [126.80289056756088, 37.60461962387557], [126.80093469942108, 37.604336526723834], [126.79791583338596, 37.60075486444949], [126.79710201036244, 37.59891139373641], [126.79725409556816, 37.596592490497386], [126.8008090903493, 37.589007462801746], [126.80078804748985, 37.588003506064844], [126.79882789784745, 37.58822394127765], [126.79833852328292, 37.58779289862741], [126.79702534838833, 37.58418086857975], [126.79590733302878, 37.58315794816881], [126.79481576277496, 37.5833125439222], [126.79367364183499, 37.5816045499506], [126.78704893474996, 37.5855519015647], [126.784113431033, 37.582585135084074], [126.78192675230846, 37.58391201355998], [126.78009751313205, 37.5843615896377], [126.77336113495488, 37.585117073022474], [126.77088944301815, 37.58604468926498], [126.76806792326784, 37.58805522879219], [126.76731222973504, 37.58802599503989], [126.76307854848325, 37.584892059639024], [126.76155197088714, 37.5853094890679], [126.75770409896974, 37.58479212956424], [126.7555561252947, 37.58274120078046], [126.75563525939614, 37.58124223895431], [126.75473593167008, 37.58043351208355], [126.75181644136558, 37.57957178878136], [126.74992856690655, 37.58094766606571], [126.75002610948678, 37.58368316697104], [126.74628379623704, 37.58712319194806], [126.74362412306513, 37.593349709658874], [126.73798355134345, 37.59350379505025], [126.73704526954766, 37.59318001392937], [126.73501926973213, 37.59046628233621], [126.72901216328026, 37.59294286564898], [126.72512592212895, 37.59200096855635], [126.72159503357656, 37.5962217874422], [126.71909966773435, 37.59792856248674], [126.71811789722528, 37.59779713886565], [126.71713533169496, 37.598577315026674], [126.71317981967002, 37.60281520562223], [126.71199392181632, 37.6047861523375], [126.70836672055819, 37.60493375172488], [126.7066283764378, 37.603431758400475], [126.70450659500229, 37.602648840231886], [126.70424772308364, 37.60554564968182], [126.70607712302993, 37.60777092353739], [126.70628274805935, 37.61015136842132], [126.70528291910733, 37.6115377668868], [126.69982339076378, 37.61583078269605], [126.69863317300995, 37.617462451274356], [126.69152022995546, 37.621327016088244], [126.68744837821951, 37.62282549334718], [126.68167531768509, 37.62652545037219], [126.68084576666911, 37.627396503322544], [126.68074476351802, 37.62864386273162], [126.68007370953424, 37.62963965374158], [126.67517028097531, 37.629953672991164], [126.67442343360588, 37.6303573795093], [126.6740769486237, 37.632227506106965], [126.67093518006962, 37.634359576090766], [126.66563196244522, 37.63623891408281], [126.66245069539801, 37.636931548079836], [126.66108463645843, 37.63671787769754], [126.6594362051889, 37.63822828854139], [126.65794162031975, 37.63855375610235], [126.6569320660229, 37.6379613970038], [126.65427731759831, 37.63807492150185], [126.65340946400387, 37.63833343161106], [126.65246336274842, 37.63957683199508], [126.65158221161656, 37.63876662426982], [126.65130636784274, 37.637700807888784], [126.65169300236363, 37.635169175668665], [126.6475792237419, 37.628736108402826], [126.64491502946976, 37.628595808670056], [126.64227241379366, 37.62773163934179], [126.63947688434598, 37.6277578456602], [126.63695290557065, 37.62603338893903], [126.6365742991433, 37.6204902850394], [126.63433944432127, 37.61941222694634], [126.63280933304318, 37.61691871548216], [126.63141832258623, 37.61346456227405], [126.62929294650701, 37.610960505350356], [126.6276949434403, 37.605968774960736], [126.62339794803326, 37.60279721049733], [126.61474725927208, 37.60586845529339], [126.61314360139609, 37.60561076793907], [126.60905535219958, 37.6041527083154], [126.60711401593407, 37.601267153499606], [126.60412022426185, 37.59882808271469], [126.5927237316429, 37.592975778527155], [126.56574983556453, 37.58607739353138], [126.56365041532166, 37.58697000197513], [126.56305555332725, 37.58947648610349], [126.56472991194812, 37.59291147801882], [126.5660605971418, 37.59417042151969], [126.56238903958011, 37.597062638743225], [126.55939700355789, 37.60055623295541], [126.55416876148665, 37.60930108480092], [126.55404162339583, 37.61452780411107], [126.55315803402611, 37.61803022019589], [126.5495556340581, 37.62708539747722], [126.53793075108791, 37.63681549744698], [126.53437599740448, 37.64181014648058], [126.52895643551031, 37.65297442703012], [126.529701547408, 37.655889895993305], [126.53141472035901, 37.657707776408984], [126.53446188268909, 37.65914305676166], [126.5355178378936, 37.66170814309118], [126.53575523183068, 37.66502250191431], [126.53530292816356, 37.66633368635628], [126.52524078955108, 37.67217898979253], [126.52347010714637, 37.67443157037182], [126.5229825306347, 37.67651724683649], [126.52325371807905, 37.678759608225256], [126.5254483638461, 37.68740831003247], [126.5255522117134, 37.692694765673025], [126.52728142525596, 37.70314165222604], [126.52214156007587, 37.707931840034966], [126.51851491911813, 37.71272805239405], [126.51845734366346, 37.72159809825519], [126.51965787160644, 37.72618850903146], [126.52601717505105, 37.7380924089514], [126.52740036283812, 37.74388523744499], [126.52784499463343, 37.74839763972848], [126.52269688196095, 37.753939711403746], [126.51457950637565, 37.76465501125539], [126.51456397746584, 37.76694862256429], [126.53632848164834, 37.771898719135436], [126.53752537682713, 37.7712088730839], [126.54057759641836, 37.77059049369271], [126.55515497631626, 37.76898227714349], [126.55884169824543, 37.76756407620732], [126.5616253416578, 37.76504909832816], [126.56135492781101, 37.761573607491364], [126.56676113041213, 37.75602850499852], [126.56889148554059, 37.755087727465025], [126.57527385049778, 37.75379392001654], [126.58042866979876, 37.75381397579455], [126.5825827041894, 37.75415410635744], [126.58907121056848, 37.7563867077119], [126.59102036030937, 37.75776609868681], [126.59201263822247, 37.75773544207882], [126.59980735408452, 37.756567219975594], [126.60184914943856, 37.75429237117004], [126.6039691803973, 37.75322582247862], [126.60946784603637, 37.75290923374996], [126.62261295174369, 37.76227883174347], [126.62714868284266, 37.768600206201256], [126.6278952635769, 37.77155523486501], [126.62882181849751, 37.77236311807393], [126.63894280940086, 37.778433401997354], [126.64908109783126, 37.781283055082376], [126.66700405635578, 37.784517209504884], [126.67289369276628, 37.76937519170541], [126.6736473352811, 37.76427347590684], [126.67617415563828, 37.75499986306866], [126.67400254079905, 37.75000607664066], [126.67739221662292, 37.735011859518636], [126.68479503998236, 37.725649039367084], [126.68543902880637, 37.72370441001296], [126.68362249619508, 37.713392119079074], [126.67972324344882, 37.70515073402786], [126.67654831891679, 37.70008467370003], [126.66704641081864, 37.689140199901644], [126.66632684092707, 37.687759464469366], [126.66678537503994, 37.684156322182126]]], [[[126.5384472601976, 37.77405321814577], [126.52628668782877, 37.77343398168683], [126.51762654748964, 37.77161922720333], [126.51654437154819, 37.772099151526604], [126.51507237337182, 37.77542951737684], [126.51481437951745, 37.78085876503786], [126.51535000530693, 37.78242697803378], [126.51766804165588, 37.78419708518635], [126.51957367763332, 37.78645942135802], [126.51963442676438, 37.78761020030604], [126.51863747399808, 37.790430821422895], [126.51887498776453, 37.792491117934524], [126.51978240323137, 37.79268567897664], [126.52384021214057, 37.7898048369493], [126.52575343759867, 37.78567586833343], [126.52716570325741, 37.78385003249532], [126.53214883614051, 37.7807747242765], [126.53737247490125, 37.778950852986725], [126.5399443206725, 37.77709827503554], [126.54043928450743, 37.77608610068277], [126.54022372199299, 37.77535880446462], [126.5384472601976, 37.77405321814577]]]]}}, {"type": "Feature", "properties": {"sgg": "41591", "name": "화성시만세구", "sidonm": "경기도"}, "geometry": {"type": "MultiPolygon", "coordinates": [[[[126.55288481600186, 37.05929264664795], [126.55741237942135, 37.06448485658457], [126.55776491137462, 37.06295888020045], [126.55929431058877, 37.06179039728988], [126.55366877435902, 37.05834893791015], [126.55288481600186, 37.05929264664795]]], [[[126.73031935965183, 37.07217911556406], [126.73191215567905, 37.07772296773847], [126.73581082095627, 37.082999983410446], [126.73525967401504, 37.092644930618285], [126.73533223378128, 37.09305209882757], [126.73608075425538, 37.09308181372608], [126.73743083268545, 37.09178674256834], [126.73928917920412, 37.08809614731561], [126.73944492556326, 37.08651404881207], [126.74194945574337, 37.083228675681866], [126.74265266563467, 37.07990359041977], [126.74250953481574, 37.07676239159115], [126.74112294733207, 37.07563577977663], [126.73382910593003, 37.07351113782024], [126.73169762464205, 37.072226362333396], [126.73031935965183, 37.07217911556406]]], [[[126.53709482761239, 37.1082222661092], [126.53794955742022, 37.11075721822617], [126.53749788376619, 37.11243013961104], [126.54016896365835, 37.11180955339955], [126.54117393129218, 37.1089839357221], [126.54166733840243, 37.102761594370584], [126.53985144455416, 37.0994514745266], [126.53909844836645, 37.09905069074012], [126.53709482761239, 37.1082222661092]]], [[[126.61546764550367, 37.11905424590401], [126.61408831096936, 37.11728629295119], [126.61280190892528, 37.11780398940041], [126.6131777227822, 37.11881636401165], [126.61418755946552, 37.11957545118599], [126.6153900756471, 37.1196790768233], [126.61546764550367, 37.11905424590401]]], [[[126.63769107670261, 37.13975295479566], [126.63730793649896, 37.143437992731585], [126.63775299551153, 37.143535877614575], [126.6391881617464, 37.14227309148325], [126.63865577241077, 37.141498532257984], [126.63880764574577, 37.13948789544096], [126.63769107670261, 37.13975295479566]]], [[[126.7464613309041, 37.16000063400451], [126.74279392975374, 37.15556379038825], [126.74257923921812, 37.153801312330806], [126.74021845203868, 37.15154841272409], [126.73752498131788, 37.14973514652052], [126.73631404442658, 37.149424254713935], [126.73581697290669, 37.14986387075315], [126.73366830694565, 37.149859002931834], [126.73113662558934, 37.14910458653119], [126.7320829384013, 37.14641892096748], [126.72806698316816, 37.13875918346842], [126.72190580185972, 37.13658589043282], [126.71922410094474, 37.1319959060495], [126.71378061074829, 37.12942699294115], [126.71300925750266, 37.129513142109424], [126.71129571319388, 37.13109610522425], [126.70942210406376, 37.131488127310455], [126.70639413653441, 37.1310397293468], [126.70502603375722, 37.12878874395846], [126.70483854238078, 37.12313726609777], [126.6982429173479, 37.11978943764939], [126.6954015416184, 37.11992460650314], [126.69237599532855, 37.11916714096342], [126.68847871781121, 37.11611632936647], [126.68771219733962, 37.11510150063944], [126.68837721660573, 37.113956828707906], [126.68612820151787, 37.111924478183454], [126.68254988196176, 37.11178267837569], [126.67791071028734, 37.115030678049244], [126.6779630853566, 37.11564813150217], [126.68088825898917, 37.11559844984055], [126.683181361193, 37.11698626308556], [126.68449983501378, 37.11958758561498], [126.68192892626796, 37.12843839406319], [126.67744024063144, 37.13497412984503], [126.67622162988995, 37.135625531070446], [126.67457766884866, 37.134657896429474], [126.67369624003577, 37.13469907859248], [126.67350912136128, 37.13799237836536], [126.6761569760161, 37.13884798187023], [126.67901328073731, 37.140733681722175], [126.68255924299073, 37.148851608581396], [126.68371239761066, 37.14973616334006], [126.68988847377186, 37.15083542632244], [126.69449976326752, 37.15236428940336], [126.69449631125595, 37.153157427160465], [126.69295030062658, 37.1539909071786], [126.69073364921687, 37.15718363889551], [126.68416720837706, 37.15967829550447], [126.68925710725122, 37.16784379521867], [126.68887110762977, 37.1679312901863], [126.68360091588292, 37.163246164267754], [126.68261061298247, 37.160366123935155], [126.67012296984883, 37.155704786661786], [126.66392658787954, 37.15656826064339], [126.65903560008861, 37.15382271518993], [126.65485230669573, 37.152972689121235], [126.65066220022611, 37.15362215799985], [126.6493357785862, 37.15454325643942], [126.64943688414117, 37.15656993670232], [126.65785430067972, 37.15923958222155], [126.660651472889, 37.16211120709305], [126.6605899051764, 37.16347750537738], [126.65876585080399, 37.16482022812019], [126.65765212872128, 37.16737320377772], [126.65586075899189, 37.17349326353317], [126.65555248247406, 37.17766002154389], [126.65375531207323, 37.17921223513514], [126.65312213996935, 37.180239801264854], [126.65327584219717, 37.180918123009526], [126.65365095733769, 37.18137144339705], [126.65462466993354, 37.18137501478073], [126.65600898291373, 37.180926302452704], [126.65720610640429, 37.18027681013635], [126.65850247259444, 37.17842240234823], [126.66085991044551, 37.178026803841114], [126.66185553032076, 37.180114866164466], [126.66291790370008, 37.1813989691764], [126.66467292134661, 37.18238372921873], [126.66504571559524, 37.18331366098061], [126.66566181863013, 37.18619343248243], [126.66455616479017, 37.18742166986592], [126.66615164694338, 37.18903400105014], [126.6668418837827, 37.189211247682316], [126.66785089279331, 37.1885107476465], [126.66973322744118, 37.18914366056103], [126.66472709155555, 37.191465597815295], [126.65989260058468, 37.19047256229954], [126.65835620714665, 37.18989040293678], [126.65450988870631, 37.185860854143726], [126.65411181865323, 37.183674300870955], [126.65477499009698, 37.18279689911537], [126.65050403134354, 37.18253311898969], [126.64962253442954, 37.18290650510353], [126.64927288077065, 37.183760313552185], [126.65017623685806, 37.18526986094142], [126.65515206356066, 37.189654729459754], [126.65533753185377, 37.19038384563476], [126.65105680885321, 37.19108673342916], [126.6516223041361, 37.19164627310786], [126.65727472840905, 37.190957637476004], [126.66032662626046, 37.196299727333866], [126.66200243020629, 37.196769047464514], [126.66568384436634, 37.196351099181996], [126.66578962371446, 37.19576143554344], [126.67120929905117, 37.19438903270761], [126.66918054587532, 37.19646130689189], [126.67075216538514, 37.19712582632992], [126.67796391542399, 37.19761326083817], [126.67984694151895, 37.19827531177325], [126.68035298828454, 37.1996072360288], [126.6838879056919, 37.20122146441844], [126.68658245248625, 37.20220673408113], [126.69192718504459, 37.203141383358094], [126.69202663004987, 37.20491210021563], [126.6926888933601, 37.20635023077004], [126.69915882466074, 37.21373796030375], [126.69174691484616, 37.214298134470944], [126.69021437690883, 37.21302460034572], [126.68843599672167, 37.20754777347505], [126.6849014255527, 37.208287428828854], [126.68417822182727, 37.20945200690416], [126.67921390472783, 37.20717775824327], [126.67894385480479, 37.20395455656352], [126.67680404476101, 37.200789359174294], [126.67405807103995, 37.19969196071043], [126.67244932688517, 37.20022719892409], [126.6662331416349, 37.20864424337511], [126.66539814226766, 37.211681663996494], [126.66610524711933, 37.21674453781409], [126.66686560598737, 37.21793520878223], [126.66813431220687, 37.21799708095475], [126.67556745317557, 37.22110815660011], [126.6773847055116, 37.22359506444109], [126.67354261988362, 37.227779978061506], [126.67295851718372, 37.22958323945092], [126.67153950997204, 37.230301171217945], [126.66857318758643, 37.2291626686419], [126.66476785955078, 37.233643501942055], [126.66452886583822, 37.23678580849319], [126.66131252823857, 37.238231196325586], [126.65670286780956, 37.23780072248048], [126.65763290620889, 37.23594816900345], [126.6555734658693, 37.234755050655714], [126.65144223960138, 37.2387952240135], [126.64808034245569, 37.24901074918441], [126.64976982079938, 37.25158941197718], [126.64993564891519, 37.25417320471253], [126.65057204583694, 37.254175480875816], [126.65237439495056, 37.25075418603839], [126.65615000052392, 37.24800716253891], [126.65498084751789, 37.246813538319785], [126.6671437620187, 37.24439723310146], [126.66776863155235, 37.243196030694214], [126.66896601513744, 37.24266924573019], [126.67258931286062, 37.24409401263036], [126.67660683867086, 37.24647462078983], [126.6802848729785, 37.256017591502605], [126.67859211213434, 37.256912864863985], [126.67652794278143, 37.256832049252324], [126.67539870024535, 37.25742811331328], [126.6769062597962, 37.26073201504122], [126.67824859360893, 37.26134977010595], [126.67979620956176, 37.260588696922184], [126.67942779894031, 37.25901338284015], [126.67980773600746, 37.257965765180124], [126.6811246522867, 37.25721884947496], [126.6848696575481, 37.25940349526621], [126.68673297013392, 37.262706341796275], [126.69086341433713, 37.26256788867528], [126.69312019610082, 37.26152417105522], [126.69856421759266, 37.26153861481507], [126.70411372982487, 37.258628539684814], [126.70899372002923, 37.25864096142476], [126.71726267776064, 37.25611233724653], [126.72167116545889, 37.256797162566905], [126.72368152473446, 37.25752244565599], [126.72405357845102, 37.25842288581873], [126.72546087868156, 37.258576316415294], [126.72658991344882, 37.257829922388275], [126.72669013391942, 37.25595570314439], [126.72782268722257, 37.2542335682729], [126.72941738958453, 37.254462514256694], [126.73403087558412, 37.250349498974465], [126.73553096256033, 37.25072763411596], [126.73833498237488, 37.25395794571536], [126.7407115170711, 37.255150704560435], [126.74893364469531, 37.25578002208032], [126.75700779335006, 37.25504789974962], [126.75898155572062, 37.25400227007083], [126.76386592314451, 37.252812489750546], [126.76753961280235, 37.2483215882535], [126.77247515291765, 37.249014534914], [126.77517898923875, 37.2479314268819], [126.77588905234973, 37.24693072617071], [126.77761226228922, 37.237904762029444], [126.78173731882099, 37.234390867755934], [126.78641070349616, 37.232984768457015], [126.78514988608386, 37.23451067753094], [126.78309806481168, 37.23437094574413], [126.77829702582703, 37.239245332302744], [126.77777916465259, 37.240791432184686], [126.77806327506215, 37.245949095728285], [126.78936229592827, 37.244374674197786], [126.78952378023182, 37.247824570675206], [126.7880917065306, 37.25517465802262], [126.79304019141821, 37.25945208501984], [126.79153797842378, 37.26136189385381], [126.79011256252515, 37.266638882551014], [126.79011038211964, 37.26732166578365], [126.79228651786904, 37.268965074209206], [126.79613830634243, 37.270918123760936], [126.80217170425617, 37.26963106402892], [126.80927769437848, 37.2668085891995], [126.81047397844644, 37.267186257318635], [126.80991430257328, 37.268653379726835], [126.8083755742178, 37.26841229187245], [126.80502316870648, 37.27491529868852], [126.80360732717632, 37.27655200200574], [126.80056776907816, 37.277810664629705], [126.79919610324154, 37.27900373051409], [126.79936192012072, 37.27940452290927], [126.80107576148922, 37.27968993773705], [126.80260725694566, 37.282936915465235], [126.804487668692, 37.28365977911975], [126.80464424555693, 37.29318333865403], [126.81172538600889, 37.29339547334421], [126.8146372309547, 37.29280744855235], [126.81932277117858, 37.29053188222066], [126.82348700143955, 37.28643838247673], [126.82520201901293, 37.28309182578604], [126.82556200724068, 37.28106445830546], [126.82806391360921, 37.27707838640385], [126.8356138785131, 37.27657461862235], [126.83726441628102, 37.2749252075588], [126.83753252693579, 37.27219479223924], [126.83948461097215, 37.26955183631312], [126.84143009886574, 37.26765033152249], [126.84522980099607, 37.26589565954371], [126.84545797545849, 37.26492123512202], [126.84656402989161, 37.26406874161729], [126.84520014572124, 37.260860953665286], [126.84577126118384, 37.25975182768784], [126.84494039239077, 37.25984480151633], [126.84456524384879, 37.2608769537345], [126.84485194332376, 37.26160054907813], [126.84423061987617, 37.262865501487695], [126.84503085752428, 37.263494370748454], [126.84124633843676, 37.26632237666249], [126.83837706384195, 37.26383345951641], [126.8340586621866, 37.25770127088293], [126.8342044379853, 37.25412353257155], [126.83076517656885, 37.25363993359062], [126.82716373741906, 37.25126915405244], [126.82637230982972, 37.24865626238106], [126.82715511734432, 37.24296618819517], [126.82539241900548, 37.23912750964474], [126.82370121235066, 37.236848614375454], [126.82527045500565, 37.23518098034264], [126.82680808958452, 37.23541855642015], [126.82837512700526, 37.22983648058703], [126.83281106187316, 37.23046548478185], [126.83551802753738, 37.23134275971291], [126.83582726447797, 37.23215226718467], [126.83913256553127, 37.23213357593831], [126.8409314698871, 37.22928506258474], [126.84336639827481, 37.228701447460296], [126.84523241539311, 37.229156814219586], [126.84850929658711, 37.22734956183481], [126.84997582786534, 37.2261531332226], [126.85095810532442, 37.22310056783638], [126.85690599263823, 37.21422270953225], [126.86536841847062, 37.21173542994755], [126.86696257911933, 37.20943640843394], [126.86579695447625, 37.20430129592803], [126.86332733173724, 37.201329046876324], [126.87127940165847, 37.19783473546234], [126.87175601470092, 37.197009076477926], [126.87590277023014, 37.19383877791153], [126.87853371348925, 37.19425164335495], [126.88230088102269, 37.19724145462662], [126.88892048260796, 37.1970264059378], [126.89416974861608, 37.193029419843185], [126.89843003586182, 37.19505405782127], [126.89990363128334, 37.19404073115911], [126.90420762250497, 37.192444410179135], [126.91484642661902, 37.19184503949236], [126.91997010101714, 37.18964602739258], [126.91979510452771, 37.18794377402819], [126.92150556638441, 37.18295273788403], [126.92151532590559, 37.18139561325361], [126.92105609549691, 37.17920183245744], [126.91735550057325, 37.176535822166414], [126.9172135468884, 37.175862394066385], [126.91945943406553, 37.17052702339825], [126.92134685572134, 37.16831204108202], [126.91797885520465, 37.16723076061156], [126.91651541800934, 37.16730694470512], [126.9153626136366, 37.16525732734846], [126.9148731385553, 37.15997533516586], [126.91699006454567, 37.155736368330935], [126.9198986795726, 37.154321903264844], [126.92401162059515, 37.1581390573905], [126.92610525852074, 37.16102136081029], [126.92764198732297, 37.16160231053457], [126.93288479186639, 37.16110341020868], [126.93481920383248, 37.16163157760025], [126.93551903737296, 37.161172185157994], [126.93804644106014, 37.15700912610741], [126.9366134590224, 37.157118006561376], [126.93405394022838, 37.15024724842627], [126.92906378520084, 37.14792247189162], [126.9288243397768, 37.14616587508159], [126.92941934830093, 37.14454710505373], [126.93059510921017, 37.143532084975455], [126.93297439758177, 37.14354011620106], [126.93568283303456, 37.14547529677059], [126.93790113095332, 37.14518837261755], [126.93974452519757, 37.14439371767245], [126.94030162085306, 37.14347691397169], [126.94182745288708, 37.14307622864222], [126.94440684384632, 37.14440665149544], [126.94520617454809, 37.14529264912857], [126.94602974677332, 37.150577630712554], [126.95175238758937, 37.14854452106024], [126.95238380240632, 37.14813842570256], [126.95254550562686, 37.14552958812105], [126.95541794433336, 37.143513525384314], [126.95855502595832, 37.14254651844625], [126.96669422971675, 37.14360536236713], [126.96917074820259, 37.14471169295255], [126.97422151109444, 37.14331554179188], [126.97881983205372, 37.143292712143314], [126.98222387535303, 37.1414499856636], [126.98213914233189, 37.13519494509131], [126.98622968425391, 37.13122850049961], [126.98720876834506, 37.129721745041515], [126.99057882108823, 37.12871880537309], [126.99311934592698, 37.129808011417225], [126.99617521456254, 37.12918110233331], [126.99732215511207, 37.127886740956306], [126.99677383667415, 37.12473308140431], [126.99913797382357, 37.12363515812487], [126.9980983283942, 37.12308776706459], [126.9995140748086, 37.122409780316445], [127.0023398120118, 37.12387742024854], [127.00209593473345, 37.121902338128294], [127.00078989264968, 37.118620197706186], [126.9974412251868, 37.11264318803535], [126.99665501533205, 37.11198300078318], [126.99572816194984, 37.108204325333396], [126.99785335856164, 37.10445330875611], [126.99830804440207, 37.100568995660765], [126.99703591105522, 37.097129202626505], [126.99892736130154, 37.09258711173564], [126.99777231765893, 37.091264084542225], [126.99359342685008, 37.08958206752882], [126.99270759663008, 37.088591227025404], [126.99172606070108, 37.08477063740135], [126.99512804999782, 37.07004808930581], [126.98759825141184, 37.0704518273353], [126.98462666589226, 37.0716502390414], [126.9755436606324, 37.070601960732105], [126.97313629062577, 37.07202905942181], [126.96882702218485, 37.07342726688679], [126.96747840569111, 37.072069156468984], [126.96640427504788, 37.069106529253865], [126.96477702298068, 37.06885694075852], [126.96124506490948, 37.069818993303215], [126.95644783736903, 37.06826807108053], [126.95136834241606, 37.06856053471141], [126.94549324301518, 37.06556077903137], [126.94409063359001, 37.06329805525001], [126.94038363174214, 37.06081298212246], [126.93165480789838, 37.062694015664675], [126.93183391058795, 37.06325918221582], [126.93023889055513, 37.0671045357256], [126.92864721654965, 37.06803713494572], [126.9231835675876, 37.066403493774175], [126.92204522487859, 37.065299761436], [126.91487832652764, 37.065772864692164], [126.91039406605958, 37.06882669192409], [126.90576566676036, 37.069657689463305], [126.90489911227178, 37.07152247566107], [126.90597362626981, 37.072200732150186], [126.90574778631718, 37.07329933958881], [126.90491409371272, 37.073637689690514], [126.90206924696922, 37.072036886100356], [126.90107543770684, 37.070203119136316], [126.89622509631414, 37.068498508801206], [126.89137662014801, 37.067026953033086], [126.88376283917516, 37.066483933191584], [126.88253426991315, 37.06080540859113], [126.88120846552152, 37.058291427382315], [126.87242478731036, 37.046618091267625], [126.85804497058122, 37.02609916210266], [126.85310775280576, 37.02000238905766], [126.84692522269957, 37.015849018482555], [126.84323156722066, 37.014571147938156], [126.83806378381279, 37.01365453371029], [126.82101260580427, 37.01337566611827], [126.79691478942877, 37.01206008437089], [126.79665979739202, 37.01602035905196], [126.7950308742211, 37.01803577314037], [126.79456292376928, 37.02579170938629], [126.78905982430179, 37.02917186626013], [126.75100563879833, 37.02925100714912], [126.74881825380825, 37.03009803298015], [126.74475198869676, 37.036319035374454], [126.74435454464347, 37.03919427473869], [126.74479783128747, 37.04162415649687], [126.74836738352101, 37.04903504438102], [126.75658886207421, 37.056386047610744], [126.76895396770144, 37.06014062528667], [126.77018183857409, 37.06384627030056], [126.7665874058264, 37.06369564915305], [126.7628863708817, 37.062798354812024], [126.76133843339355, 37.068078872105126], [126.76412792489397, 37.06897283311109], [126.76405681622883, 37.07189296592806], [126.76349655308995, 37.07231878638696], [126.76277099365375, 37.07522245651324], [126.7636679736501, 37.08120438048854], [126.76494563996573, 37.08469850807186], [126.76423903261038, 37.08650595938139], [126.76559641300224, 37.089331276732054], [126.76659586847575, 37.08916957548874], [126.76710910186286, 37.09093612880792], [126.76628419002213, 37.09319394291147], [126.76823490887946, 37.09570139236917], [126.77033019223637, 37.10147993295316], [126.76982273074705, 37.10386103119655], [126.76904397371497, 37.102994263370896], [126.76634659876372, 37.10371901158259], [126.76526905933312, 37.104952900491064], [126.76534204149073, 37.10591785772094], [126.75827272116247, 37.11105692809683], [126.75817088180428, 37.11255487619278], [126.75980985231188, 37.11711721418873], [126.76873981757805, 37.12789596127057], [126.7739995003966, 37.128304607892225], [126.77551539825407, 37.12990158275344], [126.77609971580459, 37.13229927059282], [126.78270427741404, 37.13511701720868], [126.78682172845997, 37.13268778980963], [126.78748628195434, 37.129802786711394], [126.79492655193656, 37.129014530317896], [126.79576237722605, 37.13442010909334], [126.80112685600271, 37.13865465291217], [126.81037741914623, 37.14016009408119], [126.81194994624018, 37.13941430700984], [126.81538986617129, 37.1427491459748], [126.80764677975749, 37.144353728007445], [126.80451185855718, 37.151467719898996], [126.80045031527422, 37.15343253303656], [126.79953537712937, 37.15359048540151], [126.79477082880703, 37.150878330144565], [126.79031522357675, 37.149547757766655], [126.78749408948693, 37.15057903470362], [126.7827599495105, 37.15120737525601], [126.78124671206703, 37.152030935126106], [126.78553341913316, 37.1549018412933], [126.78831623415735, 37.155225061177866], [126.79498958584078, 37.15824520282931], [126.79760292295896, 37.162448850715606], [126.79576327248452, 37.16619904841053], [126.79575494238082, 37.169220911523674], [126.79618935453729, 37.17043023982663], [126.79200481334499, 37.17314556348512], [126.79259231002017, 37.17658227049722], [126.7955674164637, 37.17971432291861], [126.79728173676703, 37.1863258169843], [126.79710503013769, 37.1888808779548], [126.79530781596168, 37.18136008026209], [126.78861793997368, 37.1735771030703], [126.77797610534402, 37.16467678538359], [126.7664394210594, 37.164218330448826], [126.7599075518373, 37.1647275687746], [126.75304355203188, 37.166716024448185], [126.74923342867628, 37.1668823571325], [126.7465167134666, 37.1654837319657], [126.74680405788659, 37.161709846368275], [126.7464613309041, 37.16000063400451]]], [[[126.62665684888607, 37.17537623669208], [126.6306152952331, 37.17380876568049], [126.62808872400402, 37.16834243402649], [126.62602183562934, 37.165961061463996], [126.62240443239827, 37.16314565365243], [126.61821298777089, 37.15759690844408], [126.61447061375237, 37.15541580831007], [126.61464718477228, 37.15669146740799], [126.61688424984678, 37.15917412595396], [126.61747160020903, 37.161792991214206], [126.61624047265252, 37.17206978249621], [126.61675362024958, 37.1751137457303], [126.61898524685523, 37.17765854175017], [126.62182306899213, 37.17897695730503], [126.62665684888607, 37.17537623669208]]], [[[126.65789647984987, 37.20187433214438], [126.65812728319524, 37.20296113832387], [126.65879692845084, 37.203036879765165], [126.65889188534267, 37.20215870296756], [126.65789647984987, 37.20187433214438]]], [[[126.66163431995061, 37.20394598699509], [126.6602770460792, 37.204893994270236], [126.66214299981432, 37.205714046607895], [126.66335383871412, 37.20525278671511], [126.6632742564792, 37.2035339309881], [126.66163431995061, 37.20394598699509]]], [[[126.66734804881789, 37.274048364070566], [126.66668475773372, 37.275320271405135], [126.67285647261485, 37.2808856080024], [126.6786658041557, 37.28367524363765], [126.68016653852193, 37.283904200514584], [126.68496875543411, 37.2806180913855], [126.68001949460303, 37.27438357037469], [126.67091735962774, 37.27345822958582], [126.66875816095292, 37.273452101038075], [126.66734804881789, 37.274048364070566]]], [[[126.76278930260737, 37.26009009872433], [126.76202244586645, 37.260752285184196], [126.76216347249202, 37.261095749219265], [126.76564325043411, 37.26196693824817], [126.7664698586382, 37.25951466639361], [126.76278930260737, 37.26009009872433]]], [[[126.74588691215219, 37.2839187648893], [126.74491085411728, 37.283008821846956], [126.73752173279148, 37.28352594060313], [126.73507758187571, 37.2825964004877], [126.73423006208877, 37.2830922490638], [126.7347540177562, 37.285936085207915], [126.73665967018617, 37.28832135011213], [126.73941569883804, 37.28917962706288], [126.74061818796707, 37.289004826445556], [126.74246466514818, 37.287658751098675], [126.74538358956491, 37.28798519216027], [126.74588691215219, 37.2839187648893]]]]}}, {"type": "Feature", "properties": {"sgg": "41593", "name": "화성시효행구", "sidonm": "경기도"}, "geometry": {"type": "Polygon", "coordinates": [[[126.98486009603828, 37.19516845232166], [126.99522310848442, 37.19397024975787], [126.99744336176602, 37.1925070199337], [126.99766654836188, 37.190494453545035], [127.0070192394596, 37.18773262418657], [127.00784506905812, 37.18699690420797], [127.00242608866436, 37.18204803992761], [127.00461312694559, 37.18147697351799], [127.00455789657474, 37.18041448672718], [127.0030091093062, 37.17913793969035], [126.99976996436222, 37.177576071396665], [126.99649720676064, 37.178461362466315], [126.99515257906978, 37.17727254521086], [126.9952535935849, 37.17501377206125], [127.0000689382201, 37.17355367735002], [127.00653029279879, 37.168064181800894], [127.01239135073811, 37.167568971995635], [127.01662683318271, 37.1678454793493], [127.01904850562534, 37.167291952217525], [127.02809505248347, 37.163121926457094], [127.0269744188379, 37.16066126629116], [127.02975744049786, 37.15875914346949], [127.0304867791237, 37.156007184235925], [127.02783434211463, 37.153794922249325], [127.028073140464, 37.1521710524253], [127.03013131814123, 37.14952350242778], [127.03034084576876, 37.14637493582693], [127.02982448603517, 37.14531598252899], [127.03092089216351, 37.144415533739604], [127.03334424040806, 37.13875624683857], [127.03563343269566, 37.136019580557736], [127.03039621007055, 37.13457227581912], [127.03022959669066, 37.13397780903297], [127.02887179386084, 37.133374145400055], [127.02515737884838, 37.13278690865951], [127.02421863640261, 37.13322139418887], [127.01750491168617, 37.12992329244908], [127.0134601939253, 37.12897605058376], [127.00537499654037, 37.128096389779444], [127.0038318198885, 37.12695307279818], [127.00243007622905, 37.12438150518084], [126.99951877445744, 37.12351177976744], [126.99677383667415, 37.12473308140431], [126.99732215511207, 37.127886740956306], [126.99617521456254, 37.12918110233331], [126.99311934592698, 37.129808011417225], [126.99057882108823, 37.12871880537309], [126.98720876834506, 37.129721745041515], [126.98622968425391, 37.13122850049961], [126.98213914233189, 37.13519494509131], [126.98222387535303, 37.1414499856636], [126.97881983205372, 37.143292712143314], [126.97422151109444, 37.14331554179188], [126.96917074820259, 37.14471169295255], [126.96669422971675, 37.14360536236713], [126.95855502595832, 37.14254651844625], [126.95541794433336, 37.143513525384314], [126.95254550562686, 37.14552958812105], [126.95238380240632, 37.14813842570256], [126.95175238758937, 37.14854452106024], [126.94602974677332, 37.150577630712554], [126.94520617454809, 37.14529264912857], [126.94440684384632, 37.14440665149544], [126.94182745288708, 37.14307622864222], [126.94030162085306, 37.14347691397169], [126.93974452519757, 37.14439371767245], [126.93790113095332, 37.14518837261755], [126.93568283303456, 37.14547529677059], [126.93297439758177, 37.14354011620106], [126.93059510921017, 37.143532084975455], [126.92941934830093, 37.14454710505373], [126.9288243397768, 37.14616587508159], [126.92906378520084, 37.14792247189162], [126.93405394022838, 37.15024724842627], [126.9366134590224, 37.157118006561376], [126.93804644106014, 37.15700912610741], [126.93551903737296, 37.161172185157994], [126.93481920383248, 37.16163157760025], [126.93288479186639, 37.16110341020868], [126.92764198732297, 37.16160231053457], [126.92610525852074, 37.16102136081029], [126.92401162059515, 37.1581390573905], [126.9198986795726, 37.154321903264844], [126.91699006454567, 37.155736368330935], [126.9148731385553, 37.15997533516586], [126.9153626136366, 37.16525732734846], [126.91651541800934, 37.16730694470512], [126.91797885520465, 37.16723076061156], [126.92134685572134, 37.16831204108202], [126.91945943406553, 37.17052702339825], [126.9172135468884, 37.175862394066385], [126.91735550057325, 37.176535822166414], [126.92105609549691, 37.17920183245744], [126.92151532590559, 37.18139561325361], [126.92150556638441, 37.18295273788403], [126.91979510452771, 37.18794377402819], [126.91997010101714, 37.18964602739258], [126.91484642661902, 37.19184503949236], [126.90420762250497, 37.192444410179135], [126.89990363128334, 37.19404073115911], [126.89843003586182, 37.19505405782127], [126.89416974861608, 37.193029419843185], [126.88892048260796, 37.1970264059378], [126.88230088102269, 37.19724145462662], [126.87853371348925, 37.19425164335495], [126.87590277023014, 37.19383877791153], [126.87175601470092, 37.197009076477926], [126.87127940165847, 37.19783473546234], [126.86332733173724, 37.201329046876324], [126.86579695447625, 37.20430129592803], [126.86696257911933, 37.20943640843394], [126.86536841847062, 37.21173542994755], [126.85690599263823, 37.21422270953225], [126.85095810532442, 37.22310056783638], [126.84997582786534, 37.2261531332226], [126.84850929658711, 37.22734956183481], [126.84523241539311, 37.229156814219586], [126.84336639827481, 37.228701447460296], [126.8409314698871, 37.22928506258474], [126.83913256553127, 37.23213357593831], [126.83582726447797, 37.23215226718467], [126.83551802753738, 37.23134275971291], [126.83281106187316, 37.23046548478185], [126.82837512700526, 37.22983648058703], [126.82680808958452, 37.23541855642015], [126.82527045500565, 37.23518098034264], [126.82370121235066, 37.236848614375454], [126.82539241900548, 37.23912750964474], [126.82715511734432, 37.24296618819517], [126.82637230982972, 37.24865626238106], [126.82710304529496, 37.25112008014555], [126.82754842794432, 37.2518758317937], [126.83076517656885, 37.25363993359062], [126.8342044379853, 37.25412353257155], [126.8340586621866, 37.25770127088293], [126.83837706384195, 37.26383345951641], [126.84124633843676, 37.26632237666249], [126.84503085752428, 37.263494370748454], [126.84423061987617, 37.262865501487695], [126.84485194332376, 37.26160054907813], [126.84456524384879, 37.2608769537345], [126.84494039239077, 37.25984480151633], [126.84577126118384, 37.25975182768784], [126.84520014572124, 37.260860953665286], [126.84656402989161, 37.26406874161729], [126.84545797545849, 37.26492123512202], [126.84522980099607, 37.26589565954371], [126.84789699292581, 37.26595834199903], [126.84934329135906, 37.26867609304951], [126.85272497796203, 37.27203661068024], [126.8582243085853, 37.27417795776812], [126.87132164343637, 37.274709068262325], [126.87666801839984, 37.27772098882212], [126.87815434424299, 37.27923406705338], [126.87852941148839, 37.28394562882285], [126.87969351242724, 37.28566682167373], [126.88404641868198, 37.28161974454247], [126.88618096081777, 37.28052888796154], [126.88781029155507, 37.28078746038567], [126.89138944441457, 37.282479079202744], [126.89108587164769, 37.283845411968244], [126.89323449676482, 37.286773427623565], [126.89641092697711, 37.2889948062494], [126.89769862546504, 37.28905995592359], [126.89954818777986, 37.290203972228724], [126.89841236208623, 37.293997542886615], [126.90149946513064, 37.29097665252568], [126.90554556446901, 37.289887211774875], [126.91198472800116, 37.29014922986047], [126.9130901717357, 37.29153271115843], [126.91385491766198, 37.29146890590216], [126.91613162292106, 37.288673449515535], [126.91756428308713, 37.28539383570352], [126.92370587001082, 37.28136314591035], [126.92622298390428, 37.27912975913256], [126.92737455910199, 37.278797346317106], [126.9280206867846, 37.27707543695035], [126.92868182060445, 37.27671912876092], [126.9272646844167, 37.27143133965148], [126.92900819260379, 37.26365626709575], [126.93084573671328, 37.261042058333445], [126.93200388404736, 37.26056086890653], [126.93478405743784, 37.25788126654158], [126.93513238561015, 37.25691731279785], [126.93950404894069, 37.25658882270524], [126.94652972524321, 37.2575040886718], [126.95004611715697, 37.255843884866394], [126.94998261312715, 37.25381883601669], [126.95070776062946, 37.25237208598442], [126.95224433524223, 37.25147262969224], [126.95272101599312, 37.249093574321286], [126.9533657525033, 37.24812870864571], [126.95618808412476, 37.24677043022802], [126.95795860148625, 37.24259827223269], [126.95799209596402, 37.2412666709224], [126.95735073332276, 37.24039952081551], [126.95776467963022, 37.23976480644073], [126.96695423283646, 37.23562517684138], [126.96770032493929, 37.234836430516346], [126.969246441473, 37.23067355323894], [126.9703933011367, 37.229196744879594], [126.97282308219386, 37.228720831700635], [126.97822458087872, 37.229572911663595], [126.97990824350472, 37.23104058195826], [126.98036006627134, 37.23224480351824], [126.98572346354352, 37.23263666292667], [126.98811538016567, 37.233594619232015], [126.99038570059315, 37.232632028703954], [126.99264594823835, 37.23085245816746], [127.00368395585323, 37.229291369782516], [127.00809612297202, 37.22784499164046], [127.00312916695495, 37.2227966633126], [127.0034258223203, 37.220050206618225], [126.99951311352272, 37.219655267756046], [126.99385535624084, 37.21686903140281], [126.9798352307591, 37.21263932262515], [126.97923211248936, 37.20917754721816], [126.97998573485434, 37.206822627521106], [126.98510283092918, 37.201941296313784], [126.98556588185264, 37.20023289868863], [126.98373180748975, 37.197582202787785], [126.9842175984551, 37.195726780358086], [126.98486009603828, 37.19516845232166]]]}}, {"type": "Feature", "properties": {"sgg": "41595", "name": "화성시병점구", "sidonm": "경기도"}, "geometry": {"type": "Polygon", "coordinates": [[[127.04985225942855, 37.19595979244593], [127.04609860011163, 37.196263973755386], [127.04250711207189, 37.19763832290502], [127.04154257419783, 37.197490738047236], [127.03872316287297, 37.19832787147226], [127.03688785120988, 37.19994211265703], [127.02665101671123, 37.200417705675434], [127.02413034878757, 37.19784423796193], [127.01752759400223, 37.19546148590908], [127.01360426018219, 37.19480882619722], [127.01103647065358, 37.19375152983414], [127.00981837133574, 37.1924045003446], [127.00784506905812, 37.18699690420797], [127.0070192394596, 37.18773262418657], [126.99766654836188, 37.190494453545035], [126.99744336176602, 37.1925070199337], [126.99522310848442, 37.19397024975787], [126.98754924291661, 37.194590822420174], [126.98476532587725, 37.19522775816754], [126.98386870955342, 37.19649271372148], [126.98373180748975, 37.197582202787785], [126.98556588185264, 37.20023289868863], [126.98510283092918, 37.201941296313784], [126.97998573485434, 37.206822627521106], [126.97923211248936, 37.20917754721816], [126.97974262444933, 37.21248229757727], [126.99385535624084, 37.21686903140281], [126.99951311352272, 37.219655267756046], [127.0034258223203, 37.220050206618225], [127.00312916695495, 37.2227966633126], [127.00809612297202, 37.22784499164046], [127.01359635547969, 37.226875044338954], [127.02137129523447, 37.22423632268805], [127.02198564328184, 37.22445626661676], [127.02395591418437, 37.2271841771877], [127.02289852640207, 37.22951454847343], [127.02964391368278, 37.23201023832599], [127.0366998915232, 37.238400803242776], [127.03713719682615, 37.240500473312274], [127.03968326246633, 37.24350305425567], [127.04028628719378, 37.24330712083681], [127.04084753133411, 37.2437695927672], [127.04103544175972, 37.2450373306478], [127.04042661129985, 37.24700449520929], [127.04109033038665, 37.24737441676272], [127.04262323978682, 37.24675055836817], [127.03912169709646, 37.23723913429771], [127.0416427665501, 37.23519800329479], [127.04421403256477, 37.23443789148837], [127.0449794998904, 37.233793021706425], [127.04498933939965, 37.233173413920106], [127.04594803705946, 37.232787118152984], [127.04950130466591, 37.23408854868522], [127.05166042533368, 37.234314662996674], [127.05362148473142, 37.23344385504144], [127.05383373689268, 37.23231679604334], [127.05255806454186, 37.23106016184879], [127.05827468337701, 37.23413173691389], [127.06325900249342, 37.23916712186339], [127.06440116376572, 37.23927268130704], [127.06499941626545, 37.240036814889926], [127.06667990835032, 37.24014808570359], [127.06805168409994, 37.238756500421175], [127.06842620333403, 37.23764744506829], [127.06799639340564, 37.234681443555054], [127.06876647951148, 37.230111850370626], [127.07071023090404, 37.2289126029386], [127.07260253359519, 37.22916238452791], [127.07455991747064, 37.228133924748334], [127.0748248840411, 37.226742233344446], [127.07558339692721, 37.22589990688454], [127.07260630589953, 37.22612129485424], [127.06824823479596, 37.22313190303401], [127.06752969351281, 37.22214120060563], [127.06822195452655, 37.22033191212572], [127.06908627127135, 37.21972435869563], [127.07071530106491, 37.21370214188792], [127.06437508597052, 37.2120757921021], [127.06180523015026, 37.220405246154485], [127.06032534012314, 37.221475811504355], [127.05587298878396, 37.21822767140721], [127.05283554734059, 37.21485955345017], [127.05627036678311, 37.212202156878604], [127.05622301195177, 37.210666214297405], [127.05387472667749, 37.20813346219639], [127.05142526295984, 37.20874169585873], [127.05103129742419, 37.21026580626507], [127.0513411696315, 37.21087085211746], [127.0505082954517, 37.211807764386236], [127.04883812048351, 37.209395505350024], [127.04891175765927, 37.2066104492692], [127.05282704457214, 37.20293404334265], [127.0530959232858, 37.2020066111913], [127.04994079912281, 37.19794748708186], [127.04958480529231, 37.19684061637623], [127.05040747069674, 37.196326586017896], [127.04985225942855, 37.19595979244593]]]}}, {"type": "Feature", "properties": {"sgg": "41597", "name": "화성시동탄구", "sidonm": "경기도"}, "geometry": {"type": "Polygon", "coordinates": [[[127.13307641931894, 37.16671508842868], [127.13378607816463, 37.16612009776966], [127.13383224261527, 37.16486727671446], [127.13120633746792, 37.162870390799036], [127.12914510966604, 37.16202677192796], [127.12794355420098, 37.160723843098374], [127.12788179999275, 37.15982336351027], [127.12882948826955, 37.15848210150787], [127.13059292006076, 37.15179025771865], [127.12943638149841, 37.14864562646226], [127.1270792773717, 37.145649477492405], [127.11895160567077, 37.14377685300055], [127.11412940584704, 37.14461646959946], [127.1108807022752, 37.14381485792879], [127.10923126288027, 37.142686038086715], [127.10400694533077, 37.14195095127699], [127.10364660198648, 37.14357454892091], [127.10094927307202, 37.146087206018066], [127.09921473154738, 37.15115748284594], [127.09775603738964, 37.1517009264326], [127.0982024635132, 37.15287755166528], [127.09872743035082, 37.153084974608426], [127.09799023590622, 37.15585079615151], [127.09570704355747, 37.157412825428494], [127.0951751108636, 37.15850777870878], [127.09386111016404, 37.15945250111411], [127.09162183277257, 37.15946505316917], [127.08895355840001, 37.160524542726584], [127.0838205058632, 37.16084804457762], [127.08324078076029, 37.161697961035514], [127.07987794417186, 37.161353139936004], [127.07890490410249, 37.162515002188066], [127.0762516976428, 37.162172597577445], [127.07539281900019, 37.16260039635024], [127.07590068492492, 37.16367939717052], [127.07346781981225, 37.16549208242126], [127.07321473435535, 37.1669796403418], [127.07127447117107, 37.16820649885931], [127.07136550301254, 37.169421104996374], [127.07072333733072, 37.1704567910619], [127.07072820079858, 37.173923371130456], [127.0722943356721, 37.17396820459094], [127.07302525921163, 37.17455839338753], [127.07221798246965, 37.17597583085148], [127.07186948358898, 37.18308556060721], [127.07105904208225, 37.18403760461313], [127.06606117303959, 37.184316260900445], [127.06532443080881, 37.186445406596384], [127.06814255734976, 37.189147523656295], [127.06863618418403, 37.190618454132235], [127.06564660929077, 37.19215585724556], [127.0660226865167, 37.19571779068923], [127.06497235523975, 37.197748879515956], [127.06146608313912, 37.199400718442], [127.0566159158458, 37.19720520837618], [127.05441219589108, 37.19746285478773], [127.05172597844268, 37.19701779179435], [127.05040747069674, 37.196326586017896], [127.04958480529231, 37.19684061637623], [127.05000985690259, 37.19806029616796], [127.0530959232858, 37.2020066111913], [127.05282704457214, 37.20293404334265], [127.04891175765927, 37.2066104492692], [127.04883812048351, 37.209395505350024], [127.0505082954517, 37.211807764386236], [127.0513411696315, 37.21087085211746], [127.05103129742419, 37.21026580626507], [127.05142526295984, 37.20874169585873], [127.05348713434707, 37.208166931222685], [127.054381412222, 37.20844973486483], [127.05622301195177, 37.210666214297405], [127.05627036678311, 37.212202156878604], [127.05283554734059, 37.21485955345017], [127.05587298878396, 37.21822767140721], [127.06032534012314, 37.221475811504355], [127.06180523015026, 37.220405246154485], [127.06437508597052, 37.2120757921021], [127.07071530106491, 37.21370214188792], [127.06908627127135, 37.21972435869563], [127.06822195452655, 37.22033191212572], [127.06752969351281, 37.22214120060563], [127.07058042963456, 37.22494552482197], [127.07321953262532, 37.226317297646375], [127.07558339692721, 37.22589990688454], [127.08232467998782, 37.21982812080007], [127.08896314367269, 37.21635856570277], [127.09558244025135, 37.218293294333165], [127.10464549323467, 37.21985516109881], [127.11517517236503, 37.21914618201571], [127.11738471629546, 37.219964561509755], [127.12671525292849, 37.21751212591331], [127.12965728435836, 37.217456009393885], [127.13617576844422, 37.21564072428447], [127.1400208284669, 37.21750373403473], [127.14429921732761, 37.21864116233241], [127.14846968844893, 37.21907389330226], [127.1512532132659, 37.218723812368964], [127.15160402018091, 37.21854357488899], [127.15171809087629, 37.21413927716269], [127.15776878111936, 37.20716767796265], [127.1558867972433, 37.205953334404775], [127.15536722913419, 37.20346273629585], [127.15431100443907, 37.202120491585084], [127.15338581255322, 37.20190741133056], [127.15195695744559, 37.19910601898741], [127.15284612233475, 37.197231603814], [127.15545589464939, 37.19773522795958], [127.15571974196577, 37.19665986109267], [127.16095850981604, 37.19163878503641], [127.16131889933395, 37.19041389877723], [127.16025709589968, 37.18598606245333], [127.15907821780459, 37.18413478481523], [127.16067308168475, 37.180357942533], [127.15923126974118, 37.17794811543492], [127.15762283267158, 37.17678859303235], [127.15563396484512, 37.176763674642004], [127.1511488477143, 37.171604619935955], [127.1484078926318, 37.1696753840016], [127.14559625634993, 37.16964559997646], [127.1438323413319, 37.17018003209921], [127.13939351572871, 37.16945561860635], [127.13326153409945, 37.16919792571139], [127.13255329650265, 37.16818276975648], [127.13307641931894, 37.16671508842868]]]}}, {"type": "Feature", "properties": {"sgg": "41610", "name": "광주시", "sidonm": "경기도"}, "geometry": {"type": "Polygon", "coordinates": [[[127.23902751406511, 37.3592554581603], [127.23805875667549, 37.36042396165252], [127.2354127200044, 37.358408011419804], [127.23369288947218, 37.35798953077233], [127.22923521320403, 37.35919176028673], [127.2250056884878, 37.3552823830758], [127.22262083425262, 37.35437542797486], [127.21966657474674, 37.35440339247834], [127.21863148291284, 37.35563245710188], [127.21701502261115, 37.355209654113864], [127.21669951009993, 37.35464758696576], [127.21791532051118, 37.35219587012376], [127.22158099792352, 37.34930043810087], [127.22357841607864, 37.345930548610376], [127.22287107302004, 37.345624675475975], [127.22115423306161, 37.34696483508091], [127.21945718155516, 37.3465720995686], [127.21831480046816, 37.34504947466637], [127.21810243695178, 37.34276953079601], [127.21681128438924, 37.34067184700131], [127.21410568363373, 37.33806805088349], [127.21264937888812, 37.33742019501802], [127.20846199298683, 37.330995441095226], [127.20147354280654, 37.32860848767613], [127.20041157135093, 37.32902156856432], [127.19692191195921, 37.33472073704905], [127.19826239307453, 37.339494750587306], [127.19802794744616, 37.341447979702046], [127.19608498100679, 37.34404343745781], [127.1916208150132, 37.3472419487724], [127.17876396170762, 37.34322360697194], [127.17673482650605, 37.34441557927061], [127.17376335392056, 37.344667916772316], [127.1620637026494, 37.34331792498792], [127.15755444436003, 37.34106501291797], [127.15266953983763, 37.34000516397111], [127.14820193755428, 37.33770018770808], [127.14185843051624, 37.336314426384206], [127.13954485484308, 37.33883917035849], [127.13634402208058, 37.33964062278096], [127.13727002734772, 37.339730223946574], [127.1378724015942, 37.340358532766764], [127.13802387859106, 37.34408059373377], [127.1330254009419, 37.348396350271244], [127.13247945415542, 37.3490968819981], [127.13285549753294, 37.350536611872386], [127.13173657886057, 37.35120127164445], [127.1339446102722, 37.358477799991036], [127.1394819152213, 37.359960688320946], [127.14443214395307, 37.35938863911604], [127.15019197074653, 37.361353927152194], [127.15285403079064, 37.363535230316685], [127.15619050950484, 37.36861187463357], [127.16052109061826, 37.37278529021694], [127.16112557834468, 37.37576096142275], [127.1609786550244, 37.377950442632056], [127.16169008470975, 37.37971360263005], [127.16793571070426, 37.38035100269824], [127.17345123672445, 37.382672770073654], [127.17651174013764, 37.38487239346137], [127.17718974905127, 37.386551082230426], [127.17681186712497, 37.387247493904376], [127.16829158722578, 37.39267611966476], [127.16835948132105, 37.39490505057439], [127.17082894197797, 37.39791122031992], [127.17189350042014, 37.40153995892479], [127.17425924843835, 37.40542693949518], [127.17500811268476, 37.40585376527822], [127.17715341278021, 37.40901671566778], [127.17786450373907, 37.41265223387876], [127.17695761262834, 37.41464752878672], [127.1790022374182, 37.41582375984261], [127.1802577417367, 37.41590262345924], [127.18290490990108, 37.41489686082406], [127.18488976233455, 37.41534496877871], [127.18572628160163, 37.418677778939276], [127.19137287368767, 37.42206379873072], [127.19382629736137, 37.424083624859186], [127.19463802974579, 37.42539347415219], [127.19335894221092, 37.42609698689695], [127.19439895628815, 37.42987080482462], [127.19523060864046, 37.431031221967686], [127.19378904369479, 37.43392420834538], [127.19365607434285, 37.439163116790084], [127.19596143208892, 37.44387878897706], [127.19472809130455, 37.44901793428576], [127.19236868963566, 37.455335155509765], [127.19099094021566, 37.45735319679481], [127.18960846177194, 37.458163549404986], [127.18338128744051, 37.45909018661274], [127.18160443928619, 37.460469014384735], [127.18202610284817, 37.467894001886066], [127.18097046013372, 37.471792995789535], [127.18105370146309, 37.473289546856094], [127.1808704815818, 37.47379639741742], [127.177828190005, 37.47489699226256], [127.17584124283789, 37.47677005459245], [127.17579207698006, 37.48527851442624], [127.17765365708102, 37.48553996897955], [127.18318620903972, 37.4835717949962], [127.18547243226114, 37.48101595573664], [127.18842052989572, 37.48027220334822], [127.19238228827462, 37.480723127156615], [127.19804284954179, 37.47958510685328], [127.20133201436404, 37.48043960853157], [127.2025856145696, 37.48170574909062], [127.20414913298374, 37.48063599926217], [127.20683876645876, 37.480311451186104], [127.21573197308597, 37.48230148033377], [127.22615205734617, 37.479732464840126], [127.23746092972115, 37.47493131513384], [127.2393616384808, 37.475141710982925], [127.24173640546135, 37.47686403136434], [127.24622324522292, 37.47781568270298], [127.2470354145852, 37.4805870004807], [127.2482579902374, 37.48192914437338], [127.25379702764393, 37.48460542412811], [127.25369912186541, 37.48646322077407], [127.2553960717006, 37.48791005929766], [127.25765061964499, 37.48878452404513], [127.2589616596115, 37.49020986391182], [127.25914511570146, 37.49211136755402], [127.25792588163476, 37.49462368556889], [127.25553463919462, 37.49615333582832], [127.25326850308358, 37.50325250388836], [127.2543946871939, 37.50595671669129], [127.26120171795303, 37.507242700529396], [127.26844194432617, 37.50622166930264], [127.2714232204241, 37.5076358566396], [127.27622097880236, 37.508227549424966], [127.27793972492702, 37.5095501638943], [127.27821044060772, 37.51127568179398], [127.27957077488571, 37.51257616584707], [127.28320094301928, 37.51353607593698], [127.28758295516984, 37.51349671607281], [127.28797525804482, 37.50907735956804], [127.2893354746461, 37.50700663387825], [127.2923967949354, 37.5071393714671], [127.2978713150879, 37.50888514095135], [127.30128043720113, 37.51054830799851], [127.30450858571203, 37.51333102094508], [127.31735899636578, 37.529208848224435], [127.32286862927718, 37.53308966828616], [127.32596461754093, 37.53414097615865], [127.34786645003605, 37.53574634910565], [127.35554726184687, 37.534148192161844], [127.36418978842606, 37.52997140867596], [127.36636293174993, 37.527804075950854], [127.37155677268399, 37.52012009065535], [127.38072715734745, 37.504281460539204], [127.38356166368902, 37.502623639463174], [127.38046284585647, 37.49001342096494], [127.38881113189984, 37.47563487496604], [127.38868654073728, 37.4743210099048], [127.38653447715852, 37.469917963028834], [127.38698291497255, 37.46735968441734], [127.38521440641418, 37.459901377378536], [127.38183821826173, 37.45837924182188], [127.37799094777296, 37.458782067775914], [127.36798516634714, 37.45694717046778], [127.36773412939674, 37.456240438938224], [127.3721440548653, 37.45198770141574], [127.37263928721596, 37.44910244332545], [127.37241110945268, 37.44490404693382], [127.38230733408454, 37.443129593597604], [127.38436507618927, 37.43745859376666], [127.3839967703861, 37.43531070476888], [127.38448485678104, 37.43445600214215], [127.38929012950771, 37.428817982380856], [127.39488107417733, 37.426107662697916], [127.39884963439536, 37.42237268459017], [127.40063027855071, 37.42138038465177], [127.40097724530237, 37.41849946068731], [127.39821366260345, 37.415751518681404], [127.39830889105122, 37.41533357971125], [127.4001771784427, 37.41310763803624], [127.4040570834388, 37.410075453602204], [127.40963638959502, 37.4077587951948], [127.41196642252224, 37.40517133698749], [127.41290340176893, 37.40286449535927], [127.41231900370877, 37.400768351673605], [127.4128064049299, 37.39819977406715], [127.41741784468245, 37.38949460145328], [127.42028465483268, 37.38660650859425], [127.42156892487994, 37.38592231470699], [127.42516271393607, 37.38577366266161], [127.42973843731588, 37.38802767488343], [127.43542978915404, 37.386416316669724], [127.44249918466888, 37.38737993913745], [127.44447957288547, 37.38552403461765], [127.4452832433907, 37.38132959161077], [127.44366905771346, 37.376126886283245], [127.44375774468062, 37.36978856166204], [127.44592026105894, 37.363421628293246], [127.44597356346897, 37.36082449705456], [127.4358393037185, 37.35489618752952], [127.43378781296767, 37.35080613115742], [127.43018341192496, 37.34670949741229], [127.42367710307037, 37.34410947440209], [127.42207374574946, 37.34302571240025], [127.42119431385548, 37.341780006668806], [127.42155358816572, 37.34030196461777], [127.4198345547717, 37.337843394089916], [127.41497032959882, 37.33411161860609], [127.41260552088312, 37.333987080839634], [127.4079837841495, 37.33091884401304], [127.40502898366928, 37.327671496433005], [127.39990711613139, 37.32723573281526], [127.39363574402033, 37.32354243672257], [127.3926337894429, 37.32222437083995], [127.39250567316668, 37.32098026386948], [127.39003178157247, 37.31959779917772], [127.38717456627762, 37.318887515265246], [127.3814811526868, 37.31900589152841], [127.37838833382497, 37.31934300253666], [127.37679740882186, 37.32069234756541], [127.37591135338657, 37.320729730938545], [127.37268396842106, 37.3187195749346], [127.37211833674336, 37.31700068377441], [127.36960109339135, 37.31523232998523], [127.3673899882867, 37.31511945295336], [127.36499540165022, 37.31658404823927], [127.36336403130642, 37.31577172249124], [127.36361600977582, 37.31217211066504], [127.36494744998951, 37.3099302911152], [127.36493592771433, 37.30848579222061], [127.36432024092002, 37.30768397285376], [127.36131309038055, 37.30719035329091], [127.35771731380953, 37.30507343812418], [127.3570259943731, 37.30366868099017], [127.3545011914262, 37.30147633824975], [127.35449145549468, 37.3006729568334], [127.35511194014082, 37.29999541725517], [127.35711417174497, 37.298811388188255], [127.35754611276553, 37.296381490547574], [127.35714117461356, 37.29460415034164], [127.35455801487426, 37.29433054096348], [127.35308393162583, 37.29231998232193], [127.34801499995044, 37.29000692326834], [127.3473853374669, 37.29000385959168], [127.34600145050156, 37.29125388337048], [127.34316651410447, 37.29105974164129], [127.34014667082197, 37.288107596185874], [127.34245968607178, 37.28603602093008], [127.34318667522399, 37.282361273283854], [127.34815017375388, 37.27923650862951], [127.3490613270996, 37.27697966756866], [127.34503406521246, 37.27403139287273], [127.34331146814745, 37.27317842974157], [127.34042991168467, 37.27268557013079], [127.33892882645218, 37.27142936014392], [127.33879971089392, 37.27053918912106], [127.33664605671228, 37.2712066195569], [127.33089373447451, 37.27023854995333], [127.32297531071607, 37.274091728280986], [127.31921003807078, 37.274979550659594], [127.31655225951067, 37.27381603631525], [127.31072641619578, 37.27328431734384], [127.3055601873598, 37.2708666889142], [127.30413532781289, 37.27092969165308], [127.30276917563313, 37.269581004558106], [127.30284889442498, 37.26738054532162], [127.30215841626527, 37.2661748965822], [127.30112950116215, 37.26567678923101], [127.30038835757718, 37.26618101428167], [127.2990070471565, 37.26925545255499], [127.29667565909887, 37.270492203964686], [127.29148383162354, 37.27164835916163], [127.28741784666886, 37.27083775509636], [127.28457445226393, 37.26898249144668], [127.28118272009294, 37.269100213641394], [127.2800582286777, 37.269628829232346], [127.27593563398715, 37.273726974142484], [127.27572674904125, 37.27474966682066], [127.27625840153564, 37.275176546101925], [127.28051538118105, 37.2770358015257], [127.28175679347704, 37.278043156467234], [127.27994575219124, 37.28550563463439], [127.27854568429277, 37.28663540425772], [127.27779638374172, 37.29039846086429], [127.28151739807274, 37.29695853990306], [127.28168870529016, 37.29795489844158], [127.27860339037379, 37.3054397161021], [127.27896277939128, 37.306739593923695], [127.27726426420323, 37.30920620244352], [127.27948674480379, 37.313768036404134], [127.28175377730689, 37.31643360247319], [127.28311104570231, 37.3190737039317], [127.2820521945047, 37.322278556329415], [127.28232167390112, 37.327413604865896], [127.28036626476043, 37.328084908036075], [127.27978884632017, 37.3301344993593], [127.28015182293696, 37.33219485211826], [127.28110939430003, 37.333831563191715], [127.28099155990785, 37.33459192470906], [127.28323923321695, 37.33658919244681], [127.28367385647293, 37.33855727112602], [127.28334323898032, 37.34531376107707], [127.28080333463544, 37.346164217851], [127.27441631764286, 37.342934254015944], [127.26892275846946, 37.3423535230243], [127.26503211032835, 37.342676439596644], [127.26358245150894, 37.34423250755313], [127.2613796997845, 37.34839813260183], [127.25835298223059, 37.34975533748507], [127.25441695861753, 37.350757912469554], [127.24691409029766, 37.355646201546996], [127.24356049531252, 37.35453422172218], [127.24186741733621, 37.353312540684065], [127.23981650254045, 37.354163238037366], [127.23889575388742, 37.355526809629374], [127.23902751406511, 37.3592554581603]]]}}, {"type": "Feature", "properties": {"sgg": "41630", "name": "양주시", "sidonm": "경기도"}, "geometry": {"type": "Polygon", "coordinates": [[[127.0029304407646, 37.750538658846374], [127.00242972731749, 37.74457994646976], [127.00289682876392, 37.74389691366252], [127.00457080312002, 37.74317608469071], [127.00316482557648, 37.74252336078094], [127.00219622395967, 37.7405703357762], [127.0031079370001, 37.73864536658834], [127.00979863224529, 37.73011869290369], [127.0096758430208, 37.729056874236214], [127.00872555638571, 37.72807160210406], [127.0108879596336, 37.726253160361026], [127.01262952360494, 37.72576013851769], [127.01262874457586, 37.723715252007935], [127.01149516508626, 37.72234842047822], [127.01360139501568, 37.71932532651937], [127.0141396936362, 37.71921036400806], [127.01357453017289, 37.71736031729457], [127.01275538340043, 37.71650743578269], [127.01338341935049, 37.714162076881514], [127.01952772209695, 37.70804135795727], [127.01939376315842, 37.707264545181125], [127.0154681940325, 37.70327587974166], [127.01584584752527, 37.70102523886384], [127.01493890079041, 37.69854511226571], [127.01194831324597, 37.698244347313334], [127.00883723674526, 37.694611470455406], [127.00805516101765, 37.690548634828936], [127.00808620042461, 37.68902624633317], [127.00896399813244, 37.68710730770118], [127.00862503813086, 37.684869471420576], [127.00386407815417, 37.685143597859465], [126.99798606038159, 37.68382418780206], [126.9937992044603, 37.68024941799904], [126.9911576286972, 37.679409952400334], [126.98928168543495, 37.68154701330274], [126.98085935565803, 37.68594365185701], [126.97299229596429, 37.68667708421989], [126.9657738638618, 37.69235669431074], [126.95995647569907, 37.6914920881918], [126.95444350902818, 37.692646341580186], [126.95254967809349, 37.689211503807535], [126.9510074889552, 37.68772152482571], [126.94789956063224, 37.68689694743677], [126.94479238283098, 37.68512589794018], [126.94307704771684, 37.67943043072641], [126.94471026331976, 37.676926597810294], [126.94457848317984, 37.676452986960676], [126.94292742255945, 37.67308887593013], [126.93982164432147, 37.670756645126566], [126.93816030566809, 37.6714292249847], [126.9319512863673, 37.67236390631091], [126.93005600838026, 37.6722927965117], [126.92802928084396, 37.670697772956665], [126.92080639807077, 37.671857910869136], [126.92036057644988, 37.66958549892627], [126.91296572829707, 37.66873434970982], [126.911340969884, 37.66870371869899], [126.90805166764257, 37.67026007440398], [126.9061422220245, 37.67339949040132], [126.9064020000177, 37.67486432891878], [126.90688232822966, 37.675421010501395], [126.9072911852867, 37.674276178863956], [126.91029645358645, 37.67379776649286], [126.91240755986479, 37.67562109863289], [126.91450296624578, 37.679003611177336], [126.91476279630402, 37.6799422811022], [126.91401854540979, 37.682198662742564], [126.91414937941057, 37.687913721600964], [126.91579233364995, 37.691100172019844], [126.91873998138955, 37.69417800061326], [126.92174073217059, 37.699032985711675], [126.92275250626602, 37.70258916080597], [126.92241315469802, 37.703072287788835], [126.9233941094751, 37.705981363127705], [126.92466854489105, 37.707869015672074], [126.92454154955907, 37.71173056490976], [126.9204654977077, 37.71367729972487], [126.92308127628426, 37.71624468554184], [126.92504064412448, 37.71991024363328], [126.92307215334297, 37.72501333428065], [126.92341193740103, 37.72856848823685], [126.92203816961907, 37.72920057144929], [126.92188584920495, 37.730182263195154], [126.92261198903756, 37.73193776221231], [126.92642601837372, 37.73512553838867], [126.92856758285957, 37.736031733677294], [126.93006454853047, 37.73590152990437], [126.93102403970393, 37.73750600669212], [126.93005746677217, 37.74283826984814], [126.93299466834836, 37.745381570486195], [126.92973676495457, 37.748117300703576], [126.93154971988658, 37.75187442474892], [126.93200164341081, 37.75391695934287], [126.93164579348861, 37.755359603460455], [126.92869340965667, 37.75759073326544], [126.93089710020699, 37.763067874229684], [126.93391021676048, 37.7675831413538], [126.93280019785661, 37.77068639903912], [126.936291199406, 37.77420810549826], [126.93338397574834, 37.77993680008315], [126.9351666806834, 37.78274719651536], [126.93679472487071, 37.78425220551281], [126.93811523886998, 37.786943382565674], [126.93209545250888, 37.7887836164679], [126.92721060712641, 37.785081492750315], [126.92127506461964, 37.78821045737831], [126.91952105458252, 37.790394267122615], [126.91460451749597, 37.791675714563816], [126.91203734954155, 37.792076407149686], [126.90649367156188, 37.790972672454245], [126.90389467124947, 37.79094941161407], [126.9052954676804, 37.79663811928648], [126.90554703218832, 37.802097940149274], [126.90671927313217, 37.803593261178186], [126.90987798875119, 37.8046546439246], [126.91191090560268, 37.80614520835053], [126.9116401126658, 37.80823939656134], [126.90878555100484, 37.810505411986114], [126.90871535442012, 37.81200686236008], [126.91012742471455, 37.81462209812104], [126.91021627566545, 37.81648486728863], [126.90562179155717, 37.82005122229436], [126.90230760650456, 37.82472352968232], [126.9029901534786, 37.826387606181704], [126.90919346902804, 37.828544838276294], [126.91136100605827, 37.828636808610234], [126.91300338282078, 37.83602893788213], [126.91192503207964, 37.83846386348851], [126.91237977321197, 37.84023604065236], [126.91393019712237, 37.8410695851872], [126.91932851472042, 37.84163485496827], [126.9253312111924, 37.841585435752805], [126.92643777686104, 37.838574844233335], [126.9272828301592, 37.83805056759223], [126.93297616252924, 37.83857044420197], [126.93648521599881, 37.84079098368371], [126.93451225021502, 37.846243278914834], [126.93561986809411, 37.84938864916087], [126.93886629612291, 37.85249900979274], [126.93850349266448, 37.8540610389008], [126.93976514902383, 37.85698613834997], [126.94283093134581, 37.86254706551244], [126.94507941118124, 37.8646791198053], [126.94633973135406, 37.86698562157968], [126.9461196255796, 37.86829147113385], [126.94492539576464, 37.87033232877164], [126.94426435611797, 37.87363234550649], [126.94567498232648, 37.87546930366309], [126.94709910848029, 37.879472181754885], [126.94649466825591, 37.88047210307718], [126.94808315013785, 37.88464915309495], [126.94599632321982, 37.88846205776746], [126.948179927867, 37.893757816930155], [126.94853522865957, 37.89674776409954], [126.94711154945112, 37.89843663841207], [126.94673355848859, 37.89964260677463], [126.94762092788382, 37.9025680962705], [126.94917700837136, 37.905350248931285], [126.95083818204537, 37.90720904417889], [126.95316114441194, 37.90870696336885], [126.95473027363586, 37.912469289535764], [126.95055857095802, 37.91679524642735], [126.9496002574581, 37.918965136313126], [126.95632563506473, 37.9223435714647], [126.9571681152193, 37.922271968348646], [126.96001730621946, 37.92016366867159], [126.9620025582077, 37.92291156280491], [126.96154669257555, 37.92428169482425], [126.9618424060857, 37.925273341807205], [126.96304889206857, 37.927076916136684], [126.96505301442588, 37.92823970117355], [126.96409368957394, 37.93294008401302], [126.96443236258423, 37.93831331544984], [126.96481916082074, 37.93901695473836], [126.96689301855906, 37.93934182041535], [126.97032407944748, 37.94203414748618], [126.97335568839246, 37.94203426604021], [126.97533883100436, 37.94032163158416], [126.9810136868814, 37.937455910057544], [126.98545044258799, 37.93889267459377], [126.98941180275683, 37.93627928831836], [126.9919683253411, 37.93757694663407], [126.9930850383386, 37.936639913687586], [126.99319921884997, 37.93451223254617], [126.99962486066482, 37.93308752477141], [126.99969557768567, 37.935624317846155], [127.00119721046451, 37.9356134574587], [127.00131368672457, 37.93303154949379], [127.00258948710686, 37.93324653934008], [127.00971037436527, 37.92915861310914], [127.01013871039353, 37.928052892813355], [127.00904003340952, 37.92505047354949], [127.01103391228473, 37.921206871057535], [127.01260538522281, 37.92065200981071], [127.01291086253232, 37.91975117818009], [127.0127857781066, 37.91855535929677], [127.00790110245758, 37.91614543827301], [127.01055519806187, 37.910336392206524], [127.01033787168357, 37.90607452595322], [127.01071311654978, 37.90447299108011], [127.01248041979555, 37.90319372346004], [127.01481730283659, 37.90296791568335], [127.02089539999307, 37.90060324871069], [127.02258810299818, 37.89883457005136], [127.02442818380526, 37.89789459702395], [127.02876790656146, 37.89893382963342], [127.036226880672, 37.895931711987195], [127.04626428011824, 37.89384944743832], [127.04689811107659, 37.88772525398462], [127.04825472170826, 37.882875914537095], [127.0501460487506, 37.8814691640792], [127.05350520204657, 37.876592389950275], [127.05768010952906, 37.87319446497959], [127.06039344604925, 37.86934817654128], [127.06254598960473, 37.869206352218306], [127.0646039982504, 37.87112023754342], [127.06606334953592, 37.87164950781258], [127.06842459035671, 37.87064140575078], [127.07268684904113, 37.871813435571546], [127.0737308458761, 37.87278612121577], [127.07750259653272, 37.87101590262805], [127.08120456979643, 37.87104302701338], [127.08787787049752, 37.872078270750535], [127.09146640088963, 37.87120978058801], [127.0959776820183, 37.867395929373124], [127.09886436556842, 37.86628366581773], [127.10339190180217, 37.865397680380156], [127.10705168049377, 37.86238494414766], [127.10918530066955, 37.85985148862908], [127.10886622140538, 37.85893549052528], [127.11036168925959, 37.855574180583325], [127.11255352216754, 37.85258343948774], [127.1147013753297, 37.85063577574578], [127.11614785372076, 37.84391354734965], [127.11567148696764, 37.83853911534394], [127.11795409436434, 37.836431585928096], [127.11714903521228, 37.83453921845047], [127.11820368659002, 37.83231997816996], [127.1203926761051, 37.83091790226452], [127.12189343699438, 37.82814775094826], [127.12190611575345, 37.82510586369322], [127.1207781209134, 37.82362521228609], [127.1201916421863, 37.81736483316511], [127.1219107396567, 37.81375947768748], [127.12200590125579, 37.812084493071204], [127.11875249376166, 37.80903542636424], [127.11713627925332, 37.80412027303731], [127.11805867717521, 37.79995919012854], [127.11718706654894, 37.79590024997328], [127.11293092544942, 37.788504747121465], [127.10594750606246, 37.783180724700756], [127.1059167587351, 37.78054877293117], [127.1034617681679, 37.77868156749032], [127.09471113464559, 37.77717813883385], [127.08467794129328, 37.77360552756496], [127.08299763487014, 37.77267912148343], [127.08154004411253, 37.770674346685915], [127.07913992555156, 37.76953332331588], [127.07805287092785, 37.76963534102422], [127.07405345048156, 37.76849543047091], [127.07045255479231, 37.76583135439968], [127.06540098346264, 37.76366456505537], [127.0602462104348, 37.76211745337616], [127.05647226201435, 37.76171348978161], [127.05421783997905, 37.76232351435346], [127.05276161561467, 37.761371560904436], [127.0508635018672, 37.760941899230524], [127.04647594752662, 37.763198629498355], [127.04116910312399, 37.76673946832589], [127.03507653091806, 37.76772393911251], [127.02547242662672, 37.7669465773414], [127.02263749370789, 37.76728099045034], [127.01870691670103, 37.768587704558364], [127.01728497525039, 37.768561608845914], [127.01060277815522, 37.76617262272433], [127.00469643709387, 37.763181457662874], [127.00226780893739, 37.76276275264856], [127.00127950905909, 37.758995070263104], [127.0033370594396, 37.75307082764065], [127.00210093119051, 37.75140269662043], [127.0029304407646, 37.750538658846374]]]}}, {"type": "Feature", "properties": {"sgg": "41650", "name": "포천시", "sidonm": "경기도"}, "geometry": {"type": "Polygon", "coordinates": [[[127.18142328726873, 37.76381761999851], [127.17699031133226, 37.759767609168826], [127.17566120730125, 37.75670736369802], [127.17326433818994, 37.75511441335536], [127.16769820702206, 37.75323510250207], [127.15980228944494, 37.75305285222126], [127.157177365734, 37.75470368192213], [127.15375667376084, 37.75549924013617], [127.14940620038469, 37.75544243948644], [127.14670654041863, 37.75483612452198], [127.14318207347452, 37.75883916181186], [127.13966031640152, 37.76407250012188], [127.13342752506644, 37.7622866870777], [127.1270059702665, 37.763645559973114], [127.12543404543239, 37.76329933582198], [127.12650500792198, 37.7656209846878], [127.12734842095504, 37.76543009689257], [127.1290981200691, 37.76688790557068], [127.12867207160777, 37.77063267817175], [127.12806637597392, 37.77183963238266], [127.1201212316109, 37.77399326004638], [127.11892102536656, 37.7736018173135], [127.11564289068853, 37.773756788013834], [127.11541044391299, 37.776432948278504], [127.11174529295002, 37.778911949208734], [127.11069304525438, 37.779398569424664], [127.10434295102165, 37.7796703467051], [127.1059167587351, 37.78054877293117], [127.10594750606246, 37.783180724700756], [127.11293092544942, 37.788504747121465], [127.11638614113708, 37.79438008852098], [127.11718706654894, 37.79590024997328], [127.11805867717521, 37.79995919012854], [127.11713627925332, 37.80412027303731], [127.11875249376166, 37.80903542636424], [127.12200590125579, 37.812084493071204], [127.12208752875064, 37.81320234720427], [127.1201916421863, 37.81736483316511], [127.1207781209134, 37.82362521228609], [127.12190611575345, 37.82510586369322], [127.12189343699438, 37.82814775094826], [127.1203926761051, 37.83091790226452], [127.11820368659002, 37.83231997816996], [127.11714903521228, 37.83453921845047], [127.11795409436434, 37.836431585928096], [127.11567148696764, 37.83853911534394], [127.11614785372076, 37.84391354734965], [127.11505361070661, 37.84779329978823], [127.1148464527597, 37.850339754295476], [127.11036168925959, 37.855574180583325], [127.10886622140538, 37.85893549052528], [127.10918530066955, 37.85985148862908], [127.1112529707317, 37.862137512114124], [127.11193129146339, 37.86435020140793], [127.11367693524551, 37.86547694168197], [127.11754990228951, 37.86622865606341], [127.12035222458327, 37.86604845102585], [127.12316225646751, 37.867157071021055], [127.12355938320924, 37.86982612865056], [127.12856003966374, 37.87391260515001], [127.13169586526122, 37.873110154736715], [127.13477770428192, 37.873727009304616], [127.13674391734517, 37.87505913691733], [127.13983749128153, 37.87621273486266], [127.14208650621572, 37.875677120735425], [127.14696392041334, 37.87602590961417], [127.1494553468679, 37.88438561232318], [127.15311472219028, 37.88989665496666], [127.1556523276474, 37.89567570812824], [127.15345704312487, 37.8960231384835], [127.149660583333, 37.897920406776684], [127.15027359416878, 37.900575435458656], [127.147751785147, 37.902713011898214], [127.1467290422571, 37.902803456705385], [127.1467511505463, 37.90442248421338], [127.1478560430291, 37.90662842875511], [127.1459597200287, 37.9118659833296], [127.1387608519853, 37.914027491436606], [127.13624193546129, 37.91310491482655], [127.13512456367809, 37.91332002102118], [127.13284131488187, 37.915922180540775], [127.12913212551001, 37.91634486370693], [127.1271215093326, 37.915660847090045], [127.12196640450655, 37.91648376227753], [127.12089698081648, 37.91702757330068], [127.11524513738814, 37.928303845354485], [127.10947770884562, 37.935523442699306], [127.10800854304198, 37.9390899053997], [127.10234314569725, 37.940781258466835], [127.09604842744854, 37.94364602403637], [127.09628859751426, 37.9468171596766], [127.09557659306971, 37.94901831604612], [127.09631351445613, 37.95018236010687], [127.09803099252767, 37.951070465668906], [127.09911541955411, 37.95246103768691], [127.09924048792593, 37.95458061693382], [127.09883306749774, 37.95532504713722], [127.09448803179042, 37.95719497633599], [127.0922396954542, 37.9600544365129], [127.09269405778683, 37.963839176330026], [127.09414464730294, 37.96801040129623], [127.09253928320811, 37.97086081165149], [127.09171276213635, 37.97144153038342], [127.09266709435101, 37.97490128039809], [127.09037687314759, 37.98206953316947], [127.09037069554275, 37.98439548090121], [127.09096114842141, 37.987786118908105], [127.09480424639958, 37.989110695428664], [127.10056915370697, 37.98969597173205], [127.10794967467938, 37.98884543034855], [127.11153586847895, 37.98931471440759], [127.11409460686414, 37.986468329463094], [127.11733453990654, 37.98574326359741], [127.12019877746053, 37.97949533214052], [127.12078415623857, 37.979419484680925], [127.12343279271582, 37.98028985076292], [127.12959571037354, 37.98386387443428], [127.13053045475367, 37.98465994762684], [127.13202745177105, 37.98778511884293], [127.13520004832594, 37.98968455490269], [127.14053616758427, 37.9920139123816], [127.14315172157104, 37.99126009230912], [127.14481802548235, 37.991916514333326], [127.14686672910211, 37.99564303295273], [127.14683586480412, 37.99772124347648], [127.14563940639385, 38.00094650130488], [127.14121349654727, 38.0049202193368], [127.14050696249328, 38.00660911257962], [127.14024037159984, 38.011480791590614], [127.1426083925119, 38.014419450298334], [127.14519955031533, 38.01496240342971], [127.1453222344533, 38.0156489170184], [127.13919835098572, 38.02143337979617], [127.13870929384261, 38.02285258285091], [127.13952198235306, 38.0242689047751], [127.13958478761309, 38.02613137262032], [127.13549383522597, 38.02926085349061], [127.13535078367792, 38.03137928528943], [127.1371524177232, 38.03330597488725], [127.1380201486256, 38.03541651907993], [127.13778795658425, 38.03744367863801], [127.13481433704601, 38.039181841076875], [127.12815400425755, 38.03667568561744], [127.12601810098306, 38.03652808583732], [127.12443707621647, 38.0370671936221], [127.12254225880558, 38.039069851988614], [127.11825181909994, 38.038640282022506], [127.11435597742941, 38.039980614295956], [127.11788336470818, 38.042658788912995], [127.11796162673943, 38.04390844147554], [127.11458149816298, 38.04723213732339], [127.11229001883407, 38.05140878273363], [127.11479795265876, 38.05744206229358], [127.11717284013038, 38.06065047646628], [127.11898051030684, 38.06143029796485], [127.12257734148035, 38.06161730477982], [127.12372626336571, 38.06142533027725], [127.12484159457105, 38.059963194308885], [127.12568794490196, 38.05968987755453], [127.12930516696994, 38.060929329342734], [127.1349124549936, 38.06560534771579], [127.13826411710941, 38.06645953053581], [127.1387171044478, 38.06749955351432], [127.13833949459877, 38.06910401844609], [127.13966429765549, 38.07137578068392], [127.14114829064256, 38.072741245668844], [127.14366868934488, 38.07361413750118], [127.14421435318961, 38.07350087806902], [127.1476808503711, 38.06967752156237], [127.14710223602181, 38.06523475156452], [127.14625361258119, 38.06272777989922], [127.14685436268807, 38.05914025267262], [127.14874064024195, 38.057702733912876], [127.15227560553883, 38.058773372037685], [127.15565655070887, 38.06262839672771], [127.15696466123072, 38.06338929375841], [127.15949603801833, 38.06340003385374], [127.16466857137966, 38.06138365183796], [127.16635084678879, 38.061346754950975], [127.16745590151537, 38.0618117908432], [127.16888790775602, 38.06387408804373], [127.17092325333783, 38.065515656770046], [127.17375710621212, 38.06642370536361], [127.17705475356969, 38.06606216216355], [127.18359717123874, 38.06386168835847], [127.18662363845847, 38.064436539756514], [127.18573933802813, 38.07225381177069], [127.18624928098423, 38.07431335837595], [127.1907279787971, 38.077842557918096], [127.19225414428735, 38.08249488845243], [127.19098753809384, 38.085428537283555], [127.18819715027777, 38.087484009919955], [127.18451059808568, 38.0922283232281], [127.18220719021967, 38.1073117142047], [127.18394361966418, 38.110337905420906], [127.1842825507575, 38.11441143695489], [127.1826558560053, 38.11664669970158], [127.1765656981337, 38.11982396101656], [127.17282848518228, 38.12003893021318], [127.17156448093188, 38.121562971401566], [127.17421652020332, 38.123940772225026], [127.17577228777216, 38.12880966541064], [127.17544592445823, 38.13502145213396], [127.17400656304154, 38.14020691827605], [127.17290856846873, 38.141560269549494], [127.17356450344789, 38.14319772187488], [127.1752174005334, 38.144464575027314], [127.17673174793003, 38.14652104820615], [127.17718408956578, 38.15150966012407], [127.17610538038795, 38.1538015315806], [127.17560035049505, 38.15894859991035], [127.17393561004852, 38.16111265145967], [127.17459395771468, 38.167885202507115], [127.17360468594651, 38.16923326119642], [127.1737811146307, 38.17112748508689], [127.17427770755857, 38.172735357825374], [127.17675308168785, 38.17480492907589], [127.17752626673955, 38.176019277872406], [127.17937718266585, 38.18465332788373], [127.18169723715589, 38.18509386612565], [127.18789589028428, 38.18825013016502], [127.19039965472298, 38.188855032483886], [127.18817717351259, 38.1845226878689], [127.18603335957819, 38.17295322718654], [127.18624587364742, 38.170787846609244], [127.18738787818651, 38.168781514288526], [127.18869896039202, 38.163623273549895], [127.18999186720802, 38.16069191516885], [127.19551534632475, 38.15688151841894], [127.19865807481973, 38.155889811299375], [127.20288450527994, 38.15340731684661], [127.20819627179752, 38.14713811079036], [127.21177289662275, 38.14687963742735], [127.21341627496365, 38.14337715725112], [127.21888764407174, 38.139235662872295], [127.22189093358902, 38.13763007064966], [127.22252064545074, 38.13810894433804], [127.22369653029219, 38.14143069846741], [127.2232670267822, 38.14685891066471], [127.22591088807708, 38.14820757173799], [127.23203454127764, 38.147031100880604], [127.23388742380388, 38.1473257027211], [127.23508430254974, 38.14801442231316], [127.23765987410553, 38.151587722397], [127.23748838254555, 38.15201662319474], [127.23962070025576, 38.154543585423184], [127.24705365684152, 38.15942541342798], [127.25166455332396, 38.161971493869174], [127.25433961067372, 38.16280224051423], [127.2558625396282, 38.16396488463498], [127.25850187919195, 38.16865018148679], [127.26038041584121, 38.17037241625461], [127.26164551115751, 38.170471065277205], [127.26351785637148, 38.17146468754579], [127.26504795201312, 38.17352018485323], [127.26599501800465, 38.17585762616066], [127.26442468723116, 38.17827745088672], [127.26612291341654, 38.180497615834575], [127.27192729591907, 38.18150022650583], [127.27527441417442, 38.18144880805891], [127.27697696830536, 38.18236679005648], [127.28312036060532, 38.18288315818566], [127.28657787243627, 38.18033508543072], [127.28687041026994, 38.17893004539097], [127.28933234404917, 38.17689840006826], [127.29617908958198, 38.17629978495701], [127.29728944564401, 38.174984220984044], [127.2963468560282, 38.17360143696673], [127.2947831571912, 38.17263617868618], [127.2911944444301, 38.17232934568902], [127.28797428370629, 38.17002864147537], [127.28724549207193, 38.16870762279289], [127.28727939794709, 38.166143966511], [127.28798691556928, 38.16422342662885], [127.28752290538175, 38.160884161010486], [127.28464308942878, 38.15775342680951], [127.28723617949436, 38.15232810796395], [127.28717887635969, 38.151352627031486], [127.28329291262389, 38.14475179326443], [127.27841026488827, 38.13921682644605], [127.27555055916369, 38.136787799660894], [127.27556827373559, 38.134273900079066], [127.27739126782052, 38.132493894834575], [127.27748441838695, 38.127639244951624], [127.27674056363806, 38.125447758318415], [127.28042974958996, 38.12552084638314], [127.28195395186867, 38.12474404317188], [127.28305189598467, 38.123371078509514], [127.28331123573305, 38.12022426911843], [127.28259019072765, 38.11893662816446], [127.28320437386895, 38.1164800682054], [127.28559258924037, 38.11510933875989], [127.28819178288141, 38.11671146001286], [127.29233656037823, 38.11408241194727], [127.29484628294205, 38.115259351103035], [127.2958639765602, 38.116315496123505], [127.29951079964466, 38.11550922329763], [127.3027377946897, 38.115675134342304], [127.30569235218822, 38.11717977518513], [127.30722515075739, 38.11935610178101], [127.31129173574625, 38.115973997083216], [127.31184313112588, 38.10949063754143], [127.31247827385188, 38.10736360509537], [127.31670267115638, 38.10062022357209], [127.32119209688913, 38.09522494022175], [127.32414768472343, 38.094766541858306], [127.32556228072724, 38.095122112031575], [127.32992854412997, 38.094311130256976], [127.33233098310113, 38.09193076317036], [127.33739004471947, 38.08981567229383], [127.3381026470284, 38.100502424623485], [127.33894456733105, 38.10136379229545], [127.34600560075164, 38.104263750157166], [127.35337185153841, 38.10433886788823], [127.35606843133506, 38.1062536391335], [127.36445287318006, 38.10703868720645], [127.37089598747653, 38.110035745378596], [127.37185153739459, 38.11111127946667], [127.3719718234249, 38.11366223352358], [127.37808920579823, 38.117737044715966], [127.38194028700384, 38.116521559905934], [127.38310970550366, 38.11657806905023], [127.3835998160336, 38.1153842155646], [127.38576340317829, 38.11426264139699], [127.39196486981282, 38.114038362095215], [127.39395733088833, 38.11339620569547], [127.400477088794, 38.1137400565623], [127.40300890366571, 38.11319490421889], [127.4049674876939, 38.109561888638105], [127.40600256782545, 38.10606500904977], [127.40839111315258, 38.10423386551968], [127.41205771107037, 38.10272263498852], [127.41518843056475, 38.10366959399841], [127.43056731236592, 38.115281264381494], [127.43262500414775, 38.11281645419201], [127.44002863656212, 38.10913081404278], [127.44104103435733, 38.10808984123564], [127.44439690269566, 38.097521210111736], [127.4455683525097, 38.0859919804669], [127.44634920067456, 38.08384236790511], [127.44693535174169, 38.07951681271226], [127.44610864643082, 38.07274837790764], [127.44698323689164, 38.07078821648819], [127.44631827961128, 38.06439350854849], [127.44489461749336, 38.06023584110139], [127.44370334477136, 38.05913278313986], [127.44667580495482, 38.05433354890855], [127.44565558352299, 38.05098204376955], [127.44439319937808, 38.05000259790452], [127.44177018651473, 38.04478064834167], [127.43504224656449, 38.03799313536668], [127.43018996455714, 38.03465067249333], [127.424906702165, 38.03340139083395], [127.42429322611811, 38.030939484759806], [127.42622808728608, 38.029578525782824], [127.4271880063054, 38.02748926850639], [127.42349112668285, 38.020148198527366], [127.42154198713466, 38.01902030565238], [127.41827701515419, 38.01475052753174], [127.41679712740353, 38.010620423400944], [127.41481479946312, 38.00691926923999], [127.4147861051898, 38.00175255458322], [127.41302245998081, 37.99779572788026], [127.40906644161349, 37.99630448026735], [127.40649769016719, 37.99162927412094], [127.40528906086227, 37.99053549163557], [127.40385614910096, 37.99061431864544], [127.39942201779424, 37.989401753622666], [127.38980477747857, 37.98267741338123], [127.38665535531935, 37.98322530854387], [127.38504385560881, 37.982412605983754], [127.38394993779052, 37.98111139323139], [127.38412361138302, 37.977932254419954], [127.3853895685414, 37.97614555450995], [127.38244575616915, 37.97422289460413], [127.381841871494, 37.972269862196974], [127.3826400343799, 37.96970109000913], [127.38009126646526, 37.96662711646603], [127.37789969946206, 37.96534494620211], [127.3761436536757, 37.96152732892679], [127.3774350680229, 37.959397090333425], [127.3791689343985, 37.95891897090904], [127.37973279845528, 37.9577783908641], [127.37951443309919, 37.956474559783], [127.37683260413878, 37.952934126578675], [127.3787491759328, 37.95112345156969], [127.3823534626713, 37.95044663143209], [127.38312740307059, 37.949579904169305], [127.38491257449107, 37.94708731402147], [127.38400247835342, 37.94412569721864], [127.38428417950534, 37.94354453811807], [127.3828195325567, 37.94276240747417], [127.38168953816889, 37.940814471987196], [127.37981445591276, 37.93913390280113], [127.37753966738414, 37.93877329106873], [127.3745461709397, 37.936527029580354], [127.37195187718478, 37.933856289706725], [127.36988863113886, 37.93061958579199], [127.36609760031537, 37.92883420170931], [127.36430364490106, 37.92595017519374], [127.35582658485067, 37.92164652250712], [127.3503148580542, 37.92232686541173], [127.34744056476751, 37.92607147750688], [127.3451767214615, 37.9272052861787], [127.33995675748024, 37.92426006312786], [127.33839815789092, 37.92384220821439], [127.33644183423314, 37.92416397385365], [127.33302599083484, 37.926500273524624], [127.33097633275898, 37.925907027292595], [127.33043258303056, 37.923616941550954], [127.32899413853706, 37.92203087704592], [127.33089319692685, 37.91718456651324], [127.32786307327856, 37.91241453969421], [127.33038695959023, 37.91004101725349], [127.33056128657196, 37.90905321590588], [127.33046315464846, 37.907820542605265], [127.32909679264972, 37.90714709565366], [127.32739057426538, 37.90283862793206], [127.328191404385, 37.89689119061254], [127.32912576646284, 37.89431143741749], [127.32370106913528, 37.88785463274248], [127.3230814941334, 37.880747494648645], [127.3239068873149, 37.87615940800943], [127.32374677478457, 37.87374019252224], [127.32236218194573, 37.87147582727931], [127.32060429818475, 37.87138979179547], [127.31755378829092, 37.86928730716285], [127.31341039065363, 37.867819567471166], [127.31169929682183, 37.86613928160614], [127.31011242436159, 37.86647697648286], [127.30867234420157, 37.868021517951995], [127.30547466252126, 37.86883759612813], [127.3006388823806, 37.86809606731597], [127.29617492550466, 37.86886805638865], [127.29316762692373, 37.8734218539622], [127.29153830003185, 37.87414498389932], [127.28728471379051, 37.86832957068819], [127.28587717356773, 37.865575774014445], [127.28490620243949, 37.860311483538155], [127.28036268236994, 37.85543489454788], [127.2802811944387, 37.854643842457264], [127.28033521940267, 37.85389257456416], [127.28631720982828, 37.848278173154206], [127.27903481111377, 37.84234086010547], [127.2785655066677, 37.83941296542146], [127.27630020762452, 37.835914969015604], [127.27413039018344, 37.83052209740086], [127.2741278161544, 37.82647181000889], [127.27512736694834, 37.82496852647107], [127.2758291133368, 37.82470284950497], [127.27923084112955, 37.816605318202235], [127.27739942663179, 37.80882237866516], [127.27785479712327, 37.806372780342414], [127.27875254480816, 37.805463546329555], [127.27082525761342, 37.79459034436868], [127.27051611083884, 37.793781934758236], [127.27120874217678, 37.79154913477249], [127.27216352699834, 37.790386028457014], [127.2709694265506, 37.78628946407748], [127.2684147941765, 37.78516007268079], [127.26625285305211, 37.77904259005993], [127.2633555560785, 37.77692699216577], [127.26174958963448, 37.77438500188921], [127.26094550992845, 37.772617907387605], [127.26152461698875, 37.771069930832596], [127.26037509073558, 37.77011919328696], [127.25972576839244, 37.768400739149236], [127.25879030411879, 37.76865895820081], [127.25354775740765, 37.76771749441126], [127.2515764739003, 37.76620814486268], [127.24047325688583, 37.76270510607472], [127.23649147132865, 37.76219152879235], [127.23340903139874, 37.758458803632095], [127.23068134130155, 37.75732589027126], [127.22762236476933, 37.75427688876623], [127.22508188665707, 37.7534439928641], [127.22163277460436, 37.75502338738068], [127.22202579019458, 37.75693399597031], [127.22075414336094, 37.75792470104348], [127.21341410083497, 37.76101664917526], [127.21298289506178, 37.76151132789994], [127.21265072593718, 37.76465388423366], [127.21096062173224, 37.764610317355945], [127.20528298064342, 37.761241079094326], [127.20478255362764, 37.761642042257655], [127.20473981032777, 37.76329248374965], [127.20050427458312, 37.763993841287615], [127.19861371706848, 37.76328598950896], [127.19092423848515, 37.76257768827481], [127.18406899053392, 37.76473958488769], [127.18142328726873, 37.76381761999851]]]}}, {"type": "Feature", "properties": {"sgg": "41670", "name": "여주시", "sidonm": "경기도"}, "geometry": {"type": "Polygon", "coordinates": [[[127.63073937919316, 37.1657800179392], [127.62964862556471, 37.16642009559129], [127.62659262043414, 37.16596255006942], [127.62533141992229, 37.16487542936606], [127.61947065675349, 37.16244314832063], [127.61580241609768, 37.163342573303574], [127.6140779064548, 37.16766428814881], [127.61397604071288, 37.17015004286484], [127.61238765498369, 37.1733752501016], [127.60484308736928, 37.178910097394265], [127.60167499788427, 37.183373753661506], [127.59930177266972, 37.18310983103159], [127.59809901805185, 37.18793344205759], [127.59600415051993, 37.189629773725294], [127.59526066559663, 37.1897396702551], [127.59303457967837, 37.189627635691615], [127.59048617168376, 37.18789889469139], [127.58381169254464, 37.18695506570337], [127.58048365069696, 37.18747005246981], [127.57859703145633, 37.18867583358505], [127.57814509198991, 37.18950430658055], [127.57637441325473, 37.18915503657138], [127.5723618316344, 37.18457949730363], [127.57278830919918, 37.183597820791604], [127.57444961481892, 37.18243058307155], [127.57759800950568, 37.17717894534066], [127.57760899802057, 37.176225690907714], [127.57708118626012, 37.17507222295896], [127.5753167675492, 37.17429588614209], [127.57278212612773, 37.17202139365941], [127.57252024944398, 37.17130042091506], [127.57050788128811, 37.170227823535804], [127.56887907986192, 37.17364853069837], [127.56617655245344, 37.1763960097043], [127.55876003270512, 37.18087644872418], [127.55790071459298, 37.17975811611582], [127.55776504949729, 37.17819760660853], [127.55668606862442, 37.1770443912044], [127.55282539300912, 37.17543932454139], [127.54681127798487, 37.17419001118609], [127.52789382538597, 37.17295765521124], [127.52678866971002, 37.173463828444284], [127.52659455195109, 37.17601826067806], [127.52286487194317, 37.18123819471521], [127.51754814726603, 37.18213408598463], [127.51740573036558, 37.18481440141703], [127.51597293569685, 37.185316010691665], [127.51960339237533, 37.18760619168112], [127.52588675155435, 37.193941925039674], [127.52623790348194, 37.19523086880915], [127.5279273199495, 37.19698823808578], [127.53108918854859, 37.19812661011056], [127.53127941427111, 37.19999248413127], [127.53007829178479, 37.20276125756544], [127.53079901127357, 37.2050134752918], [127.53147108592907, 37.20535358245931], [127.53147435273308, 37.20822689721515], [127.52986632060285, 37.21176753831764], [127.53007648049017, 37.217790017687534], [127.5276086924173, 37.22739075811907], [127.52549899837878, 37.22757406556385], [127.52696346277254, 37.229461765763254], [127.525214122005, 37.239746266141836], [127.52555455728871, 37.24048854637071], [127.52969257616759, 37.242930392556346], [127.5328110741221, 37.24353801851318], [127.53736836209346, 37.24662732097421], [127.53707417191994, 37.25160546376847], [127.53629408257439, 37.25325302207971], [127.53317601857665, 37.25620379974147], [127.53273879979749, 37.25729572876495], [127.53236175704942, 37.26065919408216], [127.52996091770684, 37.2674676697763], [127.52918995761365, 37.27351626785016], [127.53066848121172, 37.27924429619808], [127.53437513092565, 37.28928036238365], [127.53681221712512, 37.289699906720635], [127.54272540967368, 37.29475268435292], [127.54305214000742, 37.296439133602576], [127.54638860131317, 37.30143274086317], [127.54607280455063, 37.310920059397006], [127.54471940210968, 37.31223771554356], [127.54261230822921, 37.31305653625031], [127.53555986169387, 37.313534351529796], [127.52880157239639, 37.316199811392195], [127.52965098815856, 37.32017813036144], [127.5289530446061, 37.32123969467797], [127.52654095713324, 37.322468409435835], [127.52918503136038, 37.326613124088546], [127.52668388796911, 37.32966374875844], [127.5217955171466, 37.3296613699856], [127.52053638043995, 37.33026214807804], [127.51690033978208, 37.33449565695422], [127.51556693997256, 37.337561928370725], [127.51375747298827, 37.33931085185487], [127.51030932727667, 37.33957711297446], [127.50824745782438, 37.33823758186519], [127.50209272371609, 37.33791222316906], [127.499794680754, 37.33973305194342], [127.48952451695213, 37.342363682783024], [127.48724214526345, 37.34904593063089], [127.48525699286488, 37.3502810697209], [127.48386794802478, 37.35057117193819], [127.4781771341389, 37.35592000325235], [127.47690651270237, 37.35686960026265], [127.47577449705985, 37.356842328585046], [127.47490907929685, 37.35736946405913], [127.47049352258136, 37.3615159535646], [127.46468296814233, 37.35836288707604], [127.46377333131949, 37.358139509375796], [127.4625231243545, 37.358789255181655], [127.46021699366062, 37.358196966023115], [127.45609877365558, 37.355948798582695], [127.4548048469092, 37.354115111907646], [127.45080868570538, 37.35250679173538], [127.44884279867433, 37.35219272518913], [127.44385078920536, 37.357686678852836], [127.4424563377744, 37.358444301586474], [127.44602573134584, 37.3609101536161], [127.44592026105894, 37.363421628293246], [127.44375774468062, 37.36978856166204], [127.44366905771346, 37.376126886283245], [127.4452832433907, 37.38132959161077], [127.44447957288547, 37.38552403461765], [127.44249918466888, 37.38737993913745], [127.43542978915404, 37.386416316669724], [127.42973843731588, 37.38802767488343], [127.42516271393607, 37.38577366266161], [127.42156892487994, 37.38592231470699], [127.42028465483268, 37.38660650859425], [127.41741784468245, 37.38949460145328], [127.4128064049299, 37.39819977406715], [127.41231900370877, 37.400768351673605], [127.41290340176893, 37.40286449535927], [127.41196642252224, 37.40517133698749], [127.40963638959502, 37.4077587951948], [127.4040570834388, 37.410075453602204], [127.4001771784427, 37.41310763803624], [127.39830889105122, 37.41533357971125], [127.39821366260345, 37.415751518681404], [127.40097724530237, 37.41849946068731], [127.40063027855071, 37.42138038465177], [127.40158201863167, 37.42169445033965], [127.40258642186706, 37.42453471335298], [127.40737581328703, 37.43008532446441], [127.4097719787711, 37.43131305040429], [127.41462325250245, 37.4321684279035], [127.4202418546173, 37.437647114412144], [127.42286601516003, 37.43951357726756], [127.42862054174975, 37.43665532379814], [127.43046569367661, 37.436889654722265], [127.43288608659044, 37.436172206246766], [127.43422427455094, 37.435265948528695], [127.44259629373629, 37.4340838738701], [127.4499009468152, 37.43131884179368], [127.4554799733854, 37.42855271956717], [127.4601084232524, 37.42726314862863], [127.4637149526843, 37.42659841781029], [127.4652011039934, 37.42685463059605], [127.47093061680917, 37.425373411658], [127.47170709907554, 37.42496572646339], [127.47304499222788, 37.42298864051349], [127.47229709355042, 37.422609888668724], [127.47430891443433, 37.422333169106274], [127.47964582640391, 37.423660361473054], [127.48092958619752, 37.42535178639076], [127.48242634855787, 37.428972230141525], [127.48522587600701, 37.43223101451754], [127.48919242594651, 37.433806624215606], [127.49445287887525, 37.432739983252986], [127.49811445571237, 37.43313445077627], [127.50800565566843, 37.439810014472016], [127.51036953568914, 37.438714676967344], [127.5164319165346, 37.43765147453072], [127.52286377175221, 37.434735579433884], [127.52788988543455, 37.42987164180823], [127.53151798258143, 37.42426521670097], [127.53540322687772, 37.41710153605923], [127.53695642392431, 37.411310828932244], [127.54016793323541, 37.411661312507675], [127.54240714063987, 37.411032944606404], [127.5439523341822, 37.41002064400494], [127.54737208493401, 37.409866025506155], [127.54969817856635, 37.410507304100726], [127.55102966358376, 37.41184641317881], [127.55145498143463, 37.41412671994016], [127.5541559632478, 37.41728372182941], [127.55613399886204, 37.41775940341801], [127.56003963264287, 37.41752675933841], [127.5624973863844, 37.41624527381474], [127.56361867870399, 37.415039080765794], [127.56629304030399, 37.41381624206114], [127.5711635946555, 37.41291379766456], [127.57174838394162, 37.41164192619044], [127.58186493989487, 37.4168734058013], [127.583202797767, 37.41696488571858], [127.58418937565624, 37.414240809372444], [127.58556358054258, 37.41412047565834], [127.58649011668277, 37.414634714508345], [127.58850761597166, 37.417321584938236], [127.58748216359737, 37.419850715849286], [127.59035332496839, 37.42212003006975], [127.5905575691387, 37.42279476271501], [127.59353895259765, 37.419804389971105], [127.5942852360469, 37.42067475415972], [127.60011535688146, 37.4206293986055], [127.60897579203872, 37.41724590004155], [127.61114163374329, 37.415521123145574], [127.61446499750464, 37.41474614628245], [127.61694283398764, 37.41485176512949], [127.62025516453663, 37.409005370689705], [127.62230434100177, 37.40967705024503], [127.62656980741154, 37.41330850097325], [127.63538231574202, 37.413474507188134], [127.64144123532982, 37.40857089570526], [127.64292532539125, 37.4060179790412], [127.64602358900797, 37.40462494071704], [127.65213238374841, 37.40763892450438], [127.65306852816786, 37.409109409923545], [127.65276375117811, 37.41030638556766], [127.65412816627783, 37.41269439674548], [127.65847257937504, 37.41748967145841], [127.66017823756873, 37.41574991618122], [127.66523083453973, 37.41434131882307], [127.66844106349588, 37.411891798352315], [127.67628059707262, 37.41279864927201], [127.68514865234155, 37.41255862282227], [127.68747392196309, 37.41122993609722], [127.68615688520416, 37.401660703094606], [127.68639237563204, 37.39943595910651], [127.69491455458852, 37.403410826166855], [127.69749368307359, 37.40561943392518], [127.69869948835942, 37.4074074497726], [127.70227987728686, 37.408076615252426], [127.70548210974033, 37.40996173589718], [127.70779348223007, 37.41066865875525], [127.71040326260132, 37.4065841988576], [127.71359237427559, 37.40539652445256], [127.71569809364686, 37.40163845515306], [127.71436222516932, 37.398487180282565], [127.70460352610515, 37.392551973367006], [127.7033573896807, 37.387884964426846], [127.7037127689697, 37.38587649179986], [127.70599990131612, 37.38320457652621], [127.7029402292307, 37.38058785999224], [127.70145501552571, 37.37615325646863], [127.70131068458223, 37.37387749334643], [127.70742317203722, 37.37009360432551], [127.7110220459548, 37.37172888515605], [127.71646857536756, 37.369977116186895], [127.71828293171062, 37.37108244878391], [127.72292565790583, 37.37157747477113], [127.72445527573842, 37.371338725549], [127.7275428642186, 37.37344359014137], [127.72827683818855, 37.37479422295075], [127.73204698626715, 37.375666861898445], [127.73866615946821, 37.37139697619152], [127.74577908844967, 37.36889564294149], [127.75240983340393, 37.36923169493236], [127.75447387125408, 37.36806375613471], [127.75948478241624, 37.36704394037488], [127.7611729254722, 37.36378784111807], [127.75929301209295, 37.35985676399336], [127.75982783058029, 37.35447561196382], [127.75833103115232, 37.35043614341904], [127.75781661922454, 37.3457417923401], [127.75902122158976, 37.341493787023474], [127.7600540457862, 37.34137159602841], [127.760693862592, 37.34071553198262], [127.761569562412, 37.333690298350035], [127.76036176253905, 37.32912354626065], [127.76288843290864, 37.323046813500305], [127.7621869117953, 37.32078294002447], [127.76546209289559, 37.313348162869396], [127.76771649268267, 37.31054588486494], [127.76855600223739, 37.30826338684441], [127.76723721626452, 37.30572162193956], [127.7680747847864, 37.30248343850047], [127.76566534453133, 37.301407114527], [127.7619225205177, 37.30211283150902], [127.75763173079197, 37.300058361531875], [127.75476517652099, 37.29769229064109], [127.75598179050542, 37.2963043201966], [127.75650410036133, 37.29468588125739], [127.7537964517393, 37.28900890158889], [127.75578330726879, 37.282840537843846], [127.7547030199528, 37.27851924962009], [127.75529123157115, 37.27210185527069], [127.75767594589226, 37.263782329556825], [127.75830778668016, 37.25802651137656], [127.75366842947194, 37.251236673328584], [127.7488583733141, 37.24747967332898], [127.74764581415566, 37.243474821626016], [127.74671978628089, 37.2347718944633], [127.74689754694732, 37.23178046788493], [127.74639733270124, 37.22963235958411], [127.74884029323799, 37.22807852313607], [127.7502209527165, 37.22642166849779], [127.75094496637084, 37.22445948607004], [127.75077981958138, 37.22175141810712], [127.74791916960423, 37.21667839805168], [127.74658450995781, 37.216653650562655], [127.74077493040596, 37.21195114223338], [127.73683690064787, 37.21004952996444], [127.73539363449028, 37.20803285209406], [127.73556440757086, 37.205520412629774], [127.73459712331423, 37.203323673845766], [127.73310492029286, 37.201658606108104], [127.73256664636426, 37.19963578410823], [127.73284365279069, 37.19621901116824], [127.72846325602234, 37.19161363682763], [127.72789568622304, 37.18934563883204], [127.72812032882166, 37.18663745114565], [127.7265528720414, 37.182744399725976], [127.72292298724699, 37.18175583406021], [127.72117951183667, 37.18338910278668], [127.7181069876091, 37.18381417736496], [127.71459887931567, 37.18107400246248], [127.71483556302756, 37.18025645734557], [127.71379701983071, 37.17843092455296], [127.71223466610155, 37.176760314507206], [127.71061666616694, 37.175890243770745], [127.7096944004539, 37.17214987578791], [127.70883647136952, 37.17092292959885], [127.7071588642978, 37.170690332583334], [127.70483048972831, 37.16732209579173], [127.7045775069476, 37.166497062913685], [127.7051261072619, 37.16296752047842], [127.70399402696997, 37.15648985963734], [127.7008358029722, 37.153811275676524], [127.69618291925808, 37.152317537716264], [127.69485833416144, 37.15058899304434], [127.69441397447716, 37.14964219380069], [127.69403496538516, 37.14406844942626], [127.69540107251515, 37.1403664364381], [127.69205498596313, 37.137625708874836], [127.69027379984048, 37.13720315585705], [127.68749395392449, 37.13511156538274], [127.67972683668943, 37.13654247687891], [127.67615976136297, 37.13675505286163], [127.67056893168632, 37.13630439349069], [127.66821610227875, 37.1366472641971], [127.66576422181961, 37.139241469574515], [127.66215370728189, 37.139066824853806], [127.66014158331664, 37.139765019920695], [127.65751991728938, 37.14201143754572], [127.65485511617553, 37.14588241987113], [127.64761020967475, 37.15075001767397], [127.64181426578149, 37.1513767757925], [127.63869787420688, 37.153078916513536], [127.63376923756948, 37.15316738695653], [127.63263187203007, 37.1525133488797], [127.62876285826114, 37.15379586087151], [127.62868019624602, 37.15618217191827], [127.6301869282866, 37.159324213738316], [127.63116979154869, 37.163910228366056], [127.63073937919316, 37.1657800179392]]]}}, {"type": "Feature", "properties": {"sgg": "41800", "name": "연천군", "sidonm": "경기도"}, "geometry": {"type": "Polygon", "coordinates": [[[127.11228384759818, 38.05095812381074], [127.11458149816298, 38.04723213732339], [127.11796162673943, 38.04390844147554], [127.11788336470818, 38.042658788912995], [127.11435597742941, 38.039980614295956], [127.11825181909994, 38.038640282022506], [127.12254225880558, 38.039069851988614], [127.12443707621647, 38.0370671936221], [127.12601810098306, 38.03652808583732], [127.12815400425755, 38.03667568561744], [127.13481433704601, 38.039181841076875], [127.13778795658425, 38.03744367863801], [127.1380201486256, 38.03541651907993], [127.1371524177232, 38.03330597488725], [127.13535078367792, 38.03137928528943], [127.13549383522597, 38.02926085349061], [127.13958478761309, 38.02613137262032], [127.13952198235306, 38.0242689047751], [127.13870929384261, 38.02285258285091], [127.13919835098572, 38.02143337979617], [127.1453222344533, 38.0156489170184], [127.14519955031533, 38.01496240342971], [127.1426083925119, 38.014419450298334], [127.14024037159984, 38.011480791590614], [127.14079910754306, 38.00552724504236], [127.14563940639385, 38.00094650130488], [127.14683586480412, 37.99772124347648], [127.14686672910211, 37.99564303295273], [127.14481802548235, 37.991916514333326], [127.14315172157104, 37.99126009230912], [127.14053616758427, 37.9920139123816], [127.13520004832594, 37.98968455490269], [127.13202745177105, 37.98778511884293], [127.13053045475367, 37.98465994762684], [127.12959571037354, 37.98386387443428], [127.12343279271582, 37.98028985076292], [127.12078415623857, 37.979419484680925], [127.12019877746053, 37.97949533214052], [127.11733453990654, 37.98574326359741], [127.11409460686414, 37.986468329463094], [127.11153586847895, 37.98931471440759], [127.10794967467938, 37.98884543034855], [127.10056915370697, 37.98969597173205], [127.09480424639958, 37.989110695428664], [127.09143383328238, 37.98812677342596], [127.09081243947863, 37.98755072464265], [127.09037687314759, 37.98206953316947], [127.09266709435101, 37.97490128039809], [127.09171276213635, 37.97144153038342], [127.08633027031843, 37.97398689121651], [127.08457405471667, 37.97562217301077], [127.08018158079761, 37.976676857595415], [127.07378443815249, 37.976471341476305], [127.0660986092734, 37.975278280838985], [127.0634328166341, 37.97602216575017], [127.06416368709175, 37.97710078763306], [127.06439266905214, 37.97959820069188], [127.05705414949219, 37.98034026813573], [127.05325916400604, 37.981338730967465], [127.05279382894818, 37.98073310633915], [127.04881853950795, 37.97885226261309], [127.04891860101823, 37.97575897995239], [127.04579098232294, 37.97414603381162], [127.04443062820249, 37.97226384274311], [127.04493130443637, 37.970004675756506], [127.04168082560153, 37.960849618365515], [127.04179844179886, 37.96000507300578], [127.03920953821459, 37.957825148250535], [127.02930385108272, 37.95572536123596], [127.02872621111416, 37.955160869541686], [127.02794381712971, 37.95346668845348], [127.02872167346682, 37.952085200482145], [127.0275723311146, 37.943154435060336], [127.02495098260641, 37.94041747460756], [127.02209522224383, 37.94063010664821], [127.02099848527793, 37.94028991601454], [127.01675695601156, 37.93661896211751], [127.01399280047119, 37.9299605834413], [127.01128768026994, 37.9273457342003], [127.01004604364417, 37.92757262710981], [127.00971037436527, 37.92915861310914], [127.00394762999956, 37.9325582911777], [127.00258948710686, 37.93324653934008], [127.00131368672457, 37.93303154949379], [127.00119721046451, 37.9356134574587], [126.99969557768567, 37.935624317846155], [126.99962486066482, 37.93308752477141], [126.99319921884997, 37.93451223254617], [126.9930850383386, 37.936639913687586], [126.9919683253411, 37.93757694663407], [126.98941180275683, 37.93627928831836], [126.98545044258799, 37.93889267459377], [126.9810136868814, 37.937455910057544], [126.97533883100436, 37.94032163158416], [126.97335568839246, 37.94203426604021], [126.97720957614679, 37.94553265211335], [126.97742180072018, 37.9486103699113], [126.97912253507752, 37.954078653441705], [126.98175769167914, 37.95659130298156], [126.98852481792312, 37.960093128058425], [126.98952321247656, 37.96376570284194], [126.99121676968842, 37.96693768206001], [126.99635472817104, 37.973198943372324], [127.00078305343655, 37.97392983579975], [127.00543560798805, 37.9731777629037], [127.00852804143148, 37.973837380363555], [127.01129315145315, 37.97611669625399], [127.01259799746566, 37.98456610552514], [127.01589808127765, 37.985776189378285], [127.01704422262794, 37.986928911972434], [127.01556416000702, 37.99174807326351], [127.01486594926628, 37.992604794287146], [127.01314590971965, 37.99352037536843], [127.01030348663409, 37.99323143022632], [127.00099268276364, 37.996251021787195], [126.99609072479215, 38.00139897119221], [126.99214685442607, 38.0033704871662], [126.98581332009869, 38.003144655008235], [126.98207571737412, 38.00468746882668], [126.97866372978132, 38.00365845217579], [126.96956520493069, 38.00333386218724], [126.96166273770095, 37.9976525588488], [126.95659200348761, 37.991715709990494], [126.95246164959137, 37.988001459232464], [126.94378958945593, 37.983561226214405], [126.94090539323933, 37.98239391077789], [126.9371991933799, 37.981708169211586], [126.9317026854187, 37.98228446514432], [126.92162859085599, 37.98593173948954], [126.90483741952117, 37.994418014831716], [126.89824314171844, 37.9971356111689], [126.89546025319424, 37.99937118666976], [126.89469489081323, 37.99944720580592], [126.89395709446761, 37.99896685541639], [126.89415285944438, 37.997146133409544], [126.89174071537883, 37.99237720831572], [126.89118102318872, 37.987066904858196], [126.89198183090863, 37.98084320227178], [126.89267118997635, 37.978283746612085], [126.8951446769779, 37.97310511085128], [126.89545784070965, 37.97110136830461], [126.89436307159838, 37.968807606555586], [126.89345867710767, 37.96803009712786], [126.88775853286057, 37.9661382845875], [126.88137107103908, 37.9668225227148], [126.8787369533301, 37.96766823860909], [126.87184088613996, 37.97114999392311], [126.86596965250938, 37.97735535535704], [126.85493957197824, 37.987239867615585], [126.85276528569204, 37.987556889081525], [126.84809303346353, 37.98704214174964], [126.84397529388228, 37.98500601722908], [126.84023117472226, 37.980945253522876], [126.83881123281542, 37.97761816439771], [126.83781383377145, 37.9733055665172], [126.83678090735596, 37.96472863346197], [126.83593890937223, 37.9640341541065], [126.83268435470121, 37.96398212951201], [126.8311378511882, 37.963241096801845], [126.82830256544563, 37.95980231054265], [126.82073135840041, 37.95745942287981], [126.81885896219357, 37.95852450094216], [126.81753996826029, 37.96128829867117], [126.81747868053071, 37.96217669098713], [126.81847094793652, 37.964094432639754], [126.81470922053, 37.96822410813466], [126.81251554598302, 37.96929507168763], [126.81133777941368, 37.968865694594676], [126.81044583882863, 37.96766857328148], [126.80451096686137, 37.970749998294856], [126.80202827471825, 37.979550687803076], [126.79850474830519, 37.987711059067934], [126.80090816955057, 37.99199741364024], [126.80739798422788, 37.993750464276566], [126.81423354350089, 37.99312247300004], [126.81864260043857, 37.99393217724653], [126.82251241352267, 37.992419016361254], [126.82955141295692, 37.99310038628866], [126.83021258349616, 37.99365843825239], [126.83045629143125, 37.9987170497577], [126.8301557130296, 37.9991288566529], [126.8268757148425, 37.99934108035162], [126.8253279506871, 38.000218840258384], [126.82485374309765, 38.00488922620581], [126.82306889291804, 38.01132757673144], [126.82515076621553, 38.01628752975574], [126.8287414611442, 38.020188059218235], [126.835079154879, 38.018169168718735], [126.83321935211863, 38.02185948546375], [126.83378711414366, 38.02269750674453], [126.83529288918783, 38.02327833646883], [126.83565639412777, 38.02450267289244], [126.83275764271207, 38.02597455018595], [126.83045758043139, 38.02542296538384], [126.83104218949128, 38.03223877233606], [126.8318382035395, 38.03374841982075], [126.83580689678728, 38.03417535261246], [126.8387640728021, 38.03391826102786], [126.84538715647385, 38.03178213572483], [126.84727826485835, 38.03298179111397], [126.84835664642131, 38.033094208711645], [126.85359394505059, 38.03147830081051], [126.85368989984096, 38.0331759001641], [126.85237681383262, 38.0350896711423], [126.85255482727601, 38.03734306705597], [126.85462345315541, 38.040132029501905], [126.85268733529834, 38.0436138851587], [126.85282833679877, 38.053103357476125], [126.85806578179424, 38.05311621348142], [126.85799026591988, 38.06031707255409], [126.85944465174691, 38.064623793292746], [126.86625427531153, 38.06945223431011], [126.86707237007359, 38.07374919940761], [126.86956143579535, 38.07788508443127], [126.86557582171157, 38.08151324206926], [126.86456246728329, 38.08332156090688], [126.86057284310718, 38.08587302801436], [126.8587860151153, 38.08939511602661], [126.8560695725988, 38.09966091357722], [126.86716457299482, 38.11117951941833], [126.88365833171204, 38.116250240230784], [126.88918541331871, 38.128818990764], [126.90047738380073, 38.13342580332432], [126.90470373297183, 38.137892711102815], [126.9170581968034, 38.136718219009985], [126.92701482925848, 38.12851619138828], [126.9304711837113, 38.1274051908273], [126.93234869876305, 38.13165120164571], [126.94411358838781, 38.134637803382596], [126.95600336702068, 38.13460167123893], [126.96086032645474, 38.136073822274994], [126.96085889564345, 38.139677422675796], [126.96273863338581, 38.13962516787158], [126.96511069925415, 38.13802458386125], [126.96483346703424, 38.135824996825306], [126.96991682059007, 38.14353804065728], [126.9694281509153, 38.14561886811612], [126.96826569082675, 38.147167155260966], [126.96113350618364, 38.151242132155666], [126.95688547648726, 38.15516699972874], [126.95002985544384, 38.15910980763929], [126.95172801371363, 38.16489905352959], [126.95453821680012, 38.163256571852195], [126.9657169608147, 38.17140453810066], [126.96918458249688, 38.18193083072736], [126.96826173613914, 38.18609818864076], [126.96292346309306, 38.190534059832785], [126.96669053835899, 38.19441185673663], [126.9667939249263, 38.19910538779565], [126.96883206587097, 38.199659882769744], [126.97507662070996, 38.19932746826619], [126.97546108234431, 38.19986317739598], [126.97548572421869, 38.20409014988581], [126.9758698479762, 38.20487595256825], [126.97930336181085, 38.20518669565514], [126.98029221416046, 38.20747520151614], [126.98395440650188, 38.21091296156355], [126.98379602268355, 38.212515361487135], [126.98224171989321, 38.214126293646984], [126.98186215997852, 38.21642359940133], [126.98010320360969, 38.217741373272325], [126.98106657954814, 38.21983522541807], [126.97999843414883, 38.221300562677854], [126.97816074615623, 38.22214025271642], [126.97914937727504, 38.22285300262795], [126.97959475638918, 38.22411840053093], [126.98126154115249, 38.22543068976982], [126.98202763794984, 38.2274611654325], [126.98439993073224, 38.226947499778014], [126.98657776252298, 38.22716192810264], [126.98815659986404, 38.225820869603815], [126.99026022053398, 38.22693210969529], [126.9898957603083, 38.228663622827625], [126.99159066326592, 38.22947233284082], [127.00150520764987, 38.223000460104636], [127.00523890999908, 38.22288196182367], [127.0055783443807, 38.22498664648865], [127.0064200565021, 38.22583242772545], [127.00799930376245, 38.22611886894764], [127.0141718443507, 38.23706082985547], [127.02218441679301, 38.24037985337648], [127.02093291736226, 38.245881215494144], [127.03285630194846, 38.248441319640634], [127.04189123502226, 38.259017678727986], [127.05505854813914, 38.259000081149544], [127.0668593569441, 38.265681479961415], [127.07255533979372, 38.271694880214774], [127.07599844937498, 38.27807605836363], [127.08586254626697, 38.27927091481287], [127.09330762458146, 38.282110479293394], [127.10055641397733, 38.28595100522357], [127.10402692403042, 38.28837981189829], [127.10467760349391, 38.29056997225166], [127.10928347342096, 38.29203792732757], [127.11398702610802, 38.265273921744175], [127.1104570811923, 38.25168761083261], [127.1110980189953, 38.24832118116773], [127.10986304314605, 38.24380882910589], [127.11012747320923, 38.24216211975335], [127.11300460083339, 38.23758900900871], [127.11461958539343, 38.236294803275655], [127.11773740035302, 38.23633626420562], [127.12288001047956, 38.232510230894675], [127.12627271508487, 38.23376923564736], [127.12961117314168, 38.23320612579596], [127.13053837374306, 38.23255916673149], [127.13465862075016, 38.233762614710756], [127.13592387307088, 38.236148373020676], [127.13982800870669, 38.23740040591768], [127.14149118419569, 38.23725390683605], [127.14696814872318, 38.23972227599935], [127.1485134671, 38.24251065289023], [127.14970309273589, 38.24260537446304], [127.15265830082018, 38.241721019046324], [127.15836147058523, 38.23890408420614], [127.16080028186052, 38.23581648505182], [127.16242646122349, 38.232521040815186], [127.15959136551068, 38.226047195327205], [127.16004673211846, 38.22467369265511], [127.16146363079294, 38.22303841225743], [127.16083723278828, 38.22114416388305], [127.15943519693135, 38.21907095983377], [127.16208869960063, 38.216783996179934], [127.16956026722144, 38.21384980246251], [127.17188227934719, 38.21137252578849], [127.1722341298929, 38.205958247574195], [127.16644694103461, 38.199535257348266], [127.16605081445212, 38.19851094463174], [127.17389257261625, 38.19170485509175], [127.17545997126335, 38.188253999797226], [127.17742162685467, 38.185748941662986], [127.17937718266585, 38.18465332788373], [127.17752626673955, 38.176019277872406], [127.17675308168785, 38.17480492907589], [127.17427770755857, 38.172735357825374], [127.1737811146307, 38.17112748508689], [127.17360468594651, 38.16923326119642], [127.17459395771468, 38.167885202507115], [127.17393561004852, 38.16111265145967], [127.17560035049505, 38.15894859991035], [127.17610538038795, 38.1538015315806], [127.17718408956578, 38.15150966012407], [127.17673174793003, 38.14652104820615], [127.1752174005334, 38.144464575027314], [127.17356450344789, 38.14319772187488], [127.17290856846873, 38.141560269549494], [127.17400656304154, 38.14020691827605], [127.17544592445823, 38.13502145213396], [127.17577228777216, 38.12880966541064], [127.17421652020332, 38.123940772225026], [127.17156448093188, 38.121562971401566], [127.17282848518228, 38.12003893021318], [127.1765656981337, 38.11982396101656], [127.18303969199889, 38.116423544321414], [127.18373717272735, 38.11555795259776], [127.18433416520904, 38.114015008194045], [127.18394361966418, 38.110337905420906], [127.18220719021967, 38.1073117142047], [127.18451059808568, 38.0922283232281], [127.18819715027777, 38.087484009919955], [127.19098753809384, 38.085428537283555], [127.19225414428735, 38.08249488845243], [127.1907279787971, 38.077842557918096], [127.18624928098423, 38.07431335837595], [127.18573933802813, 38.07225381177069], [127.18662363845847, 38.064436539756514], [127.18359717123874, 38.06386168835847], [127.17705475356969, 38.06606216216355], [127.17375710621212, 38.06642370536361], [127.17092325333783, 38.065515656770046], [127.16888790775602, 38.06387408804373], [127.16745590151537, 38.0618117908432], [127.16635084678879, 38.061346754950975], [127.16466857137966, 38.06138365183796], [127.15949603801833, 38.06340003385374], [127.15696466123072, 38.06338929375841], [127.15565655070887, 38.06262839672771], [127.15227560553883, 38.058773372037685], [127.14874064024195, 38.057702733912876], [127.14685436268807, 38.05914025267262], [127.14625361258119, 38.06272777989922], [127.14710223602181, 38.06523475156452], [127.1476808503711, 38.06967752156237], [127.14421435318961, 38.07350087806902], [127.14366868934488, 38.07361413750118], [127.14114829064256, 38.072741245668844], [127.13966429765549, 38.07137578068392], [127.13833949459877, 38.06910401844609], [127.1387171044478, 38.06749955351432], [127.13826411710941, 38.06645953053581], [127.1349124549936, 38.06560534771579], [127.12930516696994, 38.060929329342734], [127.12568794490196, 38.05968987755453], [127.12484159457105, 38.059963194308885], [127.12372626336571, 38.06142533027725], [127.12257734148035, 38.06161730477982], [127.11898051030684, 38.06143029796485], [127.11717284013038, 38.06065047646628], [127.11479795265876, 38.05744206229358], [127.11319224066683, 38.05431040025355], [127.11228384759818, 38.05095812381074]]]}}, {"type": "Feature", "properties": {"sgg": "41820", "name": "가평군", "sidonm": "경기도"}, "geometry": {"type": "Polygon", "coordinates": [[[127.55943805124552, 37.72581437620536], [127.55967952717171, 37.723144777807974], [127.56216776851285, 37.722318035495455], [127.5623995185372, 37.72103863909468], [127.56103052439099, 37.718216878579334], [127.55806446721148, 37.714300140484006], [127.55854801516854, 37.711175368531535], [127.55842482620395, 37.706021344141675], [127.55698822994408, 37.704861660296785], [127.55063112446692, 37.68780132991839], [127.5501480820476, 37.68546328164025], [127.54989081233906, 37.68055892820089], [127.55095901342844, 37.678189070867965], [127.55033790604554, 37.6759061419436], [127.54975308979036, 37.67549428406672], [127.5492122925296, 37.66757117154641], [127.55164586034974, 37.66501916086901], [127.5528071283113, 37.66154695114282], [127.5464858118366, 37.657433382017594], [127.54486686174018, 37.65535238054746], [127.54391321009801, 37.651586834143046], [127.54197350829494, 37.65097041471048], [127.53923071264168, 37.65119059158442], [127.5356753829321, 37.65035030531344], [127.53522891647377, 37.646372516736], [127.53701864951356, 37.643001851636896], [127.54002505377501, 37.640690759062316], [127.54377720882242, 37.63818002448256], [127.54682185232795, 37.63756031616742], [127.54826389516849, 37.63319513175707], [127.55898162627281, 37.628449266439425], [127.55988162171673, 37.627361665197284], [127.55980554637672, 37.62340587411293], [127.56287511098367, 37.62089969870063], [127.5651740354878, 37.620082732256755], [127.56646115089214, 37.618781819519974], [127.56758934062778, 37.61566251266713], [127.5687334694151, 37.614557698527214], [127.57075035804208, 37.61367221917326], [127.5703171076666, 37.61021113612223], [127.56956482382927, 37.60830999982899], [127.56615198301172, 37.60796016981228], [127.562299055694, 37.604351307737566], [127.56244249506376, 37.60000648265369], [127.5590812348083, 37.59423409112029], [127.55900465980147, 37.59230072879394], [127.56062094378785, 37.59054452565174], [127.56151645727091, 37.587060332283244], [127.56024678956815, 37.58307587787476], [127.55860226230836, 37.58381694254821], [127.55468511797615, 37.584214291173346], [127.55245019786594, 37.58607547376756], [127.5378814493448, 37.58460620398504], [127.53605710370488, 37.585840507577764], [127.52410794226162, 37.586646884098016], [127.52177884243913, 37.5864062247704], [127.52011647032046, 37.58566064976614], [127.51295755593819, 37.57811844528837], [127.51002762767001, 37.576468124479156], [127.50435722233964, 37.5749158858189], [127.49834028247736, 37.5718355723319], [127.49735435086808, 37.57184006113221], [127.49109530139141, 37.57377879602356], [127.4901169775612, 37.57497526731949], [127.48414448939984, 37.575263049888235], [127.47839524536568, 37.57685528269913], [127.47472931254487, 37.577246644222576], [127.47158982071497, 37.57989365960432], [127.4694065145392, 37.591055273630055], [127.47104150443387, 37.5938408427583], [127.47090725985504, 37.59494721956718], [127.47260169204584, 37.596410289515724], [127.47351302302211, 37.60791598633706], [127.47217137045072, 37.60928123640381], [127.4718457562194, 37.618284533828394], [127.47118177085015, 37.62113263423858], [127.46987619572315, 37.6236098882405], [127.46834873466344, 37.62466631851559], [127.46259673214912, 37.624926026209664], [127.46165809534362, 37.62664166499712], [127.45826859016778, 37.629974254858], [127.45641743114021, 37.63394413372101], [127.45659710182247, 37.63558689398322], [127.45558263327395, 37.636911503698535], [127.45410041647271, 37.6385085713164], [127.4522696586861, 37.63888866329892], [127.44862814179008, 37.64446645880193], [127.44485386114818, 37.64776592808462], [127.44391766707099, 37.648141797833816], [127.44190659083678, 37.646794442089636], [127.43807632692506, 37.64789326013578], [127.43723239959021, 37.65140129420963], [127.43477258428865, 37.65361163060052], [127.43777805892731, 37.6572253851803], [127.44138189484809, 37.659802744518544], [127.43985900965514, 37.66180640914264], [127.43505951651383, 37.66504080716862], [127.4298297781138, 37.66940931534569], [127.42814802810159, 37.67154458324564], [127.42808764381832, 37.67030059314301], [127.42706636640516, 37.668161535537386], [127.42509308304855, 37.665632033075696], [127.42217234845897, 37.663934498409716], [127.41887004916084, 37.66330133434303], [127.41644076109453, 37.66336723908333], [127.41210196811049, 37.66018685646324], [127.40812633026972, 37.6598830041634], [127.40124299042446, 37.65448628878262], [127.39942756477666, 37.650859103903414], [127.38005150208612, 37.651422359431166], [127.37835101248282, 37.651001493657624], [127.37327728972767, 37.647667942640446], [127.37112753436035, 37.64818839305886], [127.3720493102167, 37.65065569679413], [127.37442027368988, 37.65432804810952], [127.3763740265911, 37.660106375943634], [127.37754979652871, 37.66989939115414], [127.37919772392932, 37.67459492286802], [127.37506184659982, 37.6773341438307], [127.3741690975222, 37.682194759151486], [127.36856946914477, 37.68579287668064], [127.36692986117835, 37.68822115366615], [127.36676987220696, 37.68965196108505], [127.3671412279449, 37.690109808559654], [127.37075170535742, 37.69047097565396], [127.37213074812362, 37.691570983307365], [127.37211578251126, 37.69202952214276], [127.37024464217652, 37.69302458177129], [127.36134764293605, 37.69380537926917], [127.35848755830314, 37.6992300472861], [127.3534354562361, 37.70382426773393], [127.35365735711044, 37.70501051043078], [127.35512204569054, 37.707177090022476], [127.35516823069132, 37.708582101306135], [127.35338749096617, 37.71094014672298], [127.35471503597117, 37.71662594419279], [127.3541478797828, 37.71726744349384], [127.35404296963505, 37.71941361167123], [127.35545440472052, 37.72368992399443], [127.34499579497516, 37.72769769484195], [127.34290129710728, 37.72941871748675], [127.34337812372927, 37.733031433574695], [127.34240895199606, 37.737803886266455], [127.33531071961204, 37.743827376279434], [127.33293042559562, 37.746455904737054], [127.33106753916569, 37.74954255021312], [127.33185355872801, 37.75114015024158], [127.33395760562557, 37.752839882348596], [127.33009180819373, 37.755848184069656], [127.32644736219369, 37.76025035845253], [127.3237027649989, 37.76175697862561], [127.31991633962684, 37.76619155971976], [127.31564747572382, 37.768968926120635], [127.30989467858112, 37.76829618531055], [127.30210065518628, 37.77337808832558], [127.29313147448488, 37.77623677828107], [127.29156279394374, 37.7760390713277], [127.28999585904062, 37.77501444588176], [127.28185513928356, 37.77492079103806], [127.27401774176352, 37.77405583082673], [127.27287092298165, 37.77611384248425], [127.26973125156424, 37.77882748914831], [127.266523837898, 37.780450292744206], [127.2684147941765, 37.78516007268079], [127.27093060850032, 37.78621953623813], [127.27190409908722, 37.7886524403548], [127.27216352699834, 37.790386028457014], [127.27120874217678, 37.79154913477249], [127.27051611083884, 37.793781934758236], [127.27082525761342, 37.79459034436868], [127.27875254480816, 37.805463546329555], [127.27785479712327, 37.806372780342414], [127.27739942663179, 37.80882237866516], [127.27923084112955, 37.816605318202235], [127.2758291133368, 37.82470284950497], [127.27512736694834, 37.82496852647107], [127.2741278161544, 37.82647181000889], [127.27413039018344, 37.83052209740086], [127.27630020762452, 37.835914969015604], [127.2785655066677, 37.83941296542146], [127.27903481111377, 37.84234086010547], [127.28631720982828, 37.848278173154206], [127.28033521940267, 37.85389257456416], [127.2802811944387, 37.854643842457264], [127.28036268236994, 37.85543489454788], [127.28490620243949, 37.860311483538155], [127.28587717356773, 37.865575774014445], [127.28728471379051, 37.86832957068819], [127.29153830003185, 37.87414498389932], [127.29316762692373, 37.8734218539622], [127.29617492550466, 37.86886805638865], [127.3006388823806, 37.86809606731597], [127.30547466252126, 37.86883759612813], [127.30867234420157, 37.868021517951995], [127.31011242436159, 37.86647697648286], [127.31169929682183, 37.86613928160614], [127.31341039065363, 37.867819567471166], [127.31755378829092, 37.86928730716285], [127.32060429818475, 37.87138979179547], [127.32236218194573, 37.87147582727931], [127.32374677478457, 37.87374019252224], [127.3239068873149, 37.87615940800943], [127.3230814941334, 37.880747494648645], [127.32370106913528, 37.88785463274248], [127.32912576646284, 37.89431143741749], [127.328191404385, 37.89689119061254], [127.32739057426538, 37.90283862793206], [127.32909679264972, 37.90714709565366], [127.33046315464846, 37.907820542605265], [127.33056128657196, 37.90905321590588], [127.33038695959023, 37.91004101725349], [127.32786307327856, 37.91241453969421], [127.33089319692685, 37.91718456651324], [127.32899413853706, 37.92203087704592], [127.33043258303056, 37.923616941550954], [127.33097633275898, 37.925907027292595], [127.33302599083484, 37.926500273524624], [127.33644183423314, 37.92416397385365], [127.33839815789092, 37.92384220821439], [127.33995675748024, 37.92426006312786], [127.3451767214615, 37.9272052861787], [127.34744056476751, 37.92607147750688], [127.3503148580542, 37.92232686541173], [127.35582658485067, 37.92164652250712], [127.36430364490106, 37.92595017519374], [127.36609760031537, 37.92883420170931], [127.36988863113886, 37.93061958579199], [127.37195187718478, 37.933856289706725], [127.3745461709397, 37.936527029580354], [127.37753966738414, 37.93877329106873], [127.37981445591276, 37.93913390280113], [127.38168953816889, 37.940814471987196], [127.3828195325567, 37.94276240747417], [127.38428417950534, 37.94354453811807], [127.38400247835342, 37.94412569721864], [127.38491257449107, 37.94708731402147], [127.38312740307059, 37.949579904169305], [127.3823534626713, 37.95044663143209], [127.3787491759328, 37.95112345156969], [127.37683260413878, 37.952934126578675], [127.37951443309919, 37.956474559783], [127.37973279845528, 37.9577783908641], [127.3791689343985, 37.95891897090904], [127.3774350680229, 37.959397090333425], [127.3761436536757, 37.96152732892679], [127.37789969946206, 37.96534494620211], [127.38009126646526, 37.96662711646603], [127.3826400343799, 37.96970109000913], [127.381841871494, 37.972269862196974], [127.38244575616915, 37.97422289460413], [127.3853895685414, 37.97614555450995], [127.38412361138302, 37.977932254419954], [127.38394993779052, 37.98111139323139], [127.38504385560881, 37.982412605983754], [127.38665535531935, 37.98322530854387], [127.38980477747857, 37.98267741338123], [127.39942201779424, 37.989401753622666], [127.40385614910096, 37.99061431864544], [127.40528906086227, 37.99053549163557], [127.40649769016719, 37.99162927412094], [127.40906644161349, 37.99630448026735], [127.41302245998081, 37.99779572788026], [127.4147861051898, 38.00175255458322], [127.41481479946312, 38.00691926923999], [127.41679712740353, 38.010620423400944], [127.41827701515419, 38.01475052753174], [127.42154198713466, 38.01902030565238], [127.42349112668285, 38.020148198527366], [127.4271880063054, 38.02748926850639], [127.42622808728608, 38.029578525782824], [127.42429322611811, 38.030939484759806], [127.424906702165, 38.03340139083395], [127.43018996455714, 38.03465067249333], [127.43504224656449, 38.03799313536668], [127.44177018651473, 38.04478064834167], [127.44439319937808, 38.05000259790452], [127.44565558352299, 38.05098204376955], [127.44911702404482, 38.04982866115238], [127.45222484118206, 38.0474411539309], [127.45237329604939, 38.043364035373955], [127.45066982388695, 38.03898475297276], [127.45095052182597, 38.03761311519275], [127.45345570411112, 38.030893902736345], [127.45523880615453, 38.02945931535126], [127.45626573480102, 38.02726246848369], [127.45547157661315, 38.025026943451], [127.45682092911755, 38.01886472216908], [127.45798948551693, 38.016233286625365], [127.4613934752372, 38.0128987776764], [127.46924510204973, 38.008592747572045], [127.47215844450999, 38.006064222511974], [127.47896869890108, 38.00615148449954], [127.48554477100502, 38.00436247035882], [127.4902061812588, 38.0051655220006], [127.4972731579744, 38.00361226374572], [127.49840111999133, 38.001097788206046], [127.50141198893405, 37.99955782583658], [127.50582661692786, 38.00051795770088], [127.51634643893459, 38.00101937835281], [127.52350559108851, 38.00187358581308], [127.52568374584835, 38.00170726054451], [127.52751856979964, 38.0007108833416], [127.5380726415892, 38.00071078832716], [127.53974106686961, 38.00118093678474], [127.54266938699753, 37.99559753200229], [127.54344564092244, 37.99190370538856], [127.54345267925677, 37.98881481662092], [127.54610361069057, 37.98517255911173], [127.54609488862341, 37.98205926043176], [127.54709511644722, 37.97976302250852], [127.5447322536252, 37.97479045078855], [127.54432614845655, 37.968120546960535], [127.5482972797088, 37.96612567332695], [127.55159954078592, 37.966204390077834], [127.56125128930192, 37.96277635891115], [127.57322232999005, 37.964054666270265], [127.58785133637727, 37.96125917075773], [127.59412465906594, 37.95687935605806], [127.59652218913403, 37.956366153164886], [127.60008967378671, 37.95651149682794], [127.6013943261933, 37.95605150446106], [127.60299370955819, 37.95509527270969], [127.60330971501064, 37.95423422133056], [127.60354074928767, 37.9528061559175], [127.60266788097985, 37.947714591996444], [127.60481834206928, 37.94416279152645], [127.6090396608427, 37.94364909903898], [127.61376096988457, 37.93938624574545], [127.61642564566075, 37.93141353733099], [127.61660208753578, 37.929451320338536], [127.61553507774055, 37.9274550393499], [127.61252158167606, 37.92516085786], [127.61207206828962, 37.920808963539606], [127.61348609872836, 37.919695637273335], [127.61624208271121, 37.914980534578426], [127.61720929230724, 37.91240434681389], [127.6177219225482, 37.90652754400168], [127.61136931773838, 37.8962152371538], [127.60821944674133, 37.890170880422666], [127.60759956798536, 37.88985837892797], [127.60881463733325, 37.88326440840072], [127.60586492146614, 37.876692939730845], [127.60362604509945, 37.87494437468385], [127.60219253661339, 37.87453536899597], [127.59495846728262, 37.87586723224114], [127.58505817961384, 37.87589692730007], [127.57640809185017, 37.87282506943788], [127.56914199846013, 37.8663203827808], [127.56643942528594, 37.8615992065257], [127.56590090218309, 37.85867510625809], [127.56242460929934, 37.855476814424456], [127.55518792452483, 37.85444385538449], [127.55231817912748, 37.853113793588584], [127.550882521361, 37.85205154353302], [127.55013206668137, 37.847893622888414], [127.54932006245474, 37.846854206154774], [127.54120680665748, 37.84627365193527], [127.5375080806645, 37.844846683532076], [127.53355830808128, 37.84261849410562], [127.53031917224695, 37.8400205254705], [127.52838864922715, 37.83773084704169], [127.52495277307149, 37.83013434490889], [127.52442898747029, 37.82623422892337], [127.52488912053506, 37.824217471341285], [127.52742825217523, 37.822079107562715], [127.5351873660809, 37.81783456485459], [127.53674435404834, 37.81530955506417], [127.53716005058227, 37.81237165797363], [127.53589930568616, 37.80922590566791], [127.5296763897015, 37.80454362466122], [127.52289235410865, 37.79578050312836], [127.5216560968519, 37.79333724875729], [127.52166994910455, 37.79103486087499], [127.52354955979403, 37.78804904490816], [127.52922299118636, 37.783161311776055], [127.5369392904045, 37.77528405712987], [127.54032924186517, 37.771077953771126], [127.54354335211762, 37.76535503689573], [127.54444273730581, 37.762295600038506], [127.54447687307149, 37.759938344063855], [127.54228733395304, 37.75548162583282], [127.53762126669481, 37.75133482292906], [127.52960798071383, 37.74646828755519], [127.51509220498933, 37.73885356187618], [127.50990464729156, 37.7348611749848], [127.50825079132484, 37.732287779989804], [127.50721204457169, 37.728879542891065], [127.50684031883293, 37.723806749510366], [127.50730672950328, 37.719672683308424], [127.51092708139214, 37.71769206258005], [127.51961823550928, 37.72253291538636], [127.52538466245736, 37.726900554136215], [127.52867001504295, 37.726326056284485], [127.53088387461688, 37.72505445122175], [127.5335212286163, 37.72221109971339], [127.53749495639192, 37.720129082474514], [127.5408031201987, 37.719090623597396], [127.54249379779274, 37.71953377242804], [127.54819497439996, 37.72342228044886], [127.55209321226285, 37.728261718899105], [127.5573494309758, 37.72898806510706], [127.55986059362328, 37.728512819109795], [127.55943805124552, 37.72581437620536]]]}}, {"type": "Feature", "properties": {"sgg": "41830", "name": "양평군", "sidonm": "경기도"}, "geometry": {"type": "Polygon", "coordinates": [[[127.50800565566843, 37.439810014472016], [127.49837795834289, 37.4332550138446], [127.49710280958506, 37.432885424937034], [127.4937393489564, 37.43280642416558], [127.48919242594651, 37.433806624215606], [127.48645432322961, 37.43283961547228], [127.48474136706407, 37.43182761107187], [127.48242634855787, 37.428972230141525], [127.48092958619752, 37.42535178639076], [127.47964582640391, 37.423660361473054], [127.47430891443433, 37.422333169106274], [127.47229709355042, 37.422609888668724], [127.47304499222788, 37.42298864051349], [127.47170709907554, 37.42496572646339], [127.47093061680917, 37.425373411658], [127.4652011039934, 37.42685463059605], [127.4637149526843, 37.42659841781029], [127.4601084232524, 37.42726314862863], [127.4554799733854, 37.42855271956717], [127.4499009468152, 37.43131884179368], [127.44259629373629, 37.4340838738701], [127.43422427455094, 37.435265948528695], [127.43288608659044, 37.436172206246766], [127.43046569367661, 37.436889654722265], [127.42862054174975, 37.43665532379814], [127.42286601516003, 37.43951357726756], [127.4202418546173, 37.437647114412144], [127.41462325250245, 37.4321684279035], [127.4097719787711, 37.43131305040429], [127.40737581328703, 37.43008532446441], [127.40258642186706, 37.42453471335298], [127.40158201863167, 37.42169445033965], [127.40063027855071, 37.42138038465177], [127.39884963439536, 37.42237268459017], [127.39488107417733, 37.426107662697916], [127.38929012950771, 37.428817982380856], [127.38448485678104, 37.43445600214215], [127.3839967703861, 37.43531070476888], [127.38436507618927, 37.43745859376666], [127.38230733408454, 37.443129593597604], [127.3724651224478, 37.444810659732084], [127.37263928721596, 37.44910244332545], [127.3721440548653, 37.45198770141574], [127.36771070907207, 37.45629393173002], [127.36798516634714, 37.45694717046778], [127.37448782599635, 37.45838293101866], [127.37799094777296, 37.458782067775914], [127.38209749945847, 37.458432456418876], [127.38521440641418, 37.459901377378536], [127.38698291497255, 37.46735968441734], [127.38653447715852, 37.469917963028834], [127.38868654073728, 37.4743210099048], [127.38881113189984, 37.47563487496604], [127.38046284585647, 37.49001342096494], [127.38356166368902, 37.502623639463174], [127.38072715734745, 37.504281460539204], [127.37155677268399, 37.52012009065535], [127.36549236972363, 37.52887908818646], [127.36145680720114, 37.531580760547136], [127.35705650293336, 37.53360695874479], [127.3490559008716, 37.53561379806066], [127.32596461754093, 37.53414097615865], [127.32286862927718, 37.53308966828616], [127.31735899636578, 37.529208848224435], [127.30710334111875, 37.5163751852271], [127.30561801276076, 37.520769094260075], [127.30477135947757, 37.525395063848926], [127.30889237456844, 37.540600992409296], [127.3116895223446, 37.54546831688114], [127.31710261523307, 37.55219081569394], [127.32132916844974, 37.5583524290559], [127.3345654222184, 37.57871570180392], [127.33991227865876, 37.587924364914336], [127.34146716704632, 37.59179326369411], [127.34390791437171, 37.605151154565284], [127.34635663214279, 37.6154027046161], [127.3479879585152, 37.619700719628526], [127.35215833163575, 37.62779237406179], [127.36597510234999, 37.640053656048636], [127.37112753436035, 37.64818839305886], [127.37327728972767, 37.647667942640446], [127.37835101248282, 37.651001493657624], [127.38005150208612, 37.651422359431166], [127.39942756477666, 37.650859103903414], [127.40124299042446, 37.65448628878262], [127.40812633026972, 37.6598830041634], [127.41210196811049, 37.66018685646324], [127.41644076109453, 37.66336723908333], [127.41887004916084, 37.66330133434303], [127.42217234845897, 37.663934498409716], [127.42509308304855, 37.665632033075696], [127.42706636640516, 37.668161535537386], [127.42808764381832, 37.67030059314301], [127.42814802810159, 37.67154458324564], [127.4298297781138, 37.66940931534569], [127.43505951651383, 37.66504080716862], [127.43985900965514, 37.66180640914264], [127.44138189484809, 37.659802744518544], [127.43777805892731, 37.6572253851803], [127.43477258428865, 37.65361163060052], [127.43723239959021, 37.65140129420963], [127.43807632692506, 37.64789326013578], [127.44190659083678, 37.646794442089636], [127.44391766707099, 37.648141797833816], [127.44485386114818, 37.64776592808462], [127.44862814179008, 37.64446645880193], [127.4522696586861, 37.63888866329892], [127.45410041647271, 37.6385085713164], [127.45558263327395, 37.636911503698535], [127.45659710182247, 37.63558689398322], [127.45641743114021, 37.63394413372101], [127.45826859016778, 37.629974254858], [127.46165809534362, 37.62664166499712], [127.46259673214912, 37.624926026209664], [127.46834873466344, 37.62466631851559], [127.46987619572315, 37.6236098882405], [127.47118177085015, 37.62113263423858], [127.4718457562194, 37.618284533828394], [127.47217137045072, 37.60928123640381], [127.47351302302211, 37.60791598633706], [127.47260169204584, 37.596410289515724], [127.47090725985504, 37.59494721956718], [127.47104150443387, 37.5938408427583], [127.4694065145392, 37.591055273630055], [127.47158982071497, 37.57989365960432], [127.47472931254487, 37.577246644222576], [127.47839524536568, 37.57685528269913], [127.48414448939984, 37.575263049888235], [127.4901169775612, 37.57497526731949], [127.49109530139141, 37.57377879602356], [127.49735435086808, 37.57184006113221], [127.49834028247736, 37.5718355723319], [127.50435722233964, 37.5749158858189], [127.51002762767001, 37.576468124479156], [127.51295755593819, 37.57811844528837], [127.52011647032046, 37.58566064976614], [127.52177884243913, 37.5864062247704], [127.52410794226162, 37.586646884098016], [127.53605710370488, 37.585840507577764], [127.5378814493448, 37.58460620398504], [127.55245019786594, 37.58607547376756], [127.55468511797615, 37.584214291173346], [127.55860226230836, 37.58381694254821], [127.56024678956815, 37.58307587787476], [127.56151645727091, 37.587060332283244], [127.56062094378785, 37.59054452565174], [127.55900465980147, 37.59230072879394], [127.5590812348083, 37.59423409112029], [127.56244249506376, 37.60000648265369], [127.562299055694, 37.604351307737566], [127.56615198301172, 37.60796016981228], [127.56956482382927, 37.60830999982899], [127.5703171076666, 37.61021113612223], [127.57075035804208, 37.61367221917326], [127.5687334694151, 37.614557698527214], [127.56758934062778, 37.61566251266713], [127.56646115089214, 37.618781819519974], [127.5651740354878, 37.620082732256755], [127.56287511098367, 37.62089969870063], [127.55980554637672, 37.62340587411293], [127.55988162171673, 37.627361665197284], [127.55898162627281, 37.628449266439425], [127.56457407294253, 37.63306713727276], [127.57192122758448, 37.63220253543877], [127.57507023733442, 37.633495900264684], [127.57951153060048, 37.63312665682728], [127.58202485989577, 37.63413422752691], [127.58366631616528, 37.63596131963353], [127.5832174788046, 37.6390290136434], [127.58401668766061, 37.64054046342278], [127.5856800944199, 37.64210655159536], [127.59067569798454, 37.64316624310076], [127.5985950778665, 37.646740450481964], [127.60104072769414, 37.648765604143584], [127.60234796111283, 37.651339426808214], [127.60721939494087, 37.651034674990285], [127.60863802252322, 37.6501463814845], [127.60935440867512, 37.64812883659893], [127.61294135333861, 37.645988428005154], [127.61540749379624, 37.64729511332586], [127.61613389117244, 37.647165654366866], [127.61812026515386, 37.6457030817162], [127.62014624320578, 37.64305626613251], [127.6234011680879, 37.64137979502349], [127.62522350692787, 37.64272746682099], [127.62756037618496, 37.64262323758837], [127.63379495608683, 37.63798718216779], [127.63936761004827, 37.63288198051058], [127.64687601772756, 37.632920398884764], [127.64709695713096, 37.63024779658595], [127.64944061892845, 37.62472535157129], [127.65241433607176, 37.622668890803986], [127.65601368418368, 37.62241814610976], [127.66197282313705, 37.62440878312135], [127.66367952344596, 37.624015906951016], [127.66439181362813, 37.623323644162035], [127.66462620756653, 37.62166740509712], [127.66589077135706, 37.61943059396508], [127.66756428669731, 37.617334628002254], [127.6808194260521, 37.60903203317791], [127.68330799184936, 37.608248454235124], [127.6859419814219, 37.60672531444589], [127.68720441179202, 37.604332728554375], [127.6919173946763, 37.60171401734082], [127.69652836990569, 37.60036758768218], [127.70024804465213, 37.59667009532592], [127.70035777390204, 37.59572699730565], [127.69843469798327, 37.593954272359646], [127.69793809885931, 37.5915782965698], [127.70079976819771, 37.58968030778159], [127.70624935291772, 37.58856546756645], [127.70812498323647, 37.58640159279938], [127.71369098864484, 37.588838846175086], [127.71598340010087, 37.5881433876508], [127.72103858420759, 37.590678097857776], [127.72311434203976, 37.59062627296918], [127.73947313456856, 37.5871632657897], [127.7456515565719, 37.58855122120564], [127.74782747393638, 37.59035939645212], [127.75349455431747, 37.59187544991768], [127.76458437143717, 37.585808161655585], [127.7662161735014, 37.58297809765812], [127.7670328887145, 37.58260190182553], [127.77560671849444, 37.580049199713706], [127.78290969729544, 37.57869055767418], [127.7859648676146, 37.57855329601983], [127.78839734049201, 37.579490899714614], [127.79118847893714, 37.58264629794963], [127.79275148958276, 37.58532938834978], [127.79335467528895, 37.585409856950726], [127.79640699504213, 37.58441033332735], [127.80037450836056, 37.58213287868321], [127.80426025087802, 37.578863742453834], [127.80487399207716, 37.57519501906113], [127.8064834033687, 37.574107761960136], [127.80972765865407, 37.573368647947596], [127.81033002409028, 37.57284517415493], [127.81067057585727, 37.5722433595875], [127.81007336701774, 37.570656279111276], [127.81045143075431, 37.56867091543703], [127.8129040883365, 37.56464099341878], [127.82685830607642, 37.56075103021859], [127.82874090658648, 37.561243481148935], [127.83710500863464, 37.56046041099831], [127.83995354851402, 37.559504067411176], [127.8435418457808, 37.55595448257879], [127.8461353468692, 37.55418976976122], [127.8494476999771, 37.55321122766271], [127.84910453982023, 37.54958656427852], [127.84635085225953, 37.54779130757552], [127.84613344064829, 37.54569199197202], [127.84677915458742, 37.54488743768757], [127.84667594437995, 37.54401927653019], [127.84239865804936, 37.5390232152675], [127.83238288613161, 37.53827173575581], [127.82861666753269, 37.53638726315624], [127.82493025563053, 37.537761963678676], [127.8219267424269, 37.53802340172316], [127.81510233056704, 37.53652699906072], [127.81278399726709, 37.53722835500089], [127.80950489899251, 37.53673678902226], [127.80638497550575, 37.535010032688085], [127.80651783086559, 37.531342199164726], [127.80507340397459, 37.53024459260954], [127.79653277746905, 37.52850969367885], [127.79624476653726, 37.5253541325329], [127.79674719964444, 37.52357133359004], [127.79014418001393, 37.519056817027504], [127.78684775992556, 37.51464948002387], [127.78398733639956, 37.512187649666004], [127.78113984970204, 37.51299778401399], [127.77858470588703, 37.50959139717655], [127.77394366986321, 37.50609486975266], [127.76486161799333, 37.5027189477118], [127.75936248977963, 37.50365679332941], [127.76002774804391, 37.502706873499385], [127.76007373087434, 37.49973268460611], [127.75922859610131, 37.496558830291555], [127.75974078223524, 37.492952821945366], [127.76033484886128, 37.49234161718804], [127.76433695806489, 37.49251214078332], [127.7654059049668, 37.493087889774934], [127.77447646288414, 37.49164675779633], [127.77504749585745, 37.489843632814065], [127.77626788355457, 37.488431034231596], [127.77800618035103, 37.487932142011694], [127.78059799790965, 37.48817565523022], [127.7820463913947, 37.481646120965905], [127.78792600336809, 37.475976269982205], [127.79491176675903, 37.472724972053875], [127.79947800686314, 37.47234199127402], [127.80068564100479, 37.469984354230036], [127.80054877268113, 37.46811475831743], [127.79914023029646, 37.46563558860248], [127.79767078113241, 37.46504351978496], [127.79634616728974, 37.46360932602025], [127.79629599442039, 37.4628202878329], [127.79749709683483, 37.45635120569085], [127.79955354285963, 37.45167887521635], [127.79959196702237, 37.44620003431671], [127.79893306651832, 37.444842294326676], [127.79861757734186, 37.44238170341164], [127.80179958513581, 37.43533319540742], [127.80304832774766, 37.43432412373916], [127.80396357804712, 37.42904417616968], [127.80195875029773, 37.42718356499291], [127.79888816447324, 37.42715220476709], [127.79748800548974, 37.42664338178959], [127.7946084606242, 37.424248778814025], [127.7924825602667, 37.41824318940639], [127.79180451515585, 37.41385107585679], [127.7901103986783, 37.409996914023054], [127.78942199819784, 37.406907037275715], [127.78790385716543, 37.40541412273971], [127.78786950407874, 37.40132938466211], [127.78743840281383, 37.40060084931959], [127.78369402383233, 37.398612344419824], [127.78442073251107, 37.395774444259], [127.78238281716067, 37.39207912582845], [127.7831441595876, 37.390268714375644], [127.78094569949042, 37.386787936940095], [127.78037136227121, 37.38683339197524], [127.77658544630286, 37.383243234457034], [127.77584688488929, 37.37841945178207], [127.77717305084906, 37.37671647880061], [127.77779778784806, 37.37119533935394], [127.76988951005269, 37.36947896352226], [127.76316393267939, 37.36989511879684], [127.76169602122982, 37.36915817899817], [127.75948478241624, 37.36704394037488], [127.75447387125408, 37.36806375613471], [127.75240983340393, 37.36923169493236], [127.74577908844967, 37.36889564294149], [127.73866615946821, 37.37139697619152], [127.73204698626715, 37.375666861898445], [127.72827683818855, 37.37479422295075], [127.7275428642186, 37.37344359014137], [127.72391416033472, 37.37119139233791], [127.72292565790583, 37.37157747477113], [127.71828293171062, 37.37108244878391], [127.71646857536756, 37.369977116186895], [127.7110220459548, 37.37172888515605], [127.70892416787382, 37.37096868597995], [127.70797243403752, 37.37010823375292], [127.70729204502484, 37.37015355096764], [127.70131068458223, 37.37387749334643], [127.70145501552571, 37.37615325646863], [127.7029402292307, 37.38058785999224], [127.70599990131612, 37.38320457652621], [127.7037127689697, 37.38587649179986], [127.70335919128448, 37.38802918249617], [127.70401274593463, 37.39080770275256], [127.70460352610515, 37.392551973367006], [127.71436222516932, 37.398487180282565], [127.71569809364686, 37.40163845515306], [127.71359237427559, 37.40539652445256], [127.71040326260132, 37.4065841988576], [127.70779348223007, 37.41066865875525], [127.70548210974033, 37.40996173589718], [127.70227987728686, 37.408076615252426], [127.69869948835942, 37.4074074497726], [127.69749368307359, 37.40561943392518], [127.69491455458852, 37.403410826166855], [127.68639237563204, 37.39943595910651], [127.68615688520416, 37.401660703094606], [127.68747392196309, 37.41122993609722], [127.68514865234155, 37.41255862282227], [127.67628059707262, 37.41279864927201], [127.66844106349588, 37.411891798352315], [127.66523083453973, 37.41434131882307], [127.66017823756873, 37.41574991618122], [127.65847257937504, 37.41748967145841], [127.65412816627783, 37.41269439674548], [127.65276375117811, 37.41030638556766], [127.65306852816786, 37.409109409923545], [127.65213238374841, 37.40763892450438], [127.64602358900797, 37.40462494071704], [127.64292532539125, 37.4060179790412], [127.64144123532982, 37.40857089570526], [127.63538231574202, 37.413474507188134], [127.62656980741154, 37.41330850097325], [127.62230434100177, 37.40967705024503], [127.62025516453663, 37.409005370689705], [127.61694283398764, 37.41485176512949], [127.61446499750464, 37.41474614628245], [127.61114163374329, 37.415521123145574], [127.60897579203872, 37.41724590004155], [127.60011535688146, 37.4206293986055], [127.5942852360469, 37.42067475415972], [127.59353895259765, 37.419804389971105], [127.5905575691387, 37.42279476271501], [127.59035332496839, 37.42212003006975], [127.58748216359737, 37.419850715849286], [127.58850761597166, 37.417321584938236], [127.58649011668277, 37.414634714508345], [127.58556358054258, 37.41412047565834], [127.58418937565624, 37.414240809372444], [127.583202797767, 37.41696488571858], [127.58186493989487, 37.4168734058013], [127.57174838394162, 37.41164192619044], [127.5711635946555, 37.41291379766456], [127.56629304030399, 37.41381624206114], [127.56361867870399, 37.415039080765794], [127.5624973863844, 37.41624527381474], [127.56003963264287, 37.41752675933841], [127.55613399886204, 37.41775940341801], [127.5541559632478, 37.41728372182941], [127.55145498143463, 37.41412671994016], [127.55102966358376, 37.41184641317881], [127.54969817856635, 37.410507304100726], [127.54737208493401, 37.409866025506155], [127.5439523341822, 37.41002064400494], [127.54240714063987, 37.411032944606404], [127.54016793323541, 37.411661312507675], [127.53695642392431, 37.411310828932244], [127.53540322687772, 37.41710153605923], [127.53151798258143, 37.42426521670097], [127.52788988543455, 37.42987164180823], [127.52286377175221, 37.434735579433884], [127.5164319165346, 37.43765147453072], [127.51036953568914, 37.438714676967344], [127.50800565566843, 37.439810014472016]]]}}]}